0000000000000000	0
8000000000000000	0
3fb999999999999a	0.1
3fd5555555555555	0.3333333333333333
3eb0c6f7a0b5ed8d	0.000001
3e7ad7f29abcaf48	1e-7
4415af1d78b58c40	100000000000000000000
444b1ae4d6e2ef50	1e+21
0000000000000001	5e-324
7fefffffffffffff	1.7976931348623157e+308
4340000000000000	9007199254740992
43abc16d674ec801	1000000000000000100
3fdfffffffffffff	0.49999999999999994
bfdfffffffffffff	-0.49999999999999994
87985aa5155b24a3	-4.501898332632966e-272
4820f4c481b3ac98	2.8849349112784514e+39
703a078829a8e24d	4.0411147699748494e+232
89ca4f1dc5186e29	-1.6710094656727838e-261
d37862a73ab14b11	-1.2716509236290659e+94
69bf3df84e0f25f8	2.3914258705772296e+201
fcbe64a03565ea15	-7.582464177033733e+292
8cc6cec6f6daad69	-4.0775144333856304e-247
cd8c4692ee9aa39d	-3.7222207589614215e+65
e7c283c940c4fa94	-6.599424079819678e+191
2d54bebfeae37c3e	2.5459928261174917e-90
29fb2f0ccf4ba921	1.85195972417174e-106
f79556d6f4b8b651	-1.100917176439623e+268
ac2e0a68c104a7f9	-7.032032595153672e-96
ea8e0d844ced9b7b	-1.8844820523026246e+205
0fd213faf803d0ac	1.8194280955322446e-232
c0d42547cbe00859	-20629.121818550255
9782e8ac9876b107	-2.0236654224692012e-195
8498b3accf42219a	-1.6222348069322538e-286
e555a0627a60d10e	-1.4021798354689137e+180
686504eed7ecb2d2	7.671933499659723e+194
776c93294431f40d	1.8427656434338242e+267
2cbd43f51cb79314	3.5074920135027427e-93
3479ebbe28cbc819	6.607092621851859e-56
68d0df5d14539ec0	7.882735956690855e+196
96fe0da5be1a4600	-6.281960148141264e-198
2d9d90cd6f0b9eef	5.8056185583487844e-89
86186004c90c0408	-2.6856533645183204e-279
7829390ebe1207ca	6.662555099284244e+270
238c2f5f6a9411ec	1.8934367188643908e-137
fd9552b8af8d5279	-8.715789012754763e+296
bd8c63980e101787	-3.2274600612423927e-12
90fecf176a9d78b9	-8.128308723415527e-227
74cd75fc94218065	4.319884612054221e+254
21833c13862e9d73	3.0085479284557403e-147
e59a21d395a23163	-2.7108925022525707e+181
a2492c247e701782	-1.6127136088614106e-143
ec8d5182911b695c	-7.896000550131292e+214
7a227fc48e864009	2.0987292506852287e+280
966f2a0a16e4203d	-1.2722987863177267e-200
ce9ae0ccc2e6182d	-4.637649923855383e+70
3d94a35c961183c3	4.692567814201635e-12
6b5fae174d3d2a79	1.6273567562615926e+209
e63db6404e46597a	-3.1562257751894084e+184
2842220eec7955ef	9.204120281394701e-115
1e5e072d09c2c670	2.0857833932687757e-162
70913036846cb4dd	1.7078525568719255e+234
4c14a966fe38baba	3.2423941856225144e+58
c49e4fada016ca18	-3.578519957318362e+22
53eb20f2c95a1a08	1.8108300433665365e+96
c970bfa50e0a6c07	-5.976104560692866e+45
32df1582dd888b15	1.1806419784245093e-63
51a3e1609c710347	1.931049830220739e+85
3f2e142b48ca553e	0.0002294829213453173
4fdf150802b63557	5.6235429526084206e+76
478a5c798caa351b	4.380010564696808e+36
8b2f33ffc74c4fb7	-8.312501278873814e-255
99eb95aa808aa0a5	-8.114838233799654e-184
475337aa156a8859	3.991305930238609e+35
c850c749c7886db5	-2.2837669306301523e+40
8debbdeab08698e1	-1.300136954544606e-241
10cbacacce9dde63	9.126689167559171e-228
df611dab66547be1	-2.801350759180243e+151
cc2dc1d5f6fc201e	-9.339439515565213e+58
2d04f541c63d1e77	8.03788688362713e-92
db8a5d4e94597ebf	-9.35679941986563e+132
ca56ac78e4edd114	-1.3255071386324566e+50
8720b013b57188c2	-2.409977922137563e-274
0958d436681da6f9	1.232032747493725e-263
449ffb98c6786bae	3.7758625587550782e+22
aab40b2851f2c6c0	-5.593155217817151e-103
2c7288f5d0eede23	1.3883980039203536e-94
6e7dcd762dbfb57f	1.7236564925027896e+224
b9172617e768f75d	-1.1145742855211536e-33
c9e6581c5e5ef4ae	-1.020501870338893e+48
99a5edaba6036bc3	-4.0318060096210087e-185
a416a1be740a6c6e	-7.784330821951083e-135
0971a50d87d36745	3.502184368507292e-263
8c4de9d81fa8dd03	-2.0890083028771832e-249
851f5fe7b2929a56	-5.2747599901454996e-284
dadd7dfad922ee2b	-5.1107422833701706e+129
181e4758ce50cb62	1.6591283787812938e-192
30a0ff7cc6a273bb	1.8790089351461426e-74
927fadf19ff67c31	-1.402235816461002e-219
5e7ef5299ba93dc4	1.5462727902232658e+147
3e2d9a4c21efc33e	3.4462106636196984e-9
e88590ba08cd4393	-3.148498465036792e+195
b7510a4c5500e940	-3.0564408647112764e-42
4d3167d458b13111	7.160241907467015e+63
acf6e5587be673b6	-4.390547726739363e-92
078dc6be54117b73	2.7521067282420713e-272
149bff4c053b1455	2.1290137178019452e-209
9181762d57d5b86f	-2.358728774947041e-224
fbdd286384fd866b	-4.4398689119036694e+288
b22f7213d1cab885	-5.831913413960399e-67
5d9126e850cf538e	5.22892344277058e+142
ed6714f1f0df52ad	-1.0184901972581572e+219
4bd502e89a8692ac	2.0607883640732762e+57
52b5ee65005e02f9	2.792168861549422e+90
c0291dd991dbce10	-12.55830055053869
eb2ef99cb7b111d2	-1.9889277316280888e+208
24e879f751070f9c	6.896678309158882e-131
ae6e2b260a510ac3	-4.852948262251149e-85
4a2697a78295420e	1.6509414613754732e+49
70467be4586e2b59	6.981348771477626e+232
3dadfebbcd212f46	1.364017094612485e-11
f1faff626ccbe549	-1.125127231799174e+241
1c3b62787eff1202	1.1072092618277994e-172
0b5c97fdadcc1eac	6.093884885730286e-254
ed28bda0a904dd2e	-6.823063923807789e+217
66818bbea93a68e5	5.96434075308154e+185
60f1e436d2964bad	9.825701057917669e+158
679f2ddcc6b9750e	1.3891896534466326e+191
eb00e14212338016	-2.709675409825318e+207
241f50ce0ed80e6d	1.0771180438158761e-134
eda095071f015a67	-1.1707048642478383e+220
bdf9a861964c4f7b	-3.733692437672754e-10
ebc735eaa23419b7	-1.526137133938557e+211
015fcff6ec8f0766	4.6389561903002437e-302
801bebb750c3d521	-3.882860397709683e-308
669be25240e4487a	1.8957168243904535e+186
f486fd6f4e4a17ba	-2.1069050177757206e+253
9b176d64a1c11119	-3.6133091885169404e-178
ffac6de8303bc8e0	-9.981875171563947e+306
6dda6213129a493f	1.4901250526179694e+221
2c0d18c16dba962b	1.7027667418691553e-96
d082db14f7e3c264	-6.986723737358239e+79
7a4fb3d30a872ce9	1.4386615846629783e+281
0c5517e47b91d6b0	2.9461085772386627e-249
69b93473a9d90ee8	1.929309600030648e+201
888d17aa65701056	-1.7621954164249785e-267
88269e8b250dbd70	-2.1407859959884792e-269
c6dd70017371e98f	-2.3882555270276437e+33
8645fb4f1cacfcf9	-1.9375584820878496e-278
e54031608ee45a16	-5.249422347651113e+179
b17580652e5d3bf9	-1.9471108126872277e-70
ad69b268ffbb00ba	-6.307427790997299e-90
6a2de2ec18713354	2.9282011962233944e+203
fd6e277909a26c99	-1.5406834989103966e+296
c21cbea1ecde3ce5	-30864341815.559467
4313a1c4d24c7071	1381472817847324.2
d40db45032772773	-7.93101296967294e+96
05bcabdf8827743c	4.9359715612182084e-281
b2b82aec4b5bd2de	-2.294857293772305e-64
1101419e1f613de7	9.105450430706599e-227
2365f0a933635c31	3.684768782775462e-138
444f582346269f46	1.156400126632427e+21
2c0ca181bfa76e7f	1.675506778351975e-96
1f7c4e2b4195cb97	5.1540753527049313e-157
e40dab647d417954	-9.172712330746225e+173
1f11dc41b7a42fad	5.081511801738036e-159
78634625045a20b6	8.145880021171503e+271
49d4d290a351d133	4.755022866084876e+47
b7884c887d3b6304	-3.486729426253784e-41
3a269e89d70e8432	1.4274779355388713e-28
f6903936c766bc4d	-1.2771460648712976e+263
0d0d937a533315ab	8.460075543201233e-246
014bc068519965ab	2.0234024188852451e-302
d8ab5c9dd42c0521	-1.3799797173732277e+119
c589e3c5c7d6d89d	-1.00156067489583e+27
846ba91fd84e06db	-2.270682474294744e-287
0a3838b1a8eddae6	1.9691739396624612e-259
659374fe6a9a9e78	2.018428845732969e+181
13e5d892b60e51c9	8.11156733409857e-213
fadeb592a1f09724	-7.135187778504148e+283
d19d9b6e3cfd28d6	-1.437922273691288e+85
a5132085e17fe084	-4.3115131285564705e-130
b082a853549fe877	-5.156144022315778e-75
9bbacb5f98f80cd7	-4.2318183132121335e-175
b536aca674e9c217	-2.367319376575831e-52
d9cb8c02a1389cc7	-3.6420105333064994e+124
e6a49777fd03e712	-2.7998773068812947e+186
bddd1ba2cb83ca36	-1.0589411541970817e-10
ea6f39d4a7e250be	-4.895105467416317e+204
53492ec4a4a3240c	1.641537328311586e+93
c47a47bd1d399e9b	-7.756554655952813e+21
f3b7d42e2f700657	-2.6657483014791475e+249
d8e4c0ca5f49b634	-1.6746768388034605e+120
586f5c93cc51c8cd	9.885689186180075e+117
5c4a5f49e3cde798	3.833670325647734e+136
b8e7c8e77e9a0b5a	-1.4314945157187959e-34
c1dbc0e2813c5c21	-1862502916.943123
5db756dd5af9000b	2.8460731689421564e+143
25f3f3972ba6f4b7	7.368480307134229e-126
533dabcf2ec3254d	9.670585517698553e+92
073eaf7888e90410	8.86290736155304e-274
a50154857da7daed	-1.953235038390382e-130
59bd0b90e1218917	1.920048922974557e+124
d06323d6372e829a	-1.773007305064996e+79
08cb95a4359a3bfb	2.6733729110269672e-266
2e4933a90fbee157	1.013497724570348e-85
a1197b3d41ad1c42	-3.1137626397868126e-149
a68087507b3150c5	-3.125410815484018e-123
7412d271e5c04ebf	1.3476072350636724e+251
6eecce34126c8181	2.13246498337306e+226
c9c0f54f3a46a19b	-1.9362887321534478e+47
20c36281defffdc8	7.40241407825819e-151
099b400b52d80806	2.1634808231928714e-262
28c4dcaad9696542	2.7108606365469753e-112
4deaabe20a4a1289	2.2470625086345907e+67
4b79c604049684d8	3.9497771996722827e+55
55b0351e31684e77	5.808103183700846e+104
2c70f6a466299136	1.270677826820762e-94
d5e01d111e089030	-4.619548410474845e+105
8ddc50d7ff10d5b4	-6.6351732512961075e-242
5162cb870a57de4e	1.1410162111082555e+84
c252b6a1045d40a2	-321493668213.0099
25638646e0c6fef3	1.4083552075753597e-128
dc08ae9ff2be6432	-2.2424908141021218e+135
f93f5eee4eb0647f	-1.0861303982500388e+276
05cb0960f8005973	9.309078793577045e-281
96e65c64f034a8f1	-2.3370200624272637e-198
c07df6e4aa887f34	-479.4308266956243
08bb1de30bee4460	1.3140183158579468e-266
af269ff1e7c8b23d	-1.4907185074541526e-81
c06235ba5c73ecd0	-145.67899916307078
1cd678a4ab90b9e5	9.30357644449114e-170
2924b1d35ccf45dc	1.7210333856830845e-110
3ae7632606fac487	6.045475097743653e-25
932b7df26e3d34b8	-2.4921785435629742e-216
dde04d4d5d796a49	-1.5903320454666918e+144
763e387197385dc9	3.7172148080386763e+261
0ca742a97ab00ad0	1.0396106717746707e-247
06acd385075b808b	1.6261556832346396e-276
9e11beee90496b08	-7.704041751788674e-164
182e861cd5412f2a	3.3451259989185446e-192
e426f8785e15586c	-2.840662210653687e+174
560cfee0f3c3db08	3.3250707167914454e+106
9cf17479fdbfa586	-2.8906929364330974e-169
28e34121582f6902	1.0007876710197259e-111
14e10325a4329587	4.139766650728997e-208
26c3d606dc6438e7	6.001320047194058e-122
34665e3b0b897c8b	2.8507536629675396e-56
a719de67067b71ad	-2.5044787262036827e-120
619254ca4a6b28af	1.0308817654711073e+162
c0a53d1087e6dcf3	-2718.5322868485177
d36acb2fcbe2ab28	-6.9862050430309785e+93
4e7b690b48190c66	1.1823695866121106e+70
5b2aed2cd762a30b	1.4931638958288836e+131
e373d3cab85136af	-1.1972404882690986e+171
4e17a44de9557942	1.5934551002348193e+68
89de55fc2f5f7dcc	-3.853544334664447e-261
dc352a5f56a02ae0	-1.5383917555776355e+136
2c7c60deac99ed4d	2.1257355788603552e-94
b730bf75bb17ac5a	-7.51001369272819e-43
9d05a9942ed08c6f	-7.174957942968839e-169
d4f30be1046155e6	-1.6663702840372446e+101
f56dd388ac8274c6	-4.478429618607967e+257
a1427cab343a13c0	-1.8072502385800123e-148
be0734c14b78294e	-6.753856562024059e-10
846802a603ac97b8	-1.9710269489435465e-287
ba203db50f4eacbe	-1.0249539739283884e-28
81f93b9277ee3237	-3.7678022948037936e-299
84b9d6837354df57	-6.787378498868196e-286
ff772a085cf2c573	-1.0166529671930525e+306
8fc84cfd4ca25516	-1.2228490767019214e-232
c61254d61d9280d2	-3.630906289645709e+29
fc9424d679d5c2f1	-1.2563750908320292e+292
f0fbc4b485cd10c2	-1.765822941446867e+236
dd7d26284ebb4474	-2.2215823369954972e+142
e08f3aaefc85d123	-1.3398897671782218e+157
9293dc13cb28dbfb	-3.516214387858894e-219
daada9d09d645d7b	-6.425518933246747e+128
cfadf5de53d7a7f5	-6.775742293930613e+75
4203d84118777c44	10654065422.935677
080f70db249819f1	7.43923181175043e-270
d3636e626b415795	-5.0665000414525995e+93
77c93ecc52024e44	1.041949739376473e+269
6292b781b8333bb0	6.898104212928613e+166
37efd652699be8c0	2.9237846005263647e-39
84ffb2a127ded574	-1.332271818867163e-284
5375524cdea97492	1.1118754024823732e+94
f752dd6f33120910	-6.082925242773952e+266
34363108b0fe4863	3.535316106927453e-57
47b087dabe36639f	2.1973044643937955e+37
3af2ed1d8d7ea815	9.784632709443452e-25
57f8a14b39edf4c3	6.06545965462777e+115
69cf3859564fb85b	4.779490356206147e+201
89d597d95efbe38e	-2.7429632345818076e-261
73cc6bab2997ea17	6.358861513545885e+249
4e796fdd13dd3d9c	1.0972468433621453e+70
39b212cb0682a8fe	8.91087931631914e-31
2035673016b70a79	1.5963144488367049e-153
08f26125de0a8a8e	1.4250074962434023e-265
643aa9431348e88a	6.594120288427941e+174
c56c5b668e1730a6	-2.7425240084601632e+26
687b50474c059ebe	1.9938659659530636e+195
05960bb758f1b127	9.488318809210306e-282
b479afedb10daacf	-6.5475365464038525e-56
8edd5445aee92b8f	-4.504052758586827e-237
f8894623d9e48ea5	-4.272674500848664e+272
4e315d1dd7cb3554	4.68125413142016e+68
9d5c5164f96b815c	-3.001402113518117e-167
a148fa7c7ee38a9f	-2.4418435947366916e-148
f9bdc5a76029a143	-2.6387926395127525e+278
d43c8323cf40e0ef	-6.0901828748388485e+97
b8f04161ab5b18ef	-1.956672187789086e-34
c095054c67aa1f12	-1345.3246141988243
ad41ebf697d31ec9	-1.099743185059929e-90
7542dd4cf3820d19	7.081260831165376e+256
f60ff5291df0fefc	-4.9136160785718254e+260
47c0828ba5a8e123	4.389095780803112e+37
88176145e3c1981a	-1.1063891117477035e-269
c894bf1bb189e4a0	-4.518191154265845e+41
2ea9e7ee58d1f644	6.667626361744676e-84
a531ec488faca294	-1.6160401502634297e-129
643bc20b932f2af6	6.865394593023029e+174
b84be80e6c031fcb	-1.640194895409302e-37
f0b57ef6b219b923	-8.543450635812378e+234
228eec1d1eab40fb	3.1697435033724546e-142
a0376f81f52a4522	-1.7479051660959414e-153
0c452745bd17b173	1.4772498233491124e-249
2c07690fe5fbda1c	1.369998883785669e-96
49babd40dc44fb69	1.5265425102405537e+47
2616a55da512fc63	3.3454346544773715e-125
a942c4accb30b4a7	-6.243320645051275e-110
692374d5f0833629	2.908770190434207e+198
5e8dfc4ac19d55c8	2.9954316844153927e+147
0fa86b1a5bae659f	3.0719210928904994e-233
74a40c31516882a0	7.349018607490569e+253
66a8e5fe38f40655	3.385469878277176e+186
bfe1b30ab9964e8a	-0.5531056999920605
78a1e389deccddc1	1.2096725871066555e+273
ebef301bb0668b4d	-8.202635542268091e+211
40ec628a5b15de54	58132.323618826136
fb3ae95b642a9033	-4.0017931028614776e+285
f3b18f858a689a05	-1.9645204529260517e+249
bc26a4b17ea6adc9	-6.137487803858218e-19
c8e4d0860c73067c	-1.4505621057173988e+43
fb2ab4621972f491	-1.9855112133701533e+285
bbfe1b416a56e64a	-1.0200467759145864e-19
65605da5b44d932f	2.122193191732242e+180
c326775bb46f261d	-3161842620273422.5
4539672b525a4b65	3.071034838223483e+25
7dea393e63716f58	3.4300319728467034e+298
9dd34ab564378e17	-5.234507400453284e-165
2b51b94d937af951	5.064531401924382e-100
4647505925c8e99f	3.694228622890952e+30
2799a9a24711fe74	6.360377778208804e-118
6337017be01c3e17	8.682301131414659e+169
9c0352f83dd91316	-9.766338999885241e-174
e8c045abeedfe7b1	-3.8011258739927996e+196
57101a05de42958d	2.420186590265027e+111
129d0d74d549494d	5.1438421351984643e-219
707278ddd2512a49	4.588531739045378e+233
141649657a6a78f8	6.620166611834749e-212
9bd92a026dbf9c8e	-1.5897320073434407e-174
5bec60b9289e43c4	6.445656980363513e+134
fc30c55777d0b45a	-1.6343735449894262e+290
4a235a170d54fe47	1.4141427178591148e+49
c116b629eda025c0	-372106.4820562266
ca1278cc247cf369	-6.749165223759117e+48
f8204241fd6b54d5	-4.2947226928062105e+270
69c65a8df062d306	3.422134580780955e+201
ea4a86e7e8514e2c	-1.0396204850649951e+204
f301722675fe4c04	-9.529713358708598e+245
33acd55b89fbdad8	8.971543155410373e-60
a6b4d288a05c53ba	-3.149869033276837e-122
6f4bd34fb165021e	1.3183438386004787e+228
35ff9b2d15d15460	1.3516131238169994e-48
d4f4320e040eb1d4	-1.7669071871589247e+101
94bf410eef495761	-9.506715330737555e-209
7107a3d32acdaccd	3.0065816336084868e+236
75dc2f87f5ba45b1	5.4170721111383076e+259
1c8b5dd791014faf	3.5407303421989594e-171
a66a89751fce0837	-1.2544769598233799e-123
07d86d3345bf098c	7.224474868489987e-271
3555a2aba110c74b	9.03537772006446e-52
86c68d57bae49ac1	-5.088870001892642e-276
1e296dff414412b4	2.2079701217795892e-163
a14c949d483a8332	-2.7939739171828198e-148
13c52c9c7c880157	1.9655377158051116e-213
e8f93fc62f329086	-4.718493721619534e+197
d96facf7b2da0b6f	-6.5435564144692854e+122
8545c43485a80075	-2.927529108710222e-283
317ab666917ef21d	2.418998506546148e-70
a893c5e3d5d67374	-3.211695590082377e-113
6ca72ba8b39f8761	2.496106593073366e+215
2d035dd891b7ae04	7.427529684548001e-92
ea949bdf4407a228	-2.5845881935650146e+205
b81dbb29e06b0e35	-2.1842968242625357e-38
b4103283fa417fc3	-6.450957384706458e-58
6297d6ff914721bb	8.786196251918766e+166
db7f1b633a7f8a2a	-5.5199608731399497e+132
ac6f5957aff6c455	-1.1741267610980742e-94
98f7a28bf8786fd8	-2.121863192866855e-188
45e1b63917f35aea	4.385231426266361e+28
e96ab31d5e20dfb9	-6.386648066742625e+199
ff2c7712480ff155	-3.904079869613999e+304
728442a7a0cb262f	4.323086130815972e+243
45da21283e1b1b37	3.234677939085167e+28
f2c764a9d41b3b80	-7.98649878728519e+244
de0724956826a23f	-9.030791175985426e+144
30429def1c16ce10	3.2155788702750204e-76
7f4133ba7ffdbb01	9.43726601611769e+304
db2216afa700f0d4	-1.0030752444511525e+131
9a5fa779b8a6b401	-1.1919388745540153e-181
aaf2c152a9c7fffe	-8.373796905185599e-102
913a88a2c5fbbe15	-1.1200608752942787e-225
f511a629fb483ea3	-8.281296922380258e+255
6f183d4d7e848bb5	1.4355547321150568e+227
11b9d5cc4b0849cc	2.7918635485274733e-223
040cf254d281d197	3.712887900741435e-289
fedbfc0eaa15e8c3	-1.1994295376399527e+303
f6bdebe533ecaea5	-9.421912973062324e+263
6133ea9990785189	1.7500428196793756e+160
d36ea90dcfae4f6a	-7.994402638383057e+93
ce22852b4e72e768	-2.4965169501852597e+68
41622ac78363d39a	9524796.10593586
db0d0d522e497021	-4.0275848816842437e+130
09e750e79c83e25a	5.923637175259248e-261
f9d295fec6cd0948	-6.58931149544754e+278
9b636dfa2d568414	-9.589509274970331e-177
475b253e5c626cc0	5.637896202938421e+35
2eb6e39daa62651f	1.1782308671941295e-83
3eff399fe05a1a59	0.00002977857186306008
c13c11f123401e70	-1839601.1376971267
314fc8d7c2fcd35d	3.5978826798800286e-71
4a7cbdd665047595	6.720932201645084e+50
9d62a98ec232b947	-3.9560191591553506e-167
36586a8a5a2fd6ce	6.68248956136309e-47
be3e9015ebbcc76b	-7.115964425172509e-9
196246a36777c178	2.100159111410504e-186
7449545486bc9d95	1.4508133517737346e+252
b4c8d552623a8e03	-2.0255595908259848e-54
4ca4083e79d6730f	1.6095254802186015e+61
414ed254fb87e516	4039849.965084682
e381f60475620c24	-2.1690931196401224e+171
a8345cb757f701a6	-5.167800974402279e-115
4fb0d2a7e96712f5	7.609202345098175e+75
6c0f5a496f8104aa	3.2983874731353966e+212
ad98072002f6625e	-4.718194963068176e-89
190565000102c592	3.841452748264156e-188
6fa5800a2b3154d8	6.519410132199524e+229
34e0d5ade4f93267	5.492572154198758e-54
9403d49d3c907975	-2.945284561523024e-212
4466d5ea45a08a67	3.3699406308164654e+21
c9644231656a16a0	-3.6142489878476616e+45
d07eaa9fa0844929	-5.6815006366524384e+79
1d8ec2d97f658653	2.6082829907017196e-166
3a5fb1044395b05b	1.6000104158828037e-27
464bf8141065f2b0	4.4318738525513907e+30
68471089c098c1e2	2.1046175338374767e+194
cc395bb00eaa2af7	-1.591757198298397e+59
35690ead83283a93	2.092886279761955e-51
0b390d6e780fdca4	1.3347937777202999e-254
f0f8b04938cd8511	-1.5699773438736901e+236
8593c5e658c01551	-8.510158430048074e-282
172914e4830449fe	4.194191838087571e-197
4d4a1083e41492ee	2.1444637048275288e+64
bf64508a9bd44c30	-0.002479811401494135
581ae6399f654eb7	2.649717613323406e+116
e0c5082e79ddf10e	-1.4438014408536677e+158
38760cf0c4e67084	1.0368118240184689e-36
54284a1ff01b11ea	2.5941081776759583e+97
d6e507d9b5dd8616	-3.951313124118997e+110
a6f7d7b9dc1bee99	-5.770810550673253e-121
98db51ddaef19d0d	-6.131688310565297e-189
375e07050065479a	5.3859043364173874e-42
ba5c29f1d320de40	-1.4219108614225994e-27
d5fffcb467445980	-1.8340608298704957e+106
62f1d8fa643835ad	4.20975381787575e+168
3339398b9502226f	6.131805832086749e-62
f8baf3c87eb7b589	-3.645117721895172e+273
88dce0ca8c70ffa8	-5.5974769904004597e-266
e3337b2a0699dd21	-7.352097718133955e+169
9a81945fa94e2b1a	-5.295673791473029e-181
e986fc8cf4fb9767	-2.1993810111566668e+200
44f1b9ec0a4c014a	1.339358181646902e+24
c6c58b7882fca50d	-8.739612256415679e+32
ddfcca43d2258b39	-5.617215294459138e+144
0b11c9987678c1a9	2.3692897469313306e-255
a7f7076fa44258a2	-3.65289890814976e-116
059b8e29ff8c14c6	1.1859589516725545e-281
df89a3cc95fa90b4	-1.6785842604608747e+152
3a621b02594e97e3	1.8281887668345914e-27
fde4f57a0a3b1f3f	-2.7414104870081503e+298
5245b1f16b079a4c	2.1578944743647078e+88
91849b0b5e5ab559	-2.783424168039982e-224
16c3b5016c170330	5.1491383195387015e-199
0259e408e5c797e4	2.474281480039363e-297
f0589359a44b8a40	-1.5261617114621273e+233
757ff8e1c61027d0	9.601271690569016e+257
9fa2920571a8ca74	-2.705162844991491e-156
7429bee73d5a9cbd	3.6866454251968456e+251
b76c70bb161a8cc6	-1.020247689764642e-41
b7cf8fe7805ad33e	-7.24630879404064e-40
9d92ba20900d362b	-3.1757915543368164e-166
efc1e4afb9d9cda5	-2.170287645606341e+230
8dc89ff358e0ade8	-2.885136289110141e-242
e6ece386291fc7c8	-6.2848700923434355e+187
ed33485b033522a7	-1.0635633001032044e+218
4b53b3f79884e141	7.548688669766532e+54
9134a1f7a4422d32	-8.709615999585195e-226
dd67a5c0122994cf	-9.011405063450978e+141
36bcf677a63a0b8e	5.073184450008257e-45
0e3cbd4bab27a1a1	4.310044039360161e-240
bd666b2870693609	-6.371745314987458e-13
83af96fd5f71c6e5	-6.331128499940798e-291
9207f353e1d909c5	-8.282239117790086e-222
dcd8ff15a47def88	-1.8604409778335667e+139
28108a8e116b93ee	1.0495170096114851e-115
01da2ec5c4573444	9.774146472986e-300
792b004b3d6ff79a	4.6742106473639346e+275
b0061cd40008065a	-2.38710282485596e-77
18ab815b789a767b	7.716656389799906e-190
fcf4a7716b4cdcfc	-8.244446844242046e+293
eab7b635925219ad	-1.1894898742099362e+206
fd9df2de3b04749d	-1.2241475502387114e+297
0766449631688eec	5.145333517234163e-273
3616c8760c1780ba	3.897199064970824e-48
7c1769fab4244cae	5.704415094328512e+289
8b83dcb6f2b9f33c	-3.386415746483249e-253
571cbf33dfad568e	4.3208501890060275e+111
dae92a300a45e907	-8.721708242052444e+129
5bcf0415d2f2cfd3	1.7612186993280309e+134
ea15a0b79e6e9976	-1.059520772924709e+203
e54f8516a844b3e0	-1.0218142205344571e+180
f92d337cb711077d	-5.0550515054419433e+275
68237cc2f0dcdcff	4.4454937584860845e+193
0322229ea949e5e6	1.4197680132856504e-293
2b588c9c63a92ed9	7.014874036040153e-100
883791e03b7e3045	-4.461493802356229e-269
53ab313e841194f8	1.1344243904773053e+95
6757385f8bcf9651	6.466114487076621e+189
59b4d0b3b7f8fd22	1.376004015686901e+124
a3c1c88cc0d0b964	-1.9114666028122502e-136
287601dae1eb8a7c	8.936497709161072e-114
842c07ee9ee97546	-1.4381776093051749e-288
b87c41a6395ba9c2	-1.3286115473321009e-36
c01a3193432a4267	-6.548413323835667
67b25d54af01a058	3.2729404568088826e+191
fa57567d03873811	-2.1181500372353155e+281
7428203375e17ca4	3.45468022500907e+251
14cfe25ef80e959c	1.9396768271106624e-208
7d1d18821fabc704	4.645635344557483e+294
8e25e081748eeafb	-1.6404415100939618e-240
93ea1c73dce69c61	-9.695248751116525e-213
e23dc15418fae7bf	-1.7134852146978795e+165
c5a9929908a3e5e4	-3.957175548326645e+27
f7f4a28b171b9879	-6.813327019420995e+269
e685c4139ef6e910	-7.398854011760655e+185
394dd7baf4e01a87	1.14949885546021e-32
01a0aabf8a1f5844	7.777345440657115e-301
43eaf12fa42ce6c8	15531082372382867000
264aacf2094e7618	3.1525753681738386e-124
362fae1ebe6df2e8	1.0838221389888545e-47
062eacf0a5a86028	6.759683214222489e-279
9c0bab3ec4efee88	-1.3983787662423963e-173
1ee0b0f71734c588	5.936106737350592e-160
7f35cb0a0cc9ec20	5.977988584392393e+304
18f36446fb08511b	1.7409198923146552e-188
d442784ef235488b	-7.890316725446195e+97
3fa4a639c719a288	0.04033070140287004
9a53beac5d4f458f	-7.434910641091796e-182
0a21117029efab97	6.938081236056288e-260
4f399ef9e03691ca	4.526838918137456e+73
73f6d16d92bf9580	4.0842796832135374e+250
61fb156769a96d4c	9.747745844026695e+163
c41926ccf8da032c	-115991121231667200000
af44311305aef1a0	-5.321621534330709e-81
a8c911cdd4ee6215	-3.257602670449451e-112
0d35062313d72bbb	4.811032857347448e-245
22a62d8b05f0fe00	9.09353038513224e-142
5c2e90184b9736ce	1.1107138981193714e+136
049aad4977471fd0	1.7519412325494037e-286
0317e44e0c552ba1	9.352191705330293e-294
8d0ab9119f3674a5	-7.64394487176456e-246
65fd72f4bfd17385	1.9551884694076554e+183
a592f1f58e29a843	-1.0932512108196876e-127
df132fb3e6474ae1	-9.813184566291236e+149
ec76c0ecb90001f9	-3.0639895527115653e+214
9ed0d1a6186e2954	-2.990755801641679e-160
75dc3936adaa892b	5.42434125993784e+259
6d7d7aec8633e47c	2.60163800088057e+219
ad3f3d6218f85d4b	-9.584936907901475e-91
7977a883009658b0	1.310565180829255e+277
bb87937074df4704	-6.240497954262225e-22
1bceaa7b1eb40a5b	9.686543340174356e-175
601b912455dc1f5b	9.240312851601311e+154
10d59c40c8e4702e	1.4253626010052944e-227
9ad3f89e5dc905be	-1.925156433052611e-179
d2a19b21d97cb3a3	-1.1207507924921423e+90
ae1670c761dab8c0	-1.1280662499101706e-86
ee96d781b8bb5bf2	-5.284300996844181e+224
ab6b301060438224	-1.5537627654167367e-99
10e64ec7fee68958	2.9427193211052592e-227
d67e497ef5615c16	-4.445658047113326e+108
029d9f879cc9c111	4.529556737653067e-296
399ddfe4ce42c454	3.682326906886571e-31
4fc9e9302f15d8a7	2.3439658267835693e+76
142f2647ec1078b4	1.8505661930346643e-211
83d7afd7b383ece1	-3.7978004514989456e-290
0dead62eb2c88a99	1.2577137059855484e-241
d0e491d4191827db	-4.8779302759701e+81
a18a6c6a6cec1749	-4.132971914933751e-147
2ead492b7685370f	7.537522106698625e-84
dcf3589d4bf4cecd	-5.759603138687901e+139
978dfcbb2b4b9e76	-3.2092916601582065e-195
482b34b4f909deaa	4.628841713591323e+39
99430744ccd489b1	-5.466568903062204e-187
e1b26f40271d14cd	-4.146777658196755e+162
351a37ef0f1a2d9c	6.843345589361192e-53
1f9891c8b9937418	1.7895260927862523e-156
3513ed905c98f1c0	5.201446530435648e-53
16bac29093f45964	3.4959828205660584e-199
03c27408e5290789	1.4793376517086964e-290
7ed0e9c51ee77e11	7.249040351796316e+302
d581f6e380e18aed	-8.047138088127235e+103
86323453d7beb5ef	-8.02306843958519e-279
2169f8aed1fac590	1.015565156736257e-147
a058a7b42161c183	-7.355443171790917e-153
3364084bffcb1edd	3.8956872293601654e-61
1e0eea75ab455175	6.710790413878689e-164
2c15c9c0309de996	2.550119507852734e-96
384287617d7cf5f6	1.089026827917849e-37
9b8ac6f7a9dcacfd	-5.286375103289267e-176
b421495c3c5a7cf9	-1.3769542365777805e-57
0b69c67b47714aa8	1.0986458154778621e-253
aaabcafaad688300	-3.8777978537325463e-103
1c136d0447c96e7d	1.9635522410796215e-173
2ad994be11854bb9	2.855350515229093e-102
a6b4cfc0d6d6dca6	-3.14822605429403e-122
a5015ae745e244e9	-1.9560447781695026e-130
a293289637b0e196	-3.927756118265742e-142
5bc4beb74e552f7e	1.1779889132362143e+134
9ce9cec3030e773b	-2.1369833149628497e-169
70c7482fa19e7d0e	1.8506593382827498e+235
a9cec83169d2daf5	-2.6213707355383876e-107
630015d356f2e4ce	7.588143984680093e+168
470f1e9b3f59b255	2.0197746859233885e+34
2b71cd5c4992c211	2.034767807159908e-99
2bcdb5d933adb722	1.0866736090516425e-97
2c7f05465623c68d	2.323654889501836e-94
f0bc4f74530c887d	-1.1251804067055921e+235
826a66fc1805b566	-5.04633164584649e-297
7b8d6472376ab193	1.3986223330018425e+287
4a44c6df8176bd90	6.073079452662125e+49
8e5648b2af454952	-1.3367683430027439e-239
cb8e46c5698a0aae	-9.279704853790495e+55
332406e1ccf79cbd	2.434132783824193e-62
d36442ad3d082995	-5.282723530512461e+93
3f68248844de17f4	0.0029471074585130045
423a48646def721f	112883690991.44579
f636aae94e18f0dc	-2.788189094437582e+261
5068437d58fe20be	2.2476292581109744e+79
01dc778a6a83739c	1.0626869675397889e-299
9aeecd642b0ff465	-5.938487842122202e-179
65e4ea24eca2d8f4	6.942845270126993e+182
403c666a52d94252	28.400059869806064
28f4dc7bdc075d06	2.1686139734118092e-111
c3575c7533e4eb39	-26302331663658212
7ef01378ef7a8bd7	2.756102564805968e+303
7e06ae37d3c36137	1.186640289795497e+299
435e0665f1ce122c	33805136878389424
42faf6c99858c3d8	474355943705661.5
8453fae99ada4aae	-8.200916668018803e-288
a2738e49a4e23514	-1.0023003918083952e-142
aa5842b4e3dce5d3	-1.0577975715605316e-104
93b1f66002c9bb1e	-8.336956035650379e-214
80e658ab3590b712	-2.5457821138220704e-304
4d2e33cbe1b5da60	6.212258903110272e+63
05c7149c0dc801f6	7.946929926081498e-281
b32e26ad888c1750	-3.664661428643061e-62
46a45e0361ef4e91	2.0654834310015155e+32
8f987b6f9e4eb9b5	-1.5399737449658052e-233
667f9c292aa42c54	5.37256756066229e+185
4af183a32a3e02c1	1.0484549356293247e+53
a6aca9b240c4ff9f	-2.167961377572278e-122
39d97084eef69760	5.0170623511903744e-30
bf4ba4cdb19e45a4	-0.0008436207165109411
5c75df111566179a	2.5435115758077056e+137
2532b6500ce97a2c	1.6871969110149294e-129
563194baf07a3bc9	1.6128778996556245e+107
576b4948f6089b49	1.3124191428093376e+113
4958f6d9a7fc5e18	2.2268862866760495e+45
abd648e73b99a9c2	-1.6301581217168044e-97
da9c3cd2fdcc1871	-3.058340719949583e+128
a682e510be339800	-3.5728417145408496e-123
6b4c2db931942244	7.237465955219195e+208
0e43edea0c2c16b5	5.977597299097104e-240
51a4c8c8df083e56	2.0188521148449712e+85
c090d4d79b416392	-1077.2105531899474
515c796b105fbc33	8.643143320124303e+83
1cec543f5b141e4a	2.345768232390172e-169
c37b76a4185bae13	-123684344425013550
dea6e33f5ae149bf	-9.145548664048726e+147
09049ad4d194a89b	3.195085172876394e-265
d47ab1d8ca7feff8	-9.12313015968608e+98
c79e733836d78f44	-1.0118773543062509e+37
20d2f7bbba90bd89	1.4486285426771483e-150
0918a8399fef40f6	7.646916300982417e-265
89c6dace017943a1	-1.451608202906881e-261
08a393c721b29bea	4.743355801130705e-267
2b33b32df7918d46	1.4072975214194373e-100
011ce51a2a429365	2.633455800040366e-303
7defe132b8f5db16	4.169842742137907e+298
7174417dd22827d0	3.297513206814512e+238
0c9bdb998af0cdcd	6.225447556073651e-248
fa6da949a7d1738b	-5.384133923551729e+281
bdaabc3baf988c8d	-1.2157800363131906e-11
7f2702a9713fcf10	3.1559474555238703e+304
936ce4bef09f4b23	-4.1907701405201183e-215
269fdc1e7e922090	1.2048843748504544e-122
6a8787d0d5c4972e	1.4754985251075771e+205
a30fe37eb361950e	-8.368125535351798e-140
b9c2a82e7424d7ed	-1.839718178618672e-30
35f910a1ea4a51b7	1.0718843033425e-48
afe0d0a90b40e033	-4.538058125576366e-78
ff97f990141ac182	-4.208928879744612e+306
c97e557779c6277f	-1.0823480891635924e+46
181aa48bddf7bb0e	1.4598962175572857e-192
785ba6e59c671466	5.843347700200673e+271
a396897325a2d5cf	-3.0280038217508096e-137
9c7a420253776bff	-1.6986410298888594e-171
7f124b9bfa4725cb	1.2546319161138072e+304
c1371c34748020ec	-1514548.4550800873
632e8ce2e4e022db	5.7647912194054875e+169
f7dd624629247e0c	-2.4255226137658447e+269
7a5002be3af8081d	1.453137463167196e+281
448d09e0539e1c38	1.7141351642151837e+22
9333d2b4c5c1e6c6	-3.5939667556460554e-216
da32130a9230fb43	-3.058733264710614e+126
2643600f021600ee	2.2898057616467753e-124
837f9c8b6d365b7c	-7.919346635656301e-292
6d688250d97524e1	1.0814670075543138e+219
c0ce78b5f4c33479	-15601.421532059308
dbc7f6bf871082d7	-1.3607704231615149e+134
7e0f073243c80086	1.6233831890342267e+299
38c4cc2a897a4dca	3.129263622102994e-35
d8aed8cb75409b10	-1.5557477799080428e+119
a277a821b907d098	-1.212487895801769e-142
218ad35207f57ae2	4.1958453826914375e-147
bd84b8767bc7cb53	-2.355654705183827e-12
d710aaa58ac91b67	-2.5051003351769735e+111
9d1059155064f38c	-1.082945432162027e-168
0cb784467bd87179	2.1021318917685245e-247
cb1a1bc28421e193	-6.2517285972107485e+53
ba686eda41ddd563	-2.4671043292282065e-27
9548d3bb68c170a4	-3.86650516178374e-206
9c6faa0e4ce58db9	-1.0241937268642735e-171
5708b1106478a125	1.8556610062628265e+111
7bdb186b0218f400	4.1258283405568786e+288
8f87b3cc463fe953	-7.454603057860896e-234
d9af4ff93a5e8df1	-1.0349623357109589e+124
97fbd821730e459e	-3.814331891020827e-193
cc06d040d7d5b3a7	-1.7900324259255965e+58
558d0d9773cd6688	1.301430211300863e+104
3c9d29c6ad110794	1.011801330420938e-16
319bedc5c84e1154	1.0116569693820395e-69
46f618a639b1d0b7	7.170654903052642e+33
77411de4cb4b44da	2.7596121931107507e+266
d9daf372712ae5a8	-7.126438510439834e+124
9e619f871fb400af	-2.448251453155338e-162
6b94409f937dfadc	1.6645400017921986e+210
a8ebf52f1f81bf08	-1.4531613520046324e-111
2475cc3823a2dae1	4.798364399176402e-133
6726155e143d7498	7.686958757532027e+188
ef6b102f20b86598	-5.128923011401596e+228
ad65003da136770c	-5.15477896294978e-90
952fdc07bb4e6150	-1.2404288184895855e-206
9bef06a21c541cdf	-3.9200992538158597e-174
6639d438cb61b687	2.7437517525405517e+184
4b9423bf33972d8e	1.2345561101411113e+56
12f6553dd262bbb5	2.5306361685336213e-217
279f7edfc0dba55d	7.806055201078079e-118
3a7bb3c5cc658d44	5.594422192376288e-27
c46b47e23e7d6489	-4.0259348897589274e+21
cf6db21f5ce3bf88	-4.1974337015255635e+74
4947ea2134719420	1.0666254270038686e+45
d8477c1acf40d8f8	-1.8506952158222162e+117
5fa9e83737481560	6.784322668838597e+152
8965fdd2ed2b711d	-2.1824718470523225e-263
e21a83b9ffd2ab6f	-3.817174581682864e+164
fd5cd830ad0788bd	-7.3688321675595335e+295
de10d0154650519c	-1.3121352725417927e+145
c01d020d6bced643	-7.2520043225281965
91db36c0176ae561	-1.1763417217018259e-222
331af0c2cd524e23	1.6372165195975597e-62
165be16824ac5e33	5.691194009318257e-201
4227594688f675e1	50141021307.23023
8f04ae4443484762	-2.540734345404457e-236
3f2074b0077be10b	0.0001255478743968991
100d28661537ee26	2.347622211763941e-231
f69811bf615ef6e8	-1.8947859926236957e+263
4ff68c09508b8572	1.631728887217119e+77
249f7960bdd08b99	2.771377482724919e-132
38dc44c8b8e681aa	8.506798794000216e-35
72ad4da3b83145cf	2.5010520325830783e+244
81955ceb6b0d140f	-4.984320016866196e-301
f81e89e90d541278	-4.033358679588802e+270
6c71eb55727718d8	2.4129999097257947e+214
bce65dae9d2766e7	-2.483118782414816e-15
4e8c7d5ae5cce4e9	2.4578557960520993e+70
536ef06121304cd0	8.067048904912825e+93
3de148258859a8b7	1.2574180947778495e-10
14add4106bdfe3e7	4.536517858661442e-209
63ca4ef66887e47c	5.083499106057668e+172
150de1788d7408c9	2.9084689261179522e-207
81c8f11f628083aa	-4.655470796288692e-300
2c4aa0d0724303f8	2.4932904732895334e-95
55bd56261044dada	1.0513010019918894e+105
e8e435f5a50ef9d8	-1.8884706563309747e+197
3c8d5c8274b7b68c	5.093385019217479e-17
cea8805f0ac2eece	-8.455139729554185e+70
b47bad23fa2a144c	-7.054550048166984e-56
acdacbbd400f3c0b	-1.2846031634762314e-92
564ff64cb84263ef	5.864404064616967e+107
73c0c7f00ce0bf8f	3.754606534724774e+249
793b12e7779815d4	9.373590446342441e+275
d17747e508f49f20	-2.826685051824478e+84
f90a87a89605b9b7	-1.1481587403452384e+275
075a6cee1236b82d	3.0530033816737907e-273
635c2c343d813479	4.252904239960389e+170
7acd263e1f5bae5b	3.386377264247777e+283
388f9973bf9208c3	2.9715954043846108e-36
2fc8e7465727e416	1.6802352135083232e-78
df0b49447251d8f5	-6.977999450858561e+149
60a4d612b6bb8f01	3.575911380975891e+157
2c22592c87fabf4f	4.295048479499957e-96
d275df86592043c4	-1.7404836216420945e+89
7a4586689b9486ac	9.768093581745587e+280
6361628ca9286794	5.24881450540503e+170
1e8c1a592529e3fa	1.5616504355694867e-161
338345713e845407	1.4990667568291883e-60
34992ea538fd4663	2.5675246605037802e-55
961ca11b45c7c084	-3.6525316818441457e-202
0734d38f35ead88d	6.015313170743433e-274
b192b1f0123486e6	-6.771861969826677e-70
dfe8f5d2eb087a1b	-1.0458194768254988e+154
6d266ffebbe60dd2	6.187867055113931e+217
31d26f7cfb87fd22	1.0684542668447842e-68
8054595364b9a16c	-4.527786937281853e-307
42152de6129a5872	22741091494.586372
6b12a3b8d3d23d4a	5.984283950433674e+207
1b1dd997a5c25980	4.603906315198533e-178
30b7f1d91f1a657f	5.293840167511507e-74
250038056211a9a5	1.8279801067838403e-130
b38164d77c62a01a	-1.3530323334282845e-60
245f716a8438de33	1.7303993588490418e-133
6020c84c5c07efd8	1.1250769948896777e+155
9e6b5be657ebcccd	-3.8007762486433504e-162
e03d057452e7029d	-3.891120995517756e+155
e42b83271daa0900	-3.4023160327490238e+174
cdcecfe5927eda7c	-6.489785038555029e+66
6f1ea264d11d866d	1.8142846652938827e+227
5bd2c62561da926e	2.1321368683710238e+134
417e3f055545550a	31715413.329426803
036935f89f12c573	3.157921101046634e-292
3024130dfaf8afcf	8.668308951649668e-77
0f2631afeb6511e6	1.0906634457318985e-235
62675c0ab52d47d9	1.0761477067045786e+166
a71b4f7210586908	-2.6440444879065362e-120
b25591340e1130ad	-3.199887716658911e-66
2894114ffd092631	3.25955005258023e-113
e02230166234c3c6	-1.2192954306053136e+155
b3c3a2e03467e4cf	-2.4439316329007657e-59
d73276b0a5637202	-1.1100832796061674e+112
af49a5f3e5068908	-6.759723944392368e-81
b0d5f07bd58875d6	-1.9401960061346642e-73
bd69d1af6cd23221	-7.338224754769158e-13
7856ea2a076cecc3	4.8422850825331e+271
c46cf6990d408306	-4.274224659514894e+21
b929ff565eacfad7	-2.503459678565739e-33
ff393facc156aa8a	-6.925883209160694e+304
94fbf1a9b31a3d0e	-1.3599768186657357e-207
63cb6d33c3cc4aa5	5.299550660798441e+172
198132c9c4d9a985	7.90533918775204e-186
ccc75f51c280f427	-7.511580885359044e+61
5c8b3e85502be628	6.336689709780854e+137
b130fbbf66aedf1c	-9.61225769771442e-72
14ed36faf477d383	7.109113179552279e-208
cef12480a64b67b0	-1.8930207097344147e+72
9d1d5f2ee9e80e12	-1.9456877341324823e-168
ed6d7ae70406c41f	-1.300815291580859e+219
4c2c01fd4e6b3974	8.790381522259711e+58
01f017166148057f	2.40262152018072e-299
5d1d640cc20f0482	3.500013302020888e+140
7175ec6d53fd6831	3.569006410451963e+238
219ddeccd2c66e2e	9.344195065174689e-147
ff77944fb23024b0	-1.0348735243514818e+306
6269838311209b6f	1.1753883738585732e+166
4be23369bc6da06e	3.570264846864504e+57
046cef9eaa730971	2.3753787524462693e-287
a0f4d73f78766cf6	-6.36673551380296e-150
08f6364209fc3afd	1.7221478186085508e-265
5ad8682cac65bb82	4.2295224841765976e+129
79ab3708f60d2d0d	1.2060742421972051e+278
26383fbb1826a4dc	1.4328961521357602e-124
5b1512c2d0e8e2e4	5.842925911056651e+130
5a34937ec33ddd33	3.4821091204885957e+126
6bebaebed9b055a0	7.28071181209162e+211
b383b862557cde85	-1.533992748448645e-60
1b2f23b3147ebfff	9.605578529773309e-178
b3a6f9dfff38ddb1	-7.149023030001287e-60
755f7136f4466dca	2.360531818553361e+257
06191795b99f19e0	2.764658753556649e-279
0ec5a291e86c249a	1.6612351423309168e-237
f3150e45096d624b	-2.3003133434031376e+246
01ae4bf9d2f0fdb1	1.4137441621267053e-300
6591d95289cd77ef	1.8516088379993514e+181
c1200a97ce23df6e	-525643.9026174375
0c06f4a980e401e0	1.0019461413039822e-250
1bd8300ca6ee62e0	1.5280479137977634e-174
3cf8a0993599096c	5.468367489803592e-15
8224e5f6cddf7ddb	-2.49646341755558e-298
6ee591c947472b47	1.596784786399302e+226
e7dcd050c70b39db	-2.0540772470198747e+192
a63131a380a72581	-1.0160058958156537e-124
e6f1c6ca1b35d21e	-7.734711004527139e+187
8fbe1605e2ac87fa	-7.569866318599864e-233
382c24b32bf9472e	4.135294931520847e-38
608c52a0b1dcde4c	1.215187797005431e+157
68bc2386755e29e0	3.2865656092076873e+196
bc2c4bf19f1c5a58	-7.669823869414611e-19
9ebd5e139a9bb12c	-1.305536757249168e-160
7b76a91364c75919	5.391436085807729e+286
7363e38bed420442	6.953063657728325e+247
148846479455a487	9.229620743565069e-210
386fc845ed861636	7.4719868211919346e-37
c758f356ff79a62f	-5.18202571304967e+35
bc385dd147c6e410	-1.3209092356780201e-18
f3d19ff2c5d84345	-7.886795333696158e+249
7ba0363dd192b94e	3.085739626830639e+287
51dc7873049c945a	2.212350579145986e+86
54e47571930d32d4	8.949689390347493e+100
9fa2a79fa17564d7	-2.7174551159001996e-156
b01fc62053a7abed	-6.860125544145301e-77
7d914880c4ad3ac0	7.064481151319052e+296
1d546c7a8bb7e6f7	2.1647003972060047e-167
9a4e952355b0fb96	-5.7579331226206276e-182
1281c0177ae59f96	1.5713766412735764e-219
ebf058bdfc16910e	-8.598559494224566e+211
e8df84b5116c3ab1	-1.472519916159815e+197
5170642ce34c9016	1.99018049457282e+84
58837e91dd79e219	2.4579807702496708e+118
c66ce2041fa5ad52	-1.8306697182174933e+31
ebf8b2f5496be8e6	-1.2992038741046812e+212
ba91697d606ed6e2	-1.4065357605314146e-26
ecebbcdbf562bd03	-4.780990013228132e+216
fa930022c876a049	-2.75919047767592e+282
938e40b6288d023a	-1.7551667479261854e-214
918acdbfcf947d81	-3.620663116666427e-224
44abcff397e39a79	6.56699619045318e+22
7135cdcfd90578a9	2.2184611764977294e+237
b41c1781eb69b217	-1.1188215258295183e-57
784cacc25747df28	3.0297522736851892e+271
38f3a659cb2ca8e5	2.365259558742808e-34
9834d85d64d04182	-4.568864961402941e-192
f0e6c9b213c3361a	-7.245534388633433e+235
d509dfda30affcc3	-4.527508048708441e+101
29c8905843b23a99	2.0918374645294962e-107
98c205c9d7127774	-2.0225089265468227e-189
a66bcaca396e4f33	-1.3138140675043374e-123
e182b99760b05b2f	-5.265125515362742e+161
11645665eebfcd91	6.868005927784177e-225
f6b124f797da11e0	-5.398568111467036e+263
692919730aecd270	3.752413601621632e+198
84f1de01590592b9	-7.509669175176948e-285
810a251070a0bf44	-1.1914049780832287e-303
8e4990e036ec178a	-7.668226126297862e-240
37bcbd04a391cc4a	3.2990010223324748e-40
d900e9864239385e	-5.458942372069429e+120
c36b922794ca7cb0	-62084184550925700
b0de32dea63cfa1c	-2.6706037605899167e-73
1693b2c379b7b666	6.433562579765941e-200
601d0abbe80b49de	9.73471539151146e+154
a729e186f834ed4a	-5.0113209301772755e-120
d62e6f046212be83	-1.39599117072391e+107
8d9a4822575327cd	-3.849091087599016e-243
46f95d18c6171d15	8.230978021149076e+33
9300562fa17aa36d	-3.7023418783293696e-217
57f84526b4c9fb88	5.9768218244311645e+115
fcaf74d4548a440e	-3.923867566460722e+292
9d7acb6b46eee560	-1.135977634208445e-166
d217a061e569feec	-2.937501087508767e+87
8c3665765388227a	-7.820249276908721e-250
af2e7ab96f543a25	-2.0082486486043124e-81
ea0d2b8da0e92a53	-7.1450531097655364e+202
31c218c22996544f	5.244096718299458e-69
80e77dc084b6078f	-2.676208484478882e-304
ccbf702c75e6cf51	-5.051920493598263e+61
2d9b93b7a246d461	5.415126900304481e-89
6193c88408ebdc65	1.1125400302941127e+162
1f8fff16edc4ab20	1.1652362239778625e-156
6cb2797050117f7e	3.980398466308743e+215
802e90a11569ae3c	-8.501161112706601e-308
3569f30b6a1a476f	2.16739442647727e-51
7c01749400e8667d	2.1263523997847407e+289
88dfcdae5c2c967b	-6.164501515065249e-266
1291b04ab784a2c6	3.131825895261081e-219
5852162848747703	2.8505857627286604e+117
141afd693d48eef2	8.017226046078509e-212
32416999f13a8220	1.291731429445649e-66
8ea4817fcfe6a97a	-3.936328661934714e-238
43f567de0ed4db79	24679128842875933000
22cd8524df40ce10	4.841609700312141e-141
16d707713112d1cd	1.2034257158620365e-198
0e43cf5882b6650c	5.941782074383623e-240
8cef82e7ead8cb7e	-2.2534119183310394e-246
8559260592a30fe9	-6.764824903015566e-283
98949e8663cf3fa4	-2.892380089334786e-190
03444a99c8f2ddd2	6.354281256641692e-293
fa525ab6919c84b4	-1.6658463277926256e+281
204a8211711bd8b5	3.9541256527137516e-153
4ba2cbd349ccf55f	2.304406526381398e+56
3b88a36cd343a75e	6.521724695903589e-22
52aea5ca44e37ee1	1.9509468657580159e+90
4cd624be8075b35e	1.4233313490646923e+62
f5d36271aa3cd95f	-3.7255631871062734e+259
13f31b5463adc018	1.418894277639055e-212
ae7b142f532cd850	-8.711870313141833e-85
ccf13423a4d10239	-4.4232368042279285e+62
165a6e32281c7c7c	5.395199508584518e-201
55e6591546527897	6.406882901187699e+105
21531ad70332a1b3	3.7353011589469805e-148
b799ac11c1626e9c	-7.367544557991189e-41
1a84b0441d02b642	6.232215237958936e-181
3290a747e972db1b	3.953346939562377e-65
f02da073c05fae22	-2.299804529197693e+232
86e5690f5357014d	-1.9324957896145153e-275
dca1e6b2ee8d07a9	-1.6654415302321703e+138
81781235e4e086ea	-1.4040446511884416e-301
738a2274cf538b56	3.6546198810293264e+248
791b9d0a5de1d2b7	2.39010267769573e+275
91572ceced9847a9	-3.9132012325964536e-225
48cfb6ff7c113717	5.5255037039941594e+42
048cb7aedd5eecd2	9.429766779128938e-287
18513ab0dfe38353	1.5105302477919938e-191
5ebf2677f442f2af	2.489428570070051e+148
e8ffb324cdfcb149	-5.9239778472774777e+197
216228c3eb35253e	7.10084109198471e-148
bdca9c1727496d53	-4.840281379770322e-11
56820c62f6c6bb45	5.298425110999573e+108
146f79d291fdcb78	2.991925483161242e-210
3ac93911a089eb64	1.6299933384708635e-25
2141975666c08ee3	1.7196761877847693e-148
948678cd28615542	-8.544220483729668e-210
5beb90e6171fc7bd	6.261263811350814e+134
12ea1969692520ca	1.4787045713851839e-217
6abcccd497e09da7	1.444745440275985e+206
0ed3ce2d95dce166	3.0414919577702884e-237
37f4965e02df9ce1	3.781303043949007e-39
d93b4c40a6d19739	-7.048989954505012e+121
12e959620165b580	1.4362054616024147e-217
4d68232a68a5b22c	7.943629103753832e+64
02ebf6dcfa395044	1.3682906251211852e-294
d606b3dc0fdb4fa2	-2.6034164038695535e+106
a3c8aa1567c07b50	-2.651076965888208e-136
7de3afa50af67e6e	2.5749314649751717e+298
624042932850e4da	1.872706534115552e+165
adbc695f3264bb94	-2.2316038926143415e-88
07db4affbe172a1d	8.072250424758224e-271
31c0515746bf38e2	4.728582350489888e-69
95c62e535180acf5	-8.84327763739663e-204
c7dbf1ba847144cc	-1.4857712980183332e+38
31fac5b840f3d2de	6.206508647158038e-68
6fa9feca5e6248b2	7.882448315344534e+229
f9f46208c31e4292	-2.8905664104828926e+279
62cce1b421b9c7e9	8.515490636037417e+167
31d9822b3200be45	1.478377809129243e-68
9cc9988154e402cd	-5.2985845351416145e-170
4304daf3d3000d1e	733780035764643.8
86d72daf0f3d7fde	-1.0460402999406575e-275
b81b181db80267b1	-1.9905676951365888e-38
6a7384ab463bd2d8	6.119524642761415e+204
b07951e8d2c7858a	-3.4986789193309164e-75
6cac42917b3c0d2e	3.044384990149255e+215
a9afbc229b51b5d7	-6.75629713707193e-108
108b6762f0843371	5.648393501241681e-229
abaf2884994e74bb	-2.8490810810932468e-98
acfed5b7bf49dcf3	-5.9129330879505036e-92
1e282d9868ff2af5	2.0993007239843933e-163
399848852196e8e1	2.993145525552225e-31
6ddc6224d28acfe8	1.6031009080796334e+221
e586c0338d976093	-1.1800592919700199e+181
51233a71fbcd29a7	7.295746809248697e+82
81c53dbbe83b9ec2	-3.964718219388262e-300
e791f553fe44c00e	-8.001341419028613e+190
aee356ac42e02257	-7.963710573716666e-83
93f6c142300a310d	-1.689811690123694e-212
b35ee918a1c61ae6	-3.0055736488490503e-61
31c79ecb81cd6744	6.844729314628297e-69
899bcb16efd71e2a	-2.2066029665209627e-262
8e595c431ffcbbcb	-1.5213163979012187e-239
98366ea9e98fef58	-4.9167281367132135e-192
98f8482aae555a54	-2.1799443740202012e-188
a6e4c3bbece422b2	-2.512899027459667e-121
7ef88b8b9eb255af	4.2080456058237634e+303
54fc2a2ce6819cf0	2.4641345863288968e+101
76e1399f6b8cdfb6	4.339180095467662e+264
ff3696eb9097e3de	-6.196448742257529e+304
f16ea0a88a0df0b5	-2.4929820577961952e+238
b7721db86c699c9a	-1.2997660960870445e-41
a0a49f8759d8a38d	-1.968826202717506e-151
f88d8e796113d1d8	-4.9966586335482513e+272
7e3355cc85d12ea9	8.092883519418147e+299
a08f8bcb6f2ea530	-7.52900353608589e-152
ca97e674fd76d658	-2.2355337281401505e+51
d0057546ab1cc810	-3.105849171921237e+77
71c4f2ff1cf7c372	1.0913250214831133e+240
77a7d6fe22725802	2.4598523513023937e+268
4737bbdbb9dcfc5d	1.2323304683165677e+35
ecbea1b62987c3b2	-6.599754970443168e+215
efcc820a8e32444c	-3.4577456821947176e+230
11cf4531d44a2925	6.758419613806014e-223
bcb6f3d23b5cd434	-3.1852890650095033e-16
9a9a9ff9e5deb22b	-1.604097300505529e-180
40e2b726d6c9f885	38329.21371935405
d2fca1499c61e643	-5.8320400019077226e+91
b59314f736be7151	-1.2750355348677303e-50
ea118e7ba00ef114	-8.600760673032039e+202
bba58e4247d4a5f4	-2.2822983920998186e-21
be23c461135f61f6	-2.3011940365232666e-9
135a168660d53623	1.891924052133818e-215
0437904b31efe1d4	2.417946446681411e-288
7775e0fea622ec2b	2.8218983467463345e+267
8f59cef8665422db	-1.0146255181339327e-234
a3e9485cd6b3288d	-1.0870132603265604e-135
c7f8fadcccc1c72d	-5.312643914576166e+38
70a7badf787f3d01	4.715675067980644e+234
64350f2e7fc51506	5.208605932506414e+174
71d2cd3426ff78ce	1.958893546982405e+240
f53d5b9d979443fa	-5.510118217970385e+256
e28a8defd5d1baf4	-4.893333103611194e+166
b3663dd3ef50901d	-4.325290262088183e-61
573a983483bf5f6a	1.5989359672530489e+112
62174323c41fa55a	3.3489575244830675e+164
262b5d00fce40365	8.084631355732211e-125
ed9b3901ddd0d7dc	-9.609655208893482e+219
224dbd6929fa24b9	1.9053351316122308e-143
c0cb73ef786e5234	-14055.870862760676
f739ef20916cc38e	-2.0905820139142672e+266
2abde7005de829ee	8.344240301188132e-103
426d7504757def22	1012138224623.4729
dba0a6ae21d52394	-2.363800843330008e+133
315bc9a7458ebf90	6.290914288547213e-71
dde2236ea87a5a89	-1.769485830168828e+144
864a689ca0682b30	-2.3277699355297495e-278
04c14f57885c8182	9.094303004039359e-286
15f57b34e8e769dd	6.85145813053752e-203
be45ad537616dc24	-1.0094165228383039e-8
1fd3574dd26377d0	2.2539375141931784e-155
2fbc1a1c33064003	9.480216658043455e-79
9bcded80e9c2297e	-9.453368136887591e-175
315a5e0829f70be5	5.969347907297268e-71
d9f23ba04e48e883	-1.9284763474853595e+125
384c84cfb2732405	1.6761840740573593e-37
088e00fcdaad7234	1.81740186086219e-267
e992c0618249ad6e	-3.5883340221873064e+200
4b62e51cefecb17c	1.4478230777872706e+55
41a2be3ddac7b4ef	157228781.3900523
a7121a826c073cc3	-1.7526917839354373e-120
f87c388c92dd607a	-2.3854311174327105e+272
e495dd73b849cf2e	-3.4610501449898466e+176
b425b0f8456c8d45	-1.7278107980470672e-57
4c4ca3c7deb1d47d	3.595494813893095e+59
63feca22ede0389f	4.7595018816272656e+173
b4861126a2ffa497	-1.124952080355548e-55
9bc09b819eaf04f9	-5.245844252376628e-175
b83367c14dae9924	-5.702703170337112e-38
4fc09a41cd9a14a5	1.5019108363672654e+76
6ed09762fba1c6fc	6.141275747101585e+225
acbacf235e84640c	-3.213099164718621e-93
92b42ccef2910c58	-1.4288196208400614e-218
b056df751cb11f89	-7.901362135926934e-76
d74425092f40b39b	-2.422303671732014e+112
1f4a2f420eea0073	5.959890183449281e-158
926ca721d79808c5	-6.341341738963672e-220
0698b3250f7f703b	6.966861189258588e-277
ce7470674f6ebb3b	-8.816582550326717e+69
993b70df133d82af	-3.9416777682787234e-187
ce6e507b88477b2b	-6.538193612843278e+69
83673ffaf791fb76	-2.9122975285811027e-292
d714be295ae67661	-3.117785126448892e+111
116992f445d76e8f	8.63639673446768e-225
a8dd8b0c2e3cfd92	-7.677829948904154e-112
80524ff5fc3def43	-4.07463250161738e-307
7b605a89761910b1	1.9454535140409876e+286
d5ec4c76d036eaa7	-8.112875205287145e+105
a1238ed6cfddf3ea	-4.779867144121479e-149
45b1ec7a7fec9cc5	5.547130148889045e+27
62fd151fcb8c3330	6.8597702581967125e+168
f0a8ad65458b8307	-4.903935476727954e+234
888447b20e32f6eb	-1.2284093491371836e-267
4d186d1c57c26561	2.512090375363322e+63
76a75216005e50e4	3.6716970547115066e+263
82140d6574ad3b99	-1.1977030042425593e-298
a8103cb65f53c5d5	-1.0302240513226264e-115
dac7b201bc770c02	-2.0531046348605272e+129
e31b3dd910abaea9	-2.570218747179102e+169
caa93ed64302858f	-4.722723399413426e+51
65dee69698833810	5.128923306750363e+182
0fa9bdd03a679af9	3.2383703931050712e-233
ee2312c503056bf8	-3.447252360897723e+222
613da465639cb91d	2.6046401728250675e+160
63530b02445a097b	2.8747031626866355e+170
abd813e19d288153	-1.7613096530421976e-97
2d565d923a69b2e0	2.744859783371096e-90
8a832bba11779440	-4.987399307129898e-258
9c03525f3f51e61b	-9.765159147460906e-174
71c27d92f07477ea	9.632427865017552e+239
afa81d6e2cb4e6ec	-4.0675953091127975e-79
bd4ee5d85f4f7162	-2.1954230667642701e-13
9d0e53b3b87b19ef	-1.0044800946379536e-168
b3941dcc359d3e9a	-3.129616183787374e-60
db88c01db2eb3ad8	-8.783978421531446e+132
63ba50001ef2df7d	2.5421412675814034e+172
e6b6e393625740d1	-6.224486572626505e+186
c3e99b17e1eb6912	-14760757851383697000
15e481b63f9268bf	3.270306376215847e-203
22338e5d2cf8f381	6.264472917260144e-144
639192656a7e4beb	4.244194516374078e+171
c36c372af4a3e82e	-63535655843479920
bd6bf35da306697d	-7.944051826152882e-13
ab163349c29b9b36	-3.964798992146966e-101
8e5d7ac80189230a	-1.7684193485834934e-239
98e64e3e7515736e	-1.0012612901965437e-188
b46304924ad4f3aa	-2.4237755633389634e-56
409ae6ba95f8bb1c	1721.6822127212718
d1f43071a8bd4a0c	-6.27535958944853e+86
3e6594b21281cbab	4.019745097971916e-8
5563747146447967	2.1786952841444924e+103
e47747b39ca51f93	-9.212596197529864e+175
d5bb673892db4956	-9.820190205924956e+104
85cf616e55b0267f	-1.0804760792155411e-280
7e8236c0331f774d	2.4395398408269137e+301
63218f760b23a431	3.3136135355161045e+169
8b12c783afbb0032	-2.501406730607284e-255
3819da6c69df2306	1.899394390722742e-38
3a4b1ef96b165453	6.846301229437101e-28
9210f73d12153986	-1.173375237534928e-221
1191c1941dc9fde5	4.797030051797457e-224
6cdcd73f3152c862	2.4855604356197005e+216
638935ede3a25997	3.0446108124485445e+171
ba8d563f191d7d5a	-1.1849079668522687e-26
607aa621a36d13be	5.716864217696693e+156
2240b553a9b32be6	1.0704454619000305e-143
553e3da1c3c0c864	4.2332224923537693e+102
83488542eff11af2	-7.678643086630911e-293
5948a805c54dea01	1.2733765186906088e+122
79b336e7f294f350	1.7030389189040064e+278
f32660cfd8cc7550	-4.889574456920362e+246
9aad9203355128d5	-3.5631100743506874e-180
193b9ef03650dbc2	3.9675260762400935e-187
8839279635bd8f93	-4.761479494680108e-269
0dba1b34954b371a	1.5293551406178704e-242
86a9d70e35416c6a	-1.4576978741262162e-276
0148218caa4dc530	1.7594244919562453e-302
4f9244e5e6d20b22	2.0658408994312587e+75
517507d9c045bcde	2.55347633343924e+84
8c16a1115ea10c6b	-1.9753873397324415e-250
9aa62c5dba99daab	-2.6717944325785745e-180
b853b3ed0be0ebba	-2.316057216753184e-37
c463bed1c48126ad	-2.913904996774392e+21
eaca26676ed4bde4	-2.623608336108403e+206
d4606b50f84afd75	-2.805696593884502e+98
5b65de67f5808853	1.940316362576244e+132
75d9d8d696a4c957	4.9676024411302456e+259
fe4bfc90baee33fc	-2.342801953666101e+300
eea03b34d11f3537	-7.509990808030087e+224
c080138b9cd34c93	-514.4431702144378
5d6b9053c35d1b83	1.0503806689461244e+142
65843935b6ffe4e4	1.0489703499218983e+181
060b7b7545d81727	1.5140020118132349e-279
a0a64399727fa993	-2.125477719080671e-151
6efccc951aacf362	4.2639924669337735e+226
1cded1421828b519	1.2759059354044174e-169
dff9d9dc7c875c1d	-2.1662844942461512e+154
7792447fdcaac5d1	9.424473152284678e+267
06045cf93efc7cb4	1.1218107528164048e-279
9c3e24214fff27fc	-1.2186586496723824e-172
cb1ebdfc8887462c	-7.361278780490564e+53
681c37ad33d5fbf9	3.218515175935885e+193
19f9282ca36a7c12	1.4801315446325205e-183
71e106a6778829bc	3.547795758175018e+240
254d8c830f697b4d	5.3285962772002425e-129
2019a2ed9cc5112f	4.780132276500589e-154
e2fd25bf8f1635da	-6.875087309858239e+168
7c07708cd0c18967	2.855334207977079e+289
dc4e2bb13e38e28d	-4.38584273332672e+136
6f43249971d02f51	9.069763684985808e+227
f37c9ccc7c40bb7e	-2.0005627462706455e+248
0ec693c94b446f56	1.7335854212427016e-237
13774c21a4913a58	6.758189164278294e-215
f8950d157fc7b04e	-7.117558987507343e+272
b008a1892303a135	-2.658968215504336e-77
b3807e473550cc03	-1.282973705085125e-60
b6c7f70b4cf0d018	-8.395535093584682e-45
888c974156f3f413	-1.731812180913681e-267
2641854bcbf529df	2.0706321404680388e-124
b71129b8d6ea75cb	-1.924036228876988e-43
923865a24f013664	-6.749315933699062e-221
507dd2c2ae991dd0	5.5252804151153575e+79
29483361cba49a93	8.050441835753708e-110
462c0be82d7c6040	1.1110367855492052e+30
8ff22fba8aa45db8	-7.321347911606783e-232
2378fb11bf42669c	8.390875668400546e-138
81a275d42c0ad958	-8.61414860067593e-301
931dbbc8a8f196ba	-1.3476887754758509e-216
def5ee8907bb1c7b	-2.8043467764762005e+149
e2bd82410c44ec5b	-4.350200057416687e+167
a837533c084eb094	-5.919783540015961e-115
15d7a8faf9db8b5e	1.88659700665124e-203
9eb1efc6ca66b222	-7.973758944231816e-161
987d7a53d1d738c8	-1.0337569369557692e-190
ef0a564f1dbf716e	-7.798937544512664e+226
81cbdc47b22b6da6	-5.200232421262946e-300
2c678f496c56f04e	8.823916513702115e-95
f9b24541925d844c	-1.6193741385074064e+278
7856b1e6632efcb3	4.795841203932517e+271
2ba09f0f306d06cf	1.5198372395000625e-98
86217c359d569426	-3.8530483684122035e-279
b59c0a2fafe7f823	-1.8735940396430053e-50
4c95ba12812778d9	8.72842339536251e+60
a9b19727f1f26b2d	-7.489944356537689e-108
2e6539a6a3661cce	3.4143104354492154e-85
7f027a913a581599	6.336054468855424e+303
258e146c077f1a4d	8.678934518547522e-128
62efc296cd14b6c8	3.7456710973775323e+168
227efeee49cb47df	1.5886390843172014e-142
07265fa75689e00e	3.231102556737031e-274
3b8abc0aed728bef	7.07657427632967e-22
3de988e892655cd2	1.8579011350041366e-10
061f058d33740d9a	3.417979293642906e-279
ea258bd9308e48b6	-2.1110545044474405e+203
ca867b3ab9c6008a	-1.0514096483987915e+51
4338f041fb2f25f9	7019565618767353
ed914c114672cd18	-6.10592010597319e+219
e5e99cf018890eab	-8.502536185601887e+182
12d232a5c451a426	5.155170524734506e-218
ea7695cc212e3ccb	-7.081087674208334e+204
3052dd9017fde460	6.517018587334006e-76
c5478ad8b78e8a16	-5.692195629830677e+25
bf435770600a8966	-0.000590257521327947
15ec6f5598d6e996	4.5346590446368013e-203
f96567e4e6a06828	-5.928956124203275e+276
9f06a2ba21692552	-3.220070075212228e-159
bdaf91d3bd2f1539	-1.435620885364751e-11
ae8b455d02304fed	-1.7547348493723595e-84
7270ab6b84a2e445	1.778451131371578e+243
dd6f22501d82e682	-1.186433453473384e+142
6b02434b4e0d6d3e	2.9316762280375886e+207
96f1418b66cfa38b	-3.606980821864049e-198
c56fd054d3ccb326	-3.0768413939810236e+26
f0a26fb217da5218	-3.663706463932731e+234
eeb6e6547df3922a	-2.1190786410119497e+225
f96c6bd1f6d84a9a	-7.872053261965204e+276
0ee5debf137ee0e6	6.717137699789283e-237
232aadb7a512a9d9	2.8003659113400615e-139
f517c86d8f57a260	-1.1159417830647134e+256
1868624d9018c3fd	4.275605634652804e-191
8483de0e170e544f	-6.52371877570673e-287
6d7c8b0c7fb3d542	2.5189462737752403e+219
a6696e2ffe35b4d9	-1.2021684346612801e-123
5d78a14e6379f926	1.8771725183463634e+142
d7fff6080ee2b077	-7.8708118887001805e+115
4563fc21661feb12	1.9328194422219453e+26
f4c1332c863f95be	-2.522041498610513e+254
e58590baa5cd9513	-1.1185718418316168e+181
fa902a24054e6c0e	-2.347368316434861e+282
d136c5493a63d146	-1.7279621380308668e+83
492d1d03bb2c00e5	3.2462456834531215e+44
5d2712dd50e14103	5.495472472249963e+140
60e2b103ee9b8622	5.132525350679961e+158
55aea8ad97d256f0	5.493448594605563e+104
7c8b36b651e28898	8.486599736126872e+291
1ec094e087cecb0e	1.4742715082593367e-160
8b4baf792a3af54b	-2.9501570984830483e-254
e6e64f42cecd0065	-4.853548299219173e+187
b6f377a5d8f0cf66	-5.455920364868921e-44
e29192e8c953ab4e	-6.476865666931616e+166
3b7c9f33bbcfc4be	3.7880746928620615e-22
285c8752ae65fa29	2.8961576447105142e-114
353a8599d4bb7cfd	2.7690133189768526e-52
dfb4ac8f0e885a3d	-1.082788269899786e+153
bc30e39aa83d84db	-9.155587871731738e-19
0c7bf9881a12c58d	1.5628940592999375e-248
16cbdf5cc92d504c	7.282641769803727e-199
07b8da1e83999803	1.8375778864639766e-271
a3ada9afc5901e83	-7.970850911624369e-137
0e43a9c314057bbe	5.897747554437867e-240
d52e26e72fab0dde	-2.1103970421015425e+102
8c0db0167be2cf31	-1.2957829654571389e-250
629b3853b7ba09fb	1.0031968820816331e+167
262745991c1458b3	6.875796966184745e-125
774c157249a7dfe3	4.527741949846393e+266
f9273f0ec618fdcd	-4.0242063907675624e+275
ed8712bdf5c61ff5	-4.0724418816744576e+219
f12c39c9b4b17aa3	-1.4359253077373127e+237
e74fbd710cd33521	-4.419308281043574e+189
2493235a5ff027e6	1.685158227895542e-132
3a958660c161aacc	1.7387686953410067e-26
73324ad07762ab64	7.993618811760413e+246
63c97603ec2f2067	4.9197489824057364e+172
0c5b4ab6c4babe30	3.8118569625834385e-249
fce2064e3958933b	-3.597428532112728e+293
4cc332247a734b87	6.169314474707436e+61
7377e2c66ac3cf71	1.6700788079788705e+248
76913a076befaf0f	1.3561187067247533e+263
5fce01086206911f	3.1428775561112186e+153
b48008ad072bbe87	-8.173907449056241e-56
6f97b9ba8cb608aa	3.5970969045066884e+229
f9cea11b90572a4d	-5.429545272274747e+278
d6c8a882b8c9a4ae	-1.1582187518581339e+110
07d872803886bec4	7.230598757358614e-271
0497640bead87000	1.5361348400889255e-286
7fd84fecb29b6b3e	6.829044510443472e+307
20645cc0d47d2efe	1.2149528071539694e-152
45f813cfb7bbd1ef	1.1922545192695904e+29
7d4cb2ac8831a320	3.665697004178346e+295
36ea5c4ad1077d9b	3.69389514437088e-44
e8345ae10e6121f5	-9.286846318922927e+193
61ad0f9acb9bd915	3.268568366481173e+162
a79d0869d4954f01	-7.195676010176794e-118
d3df66dbdf873279	-1.0480284637603068e+96
00c9dd3d56a271ca	7.366373575983447e-305
0bfc8d67d05429af	6.231114283369994e-251
f95d80ff610acf9e	-4.085972287782574e+276
27db6fa20fce5c15	1.0879865830622677e-116
4ddf58537c780c19	1.3204065196592713e+67
c2994e6481e2c20e	-6956121094320.514
edceb53f564059eb	-8.671981413379373e+220
f2dffdf5a14a33e5	-2.18443072398441e+245
01eaefbedfbd37b0	2.011108903850793e-299
502a69b5be84205b	1.5292041417420576e+78
6b64fe9c62579c27	2.156920137291565e+209
abb5ad0edc982284	-3.964064617903512e-98
c1d112e0922107e6	-1145799240.516107
e96e4f883374a727	-7.250412366011372e+199
5592890f92de0196	1.660582039996958e+104
0f71f4e00c506ed6	2.823749252370014e-234
30df6c73777d39bb	2.7789294052801126e-73
d90c025e71ba315d	-9.040861463303049e+120
c5a0d8350a64fba6	-2.606569305672953e+27
371e54ee4dfeafcf	3.4003080357435698e-43
98e77a4c8276f2fb	-1.0538743395397674e-188
d91e210fbac63d90	-1.9450246067063745e+121
d3f4666ab8183736	-2.7233922690009715e+96
612ba169b5d7f6aa	1.2139387134403529e+160
2b50f64b86a81c67	4.846863731473391e-100
21b36055fa8537a9	2.4245616600339555e-146
d2770bb153277411	-1.833783909371527e+89
090452a3e95e126b	3.1513574178227917e-265
497f9ba2fb7b5247	1.1278095447901785e+46
b74ca11e4e816589	-2.5675705845783154e-42
243ee6b1e5ffe265	4.2514454695093913e-134
2fda993ce359cf02	3.5892166597509365e-78
8d85a99e2e78cd65	-1.586293314098477e-243
cd5aa76faf567d34	-4.385935733417296e+64
7ee964cc1c697374	2.1767688342702446e+303
72faa497eb62a3c3	7.276770474936257e+245
5c49158ea1e5b4b2	3.64643469734984e+136
f90c1e6b22e9226b	-1.2169232406844923e+275
d22c6619830244ae	-7.061698221853105e+87
b96bcdc5dab2b82c	-4.283853720138022e-32
3b58a017c410a0fa	8.147849020672044e-23
d1fe975d61b3ec37	-9.508592953991234e+86
9a95478d7efb295f	-1.282047413408046e-180
61c852571bd27556	1.0942096922848388e+163
fa6b62aa51f35f15	-4.971016817122496e+281
782da1bd4f5691b0	7.827157594075085e+270
317b3f0085f99ded	2.467319534660795e-70
7ec8bf2f4c801c99	5.303285155925516e+302
ad707910e8172f19	-8.086707557292369e-90
b3753583ad6eb341	-8.249011436889782e-61
1bd37682d5628c63	1.229563125971306e-174
193b6c94e1930ec0	3.9392707363868175e-187
89229245b621a1f0	-1.1519083008812601e-264
c1e3ff1f7e0843ff	-2683894768.2583003
b8848044390e9442	-1.9279086303784835e-36
9b5291a1e5bc7752	-4.582349272185592e-177
01965dd98f8e012f	5.218483737262612e-301
bad319bae5629c48	-2.468682805440545e-25
6b93209dff906cfd	1.57207469660192e+210
b3f90abac76e7e4d	-2.4933792673619887e-58
1c5c99de6384d3cd	4.6255615100464146e-172
c65ce95335a239e8	-9.162396607235086e+30
217f1447bd05223c	2.43059297866097e-147
31177d3d08a6fec5	3.3236057919361885e-72
38b89a3a54063765	1.850882812882321e-35
cfb11c106a5e2b29	-7.73890343934233e+75
4850ca3473da355f	2.2853177100342295e+40
9b483307383b2ff3	-2.9859043056636366e-177
e56943316cefb376	-3.275844522051273e+180
caa6f8f6a2be776a	-4.2975188342740114e+51
e6332923e1f61da8	-2.035395548904601e+184
6a229da90b638d22	1.8239385824256005e+203
2239f861bb8f099b	8.3191329677345e-144
0d34dc6541bed019	4.773720602958832e-245
ec0a05273978dd70	-2.7373883751519865e+212
780f4f7badec96eb	2.0676444814900431e+270
d90cc7137c3e7b64	-9.288882518891612e+120
d906fb6dcb005358	-7.418204836437282e+120
ec0d4e4dfd5d594f	-3.0830579702774234e+212
98e6dcd52cf7f00b	-1.0262634774569885e-188
8c29d7706e360e73	-4.511618073274363e-250
50ff086f8fa4a256	1.4718445078765213e+82
66239b81bf259428	1.0414260854902505e+184
b9b2cdf8e1ba023e	-9.271373200477873e-31
9e4fcac085e8d02b	-1.1041554146804839e-162
6252047d796b1773	4.150239098161381e+165
6b2a2c91f9bb626d	1.6806559542912342e+208
2b279a56d5cbfa60	8.430563377928827e-101
fa724b43d0542b0e	-6.641477670292042e+281
f38df314f005e983	-4.188095448421608e+248
eb804c39a2e4ba7a	-6.697531511768281e+209
80d7f54fb1bb6470	-1.3647070652455629e-304
7b9457aadd4c8c5a	1.935972383975351e+287
d43aad19b2a07775	-5.697996047928164e+97
359fa312fe4dfe6c	2.113957000698374e-50
718b8b2c1d2f603b	8.967841873297643e+238
d4276d4f085ca088	-2.50198704671884e+97
15f03b6e4123b620	5.177248463472866e-203
cb1217b3b5625b61	-4.332313623571436e+53
3fce88a6359dc6ab	0.23854520433410661
2454e1efb542e6bb	1.1492268205627596e-133
db2bbc5138988a21	-1.5380339463056313e+131
124b672fab79b778	1.516185800518454e-220
2f49cfd3c0c735ca	6.802834169790731e-81
e9b2b85569b0a629	-1.4329274479649612e+201
d3c2aaf3550dbe1d	-3.115166122037637e+95
bb03803aab9012b8	-2.0163453083003104e-24
912f8d3b7193729f	-6.6594117450568654e-226
e7d3329fb192d9bf	-1.3685717322111947e+192
be0cd14da08908bf	-8.387022752258557e-10
b24ba670163d6372	-2.0512019664831634e-66
f03cb53bb5e728b6	-4.456959990789323e+232
4ec9d90ec8ec5cba	3.567910482473329e+71
2c1c9de74ba464d7	3.3493661311666007e-96
20e20e48444ce57d	2.757964503270345e-150
c486088cb766c2a7	-1.3006222032724266e+22
8970b2fe7ac89049	-3.314510115469866e-263
70f101094ad12541	1.0813068174206942e+236
a15f7ddd927baf4f	-6.1571215309275874e-148
15d5ac46abfab168	1.728148410919558e-203
472e3fe39a91eeca	7.853236509553951e+34
4e5750ae2c1a936f	2.5143016279931457e+69
b09ec6d460ca2c36	-1.7010725114706454e-74
8cd32c90c16a5e30	-6.855800718154992e-247
df2f77a60aae462b	-3.2189067955698233e+150
8f03a4de889b3b52	-2.4133693518841034e-236
11d099ea5f56cb1c	7.176018488165596e-223
409408c6f019a800	1282.1942752846517
66209b0cdd65142c	8.819899604910023e+183
83f5d05c0637d8c3	-1.3989995700566124e-289
58d70cd490f7de32	9.300182140156441e+119
0d04deea4de36546	5.969966187186516e-246
083d098388aa9da5	5.496396723036825e-269
b8d4556a7d588696	-6.118937072439735e-35
dcc47a3323c44db2	-7.620467578675767e+138
e43949eb6d8da249	-6.254676342831095e+174
e1593bcb022723bb	-8.86903437646301e+160
2c5622f3e90ee817	4.145443563996386e-95
b58e50318e81b155	-1.0127525168972014e-50
adc2ed00fc303311	-2.973072091248743e-88
b01fa938e229ff24	-6.83574854533585e-77
646f2982aaba0c8d	6.1658776698025234e+175
8e50fa18b365e0b1	-1.018410477348471e-239
e10b26083c86f94d	-2.9819102876857714e+159
964a3bdaf7137b02	-2.67752957452853e-201
961d905ba6caa850	-3.7717649891564834e-202
8bdae7b032bd08e6	-1.4679023024561728e-251
e791a7f6be8ec661	-7.86669412133518e+190
ae187d4097b59e98	-1.2310538228556232e-86
a8b719cb3a45dd8c	-1.5008864849285813e-112
bf77b3b6692bb1f6	-0.00578662161090592
fdbab1fcdb29e3fe	-4.3646554127321847e+297
0d9c5af55e958b14	4.1527698121615643e-243
1118e10faa19f5f3	2.625540521145212e-226
005c2ba020254fb4	6.268124748541894e-307
b3a2e0fd181bd343	-5.874172304921841e-60
2c03cd3ae1305ae8	1.1588131943841566e-96
a7c8d41e14221ddb	-4.9229298439687005e-117
a4b394f7138ee3c1	-6.896942849381118e-132
3122237adce6625c	5.133040049282111e-72
0510ab4a1f458db6	2.802439513178182e-284
7090432f664675f5	1.6158550684300773e+234
b7e8b0a99e45cab7	-2.2674264971970725e-39
c5741efe93d448cb	-3.891981361918792e+26
4369900d5c691f99	57562091817073864
8cda0ad47d9d6e94	-9.311571505264955e-247
d9bf50d347000921	-2.0701446159059292e+124
82a54c534ec80144	-6.51322489795312e-296
92f460b4c2bf1765	-2.3090829989121578e-217
2a274eccbc2b4953	1.2703196846414225e-105
752939b311f1673c	2.36725037185517e+256
9fc9cf57624cf486	-1.5039002401320646e-155
675517e870a6d2bc	5.873861181463723e+189
f4d1ff44ac1a41d8	-5.277884510769112e+254
60074ac8a29fc287	3.9037040526864187e+154
032ef3e077013469	2.4232152104142305e-293
600ba94fb16a381e	4.635979580782347e+154
3b59e66af50011a0	8.569614153182971e-23
11b92d7ab6d89951	2.7208116732482637e-223
1baf9ea8e727b835	2.496957618969297e-175
14031485a4e2764c	2.8338390104049425e-212
af5be87998c08b33	-1.4710638576967103e-80
bd7353e036e83487	-1.098649135625766e-12
3f615bdb975c0b16	0.0021189965144697938
d1e6c12931bf5cc8	-3.536362157010583e+86
9ee00abb69538960	-5.705171658438897e-160
178f2ebfb94e45f3	3.3372237618395405e-195
4ff3bc6b37a6cad4	1.428296217357096e+77
317b88ea4cbbf3f9	2.4934653987210642e-70
6a5d99fbf5303c0a	2.3202287734332883e+204
a491af12bf0752cb	-1.5571106340517603e-132
fe9d14e4dc36e664	-7.790300766345096e+301
1fb6a539a92df691	6.597546557383108e-156
e80470aea421f766	-1.1657129771354416e+193
c3623a00006d7a31	-41042570099020170
4a4ab924b0a8c5f3	7.811204815845183e+49
aac8cef8d1e57913	-1.3845597962183511e-102
a623e870be9d3926	-5.881915664859963e-125
2e874aba3ddd4312	1.4987052358340794e-84
2256706d672f6e40	2.8752052251047805e-143
d6024d536aa43267	-2.098786785779561e+106
71fc26735375a1aa	1.1731620090843821e+241
0f52d34af24c8337	7.400937468859967e-235
276016629024d234	4.984007656110688e-119
4628b7a54b5bc6ab	9.79155742885171e+29
425952ec68983b2e	435061629536.9247
904456d04955287f	-2.6201454011979396e-230
670d7412f8654a75	2.5630846877483793e+188
74539ee0f67c39c7	2.247652222380205e+252
59d8cdc54c69f355	6.558677843524011e+124
326e20d438efa62e	8.940147732161143e-66
496a075b39ad10fb	4.643681628186527e+45
edf5996285e737ce	-4.879706254865109e+221
00c60e61e0439264	6.281808856858986e-305
d3e43703f58bcda1	-1.3493366632042027e+96
0bcadc7e58e3bfdc	7.32758242242203e-252
cc1d225062b5d91b	-4.571933182751836e+58
eb4c6fd0b07dcdeb	-7.303775263514597e+208
31d5886b9bcda8e7	1.2479677400515716e-68
f4faae6f87d4c074	-3.129859052326781e+255
e493bcb9f39e725b	-3.1242321062781515e+176
87749a9190f0a0c2	-9.521621604070694e-273
19fcf476693c8e2f	1.7035904629122643e-183
e7db58331772b5fd	-1.9493405077798632e+192
786b967b5e3a9609	1.1659595523389227e+272
938dbef4ae36b77d	-1.725760485806995e-214
63fc4931b19997dc	4.3724791208667805e+173
ef289bcd7679f945	-2.914833276699281e+227
637ec04dd5908336	1.8568612277298005e+171
7b32186d3fcb2a32	2.6908191060426397e+285
0b25a9f47d75a9d9	5.771252297267696e-255
c193523ed14c3d54	-81039284.3244527
8a3452c70dfaecd1	-1.6522624734971864e-259
5c7c78c1bfe21f13	3.3110941993995415e+137
7c00237375a197c4	1.9659320044352326e+289
ac7fb96831000ce1	-2.37636244424296e-94
231aa14f915c2016	1.3976394476384988e-139
be83bd99ef2fd921	-1.470791556043713e-7
957597a4d7a188e4	-2.6901906505724165e-205
31120cfa6123e33c	2.5540828981618746e-72
b5c9de5e4e4972bf	-1.3828150397507353e-49
63caf4b096c1a9de	5.208588802382793e+172
dcbd3c431d995af9	-5.4398515682241895e+138
ee0a52da2e795eb2	-1.1894133050487328e+222
b04c90c568d01c0f	-4.933931569407573e-76
0168fd47c6c256c7	7.288023721705131e-302
0f44e98adcc9f6b0	4.1106895500968824e-235
a1ef705fb372420d	-3.147170545415643e-145
9d406d148cb609c5	-8.704959384216613e-168
fc5f6f422753d4b9	-1.2253603150244507e+291
e55f913bf867aa67	-2.0467045516324317e+180
a842d2b2b0899cb8	-9.554355680819806e-115
e0c57bd7b8483d08	-1.4748166794433618e+158
42c53d7c483336e9	46707644589677.82
f32e325e99d8f56c	-6.597915600774559e+246
69d3ec169e75e1fe	6.099789484184707e+201
6b0c2bbb211cac46	4.522166849212763e+207
2612f78c648a345d	2.8019484149372844e-125
62312efdba3b0c4a	9.895340922453612e+164
adf613f39e80c2d7	-2.774595884891415e-87
5d9656fa7e62f69e	6.810460210261011e+142
3695fe06a3fa2f2c	9.630550174881622e-46
25e4584373618995	3.7568582297184974e-126
08321f3c3162e016	3.4302857881257995e-269
c162c266bce790d1	-9835317.903267296
914f624fddd1254c	-2.6496101741713928e-225
d663e7f0f92be57e	-1.460941790428697e+108
3508903cc6ef74db	3.2056768492699717e-53
26f41cc108e1a097	4.867925603931006e-121
a298832eed5e5050	-5.025375369213635e-142
cddc3cba03206a7f	-1.1894902580727179e+67
c39e2448e5f3dfa3	-542985268193913000
5ef9e4a02fd76756	3.3108644421154368e+149
a4851fc8e8ff92b6	-9.300180054580182e-133
4f82a3a2652b2579	1.0538435195580386e+75
3104b2db4cafaff4	1.4643782106474588e-72
937f18dc7cf0bd2e	-9.020761396044118e-215
01fc5804d56f323a	4.232361523443483e-299
56251e6e48fc37da	9.68721996868808e+106
0ee50bf95cd5fab4	6.464262040279643e-237
93e265d5344de559	-6.831225181989542e-213
9436a46a57c342d7	-2.6903116295962186e-211
ccae1e7be34e40ab	-2.4199746051306998e+61
403d95c6a220bc04	29.58506215380841
01acbc5452e89fa7	1.3408973799791758e-300
6297ba092f0ccca2	8.744500410521788e+166
65822a2e3838b3ed	9.421873325746275e+180
e6e59d2ffd4aa66f	-4.702217729085685e+187
9965472c019b226c	-2.4451404380143754e-186
df048067ae00bb83	-5.242944222894966e+149
9760605bf602f02e	-4.381586140855938e-196
a8ebe18d4f9f57e0	-1.449175346172107e-111
0903af71e15b91e7	3.0525062353243466e-265
ff8032d4c2830919	-1.4218768667883657e+306
d7af61e949d9d820	-2.415101792595057e+114
2961c88e1e701676	2.366283814258106e-109
8b65dd092858480b	-9.319052989646561e-254
0a7e2c473123dc3c	3.924837358926399e-258
1e2b54aee36b70d1	2.3730375222838402e-163
2353db495f603dd4	1.6674262537007416e-138
4388a699bc2e0bb4	222034517068707460
d64e1618852e979e	-5.52023313021551e+107
ac72f270b5ade6ae	-1.4192619707646402e-94
267c6052e4b8d849	2.682853853654126e-123
098175b1c1df836a	6.930932287984353e-263
07e9add378294bba	1.518980328635453e-270
7a9a41b56733e483	3.8129022029800884e+282
6fd2a3124daf278a	4.520980725157723e+230
82985785857ec591	-3.7220175152272883e-296
e455a5974c0ad164	-2.141568637241545e+175
d2ed14977f8659a8	-2.9618947860524695e+91
22d37dd1e04617c5	6.393621712923068e-141
756a75da41f42e72	3.973032199740296e+257
437b818f5a057d6a	123876432988853920
40a0b07e83443e09	2136.2470952344634
9426952b96f91b2a	-1.341617925806495e-211
061c3d64b7af4a3c	3.1114722148872488e-279
83f44c4845d467b6	-1.3017780758041108e-289
ed7aa7c789c17bc6	-2.3523496589241245e+219
7184fbda31065805	6.832044360753055e+238
bad625c6b3b584d1	-2.862505452462974e-25
66db0d86ea120853	2.9427284118627145e+187
c81f863f23d73033	-2.6817994419049167e+39
f65437e465b979b0	-9.947672991834675e+261
1b64c217e7ea1304	1.0245231365964482e-176
14d2f9e136317ed6	2.3088185477036833e-208
249df643d0eeb649	2.6382279350346497e-132
c2d53e1ac7dfdeb1	-93425925848954.77
bd35f6157d1daa2e	-7.80220879621317e-14
c359ce42a8af924a	-29054640444033320
06391819827f7a04	1.1059521249433122e-278
cac65ffb261ed387	-1.6742907367582446e+52
71a7fbb054e627d8	3.1234385300823602e+239
93b09516a350a67f	-7.69643956325544e-214
447cabb0f052a595	8.462087783648163e+21
38eaab45ddc58d04	1.6050841486719965e-34
e0c25df6c4e5c148	-1.2608605885348107e+158
e5531aee47dda4c9	-1.238708095390631e+180
9bdb500bca935426	-1.7254677193976744e-174
a2ef418d110658a2	-2.050530569534241e-140
985cc0cb08f1bdc9	-2.520852366274687e-191
d658cfcd3b800bbd	-9.104905239444055e+107
64016e0671f0d626	5.388644913024671e+173
0db0543ce1cd2347	9.56587118631277e-243
f119d335a49dc7ca	-6.568974353694345e+236
90f5b6f8e37e184d	-5.7289867333119485e-227
2e82a6b630df281c	1.2001027032468982e-84
6e449cb24786e93b	1.49014643005224e+223
ce99490b10b30037	-4.3628225020333983e+70
660ed5cd2a525956	4.0944314898882126e+183
4e6d94aa63edf016	6.3799581363074204e+69
600482c1fbc7870f	3.437556219392918e+154
6fea311c10fd1af8	1.2707280295406517e+231
c7ea2609e643b41c	-2.7805948764919345e+38
88cff3fca0b95c24	-3.0967524156913728e-266
ec8eaefa136fb812	-8.263649156451432e+214
69dccea4f10ee2a0	8.820195776184594e+201
860475ad1e8bef55	-1.1271266584783844e-279
0f4ea245bbcb9706	6.021647834700959e-235
ec4d41f3ca137a8a	-4.924770875701953e+213
0d0f6d4bf469de18	8.989502359287941e-246
3afd806dd4fcc7b5	1.5252008965514808e-24
cd4277b0f532fb2a	-1.519421383476643e+64
e0aa2e2108a5ce56	-4.4930429432959173e+157
9c858ac1966a39cf	-2.787140283075756e-171
fb259da65abe442e	-1.6071544631064497e+285
d5426b539d20afa7	-5.156800779576163e+102
9255726dbf014041	-2.3732826977815163e-220
762c5365745125e5	1.7420793536136165e+261
4d581ff39a6d4ca0	3.9697486182235085e+64
4cd3fedc52048c58	1.2852643568701687e+62
b2725e7fce059681	-1.0901586934339559e-65
e664958bee6c33c1	-1.7492852548659103e+185
6a90deab59f54729	2.1156657160841465e+205
d313eb8162100ab0	-1.623105619772196e+92
0b815973354a0da4	2.95800204858607e-253
eb284cbbb554e164	-1.5603018868826965e+208
0676ced82a1980ce	1.6083143705277963e-277
5a09f40ef588cf0a	5.490118106031341e+125
6156defeeba134fa	8.038672270138406e+160
6afc5ec5c5b544b7	2.277086414379091e+207
c951d6e682208b20	-1.5913325419096954e+45
fbdc92c259182600	-4.350868228065878e+288
e6d9156c4aea1d96	-2.7285293862908417e+187
2243fe7aec1e873c	1.2809528265206274e-143
a3da31405bba3499	-5.6306310216161924e-136
b80a5bad9c8fc052	-9.682443323027874e-39
f433f010cc071408	-5.709954870720801e+251
fe466a2b536166ea	-1.8763725986513077e+300
883f3fb496f88250	-5.915043122519818e-269
50eae02991170d9e	6.373347001051672e+81
643a4c4c9bc88835	6.504305768946503e+174
d303c712d7db8ea2	-8.057549286494146e+91
67fc2905b943f50b	8.029964946360155e+192
3bbc29ba6fede91f	5.963747447055452e-21
8b026f781b4c8dce	-1.227797875930448e-255
d4541e34a5c40a5d	-1.7188707047020595e+98
b578bb5ae066e033	-4.131401898254979e-51
b0735e63ac55243c	-2.6763428858762093e-75
1286aaf53cd54a39	2.0067008220126075e-219
27d63ef0e1019074	8.821672885568988e-117
b2e04793f85d29da	-1.2366724786026825e-63
f1aeaa49b8149f7a	-3.9936701548405375e+239
54829a67fe014980	1.2715547430959292e+99
311561183bf3dfe3	3.025060354767408e-72
41fc63647f80302c	7620413432.011761
4934112ea9272066	4.475116906630187e+44
e8531893e3669b53	-3.484975845143789e+194
319089f535690de2	5.990838045112022e-70
8e7db6882d39f11e	-7.129682322101244e-239
705d2af375672e32	1.8113400840038985e+233
8485ea2201f76e82	-7.195936472575656e-287
68cc4ab1d2d955fc	6.60887282630362e+196
f4b3902f50705df4	-1.434289238989002e+254
2210f273b78f07dc	1.3571783512143123e-144
b9e120a6234065dc	-6.755621405873622e-30
d085b601aef10143	-8.044664917357452e+79
55fde3cfd90a96ad	1.7138105483563056e+106
f0311b02b97767ea	-2.655661425331221e+232
e4cba8cfab9204e6	-3.502599759493182e+177
8ad89d41b76eced9	-2.0491365991930688e-256
b80ee9e3c365d43a	-1.1355874799455277e-38
45b7b1abc3d3852a	7.332946232988026e+27
dda50eb1f2110188	-1.2839046183226752e+143
962d7b98129281d7	-7.522834114254603e-202
17a050e3aa3bf99d	6.984668772339747e-195
740e50397f2cc89d	1.0851773760406578e+251
21dc6bc2382bcf90	1.422526702836434e-145
7ae400fca5844da1	9.295647106036061e+283
aa3f0c993e2d20af	-3.3844813644369836e-105
dd293bd3b037f9ba	-6.009923006354694e+140
af13597a43b317e4	-6.374577797761547e-82
08bf6f234e34cc4e	1.5232294558839686e-266
2011959046d004e1	3.2787299811167993e-154
8fccff27152af153	-1.4591562092874384e-232
2b162eb336c703b3	3.961598242960616e-101
0090158b460fe7fb	5.726149749869123e-306
e4eb8ae32343a738	-1.3951190207806794e+178
a33511aa210a746a	-4.423092080641826e-139
9f677689477ba412	-2.136172959536684e-157
4cc6402e1cbb8baf	7.151100430703392e+61
d405f4483b14e0ce	-5.861743073168664e+96
46a31a4898ab1f1d	1.9372409109014147e+32
925095999c9d48e8	-1.835195335230613e-220
858a17282a81e77f	-5.614560315801404e-282
dbaf85484bd489ab	-4.4746909566811633e+133
86d11fbb01e38828	-7.728013319845546e-276
6c30bb3b11ab3490	1.4081484863394792e+213
9018ee8c34ec2568	-4.014740151585824e-231
b86ed4483e1b425b	-7.247916514418779e-37
9c512713aed0720a	-2.7740454039732113e-172
b2bd2a02e8515e7c	-2.7692975247929562e-64
b04949d3b71fc82a	-4.3678954125636965e-76
8d4f4bc7e2c4a25c	-1.432328479924673e-244
a76c3a7b244a072a	-8.745378743894845e-119
f141dadd8959e5d0	-3.63333181202448e+237
09945b01dc73751b	1.6160898529314264e-262
e8d9c213c3e2819e	-1.203403427528571e+197
e9f006b6cdf0f685	-1.962765384227628e+202
b727ddb5deba245d	-5.350954901714123e-43
dc08e1e5c6b01e1f	-2.2606876067263914e+135
6b0008662b935160	2.5736924496726075e+207
7651465f8dcbab52	8.499466663175135e+261
ec937742cd15b99f	-1.048505191479658e+215
3eeaf50c6923e009	0.000012854204474596635
b17b99988b57ef3c	-2.4993659670182117e-70
a0bad8e48f6283d7	-5.126037640746702e-151
3c19873b9322c9c4	3.4597233916363983e-19
895fb5e983b7e918	-1.5735052263801133e-263
ac0e1c129e011154	-1.7620459867985635e-96
39522761ca790e7e	1.398520648219307e-32
9d61cf0534a695e5	-3.775061047782461e-167
25529be8b3dbbf1f	6.711589032374222e-129
433f9d63a2e7006a	8898775538401386
1fa642ff28c0e963	3.242878672098971e-156
887ee135df550839	-9.352276492000804e-268
b410f510fce6a969	-6.753630568509501e-58
10b82c0cb20d7490	3.9858148014856646e-228
8f70213fe1a71614	-2.536498124523074e-234
6fd76366f4c7b5db	5.673553588111357e+230
4de64845193bec72	1.877280428689568e+67
f2065b28150bb4b9	-1.8633833309541674e+241
10080b973e26866a	1.9359900418272284e-231
339d92ffb98471de	4.6010197242148544e-60
c04aea213cde1066	-53.82913933604213
24874eef6603c002	1.0261793557010658e-132
de726f63e056932c	-9.207968333616501e+146
74524c9585debcd5	2.096271143620827e+252
1ac28b173fa99627	8.937584731957813e-180
a0c362b15e31bb9b	-7.402690834282747e-151
411f087aa2131632	508446.658275935
da73fd581ecd5934	-5.412561505580036e+127
089bfbe18b1be252	3.3900980450638176e-267
1d6ae6ba760d4ae4	5.7025014333534485e-167
35650ccc0b6410f2	1.7581770729872133e-51
a6389daf0429ca49	-1.4545827615919884e-124
917e6bd9dca9debb	-2.0546644802187348e-224
08a76d8447e47eef	5.676300215620899e-267
cf06a493690de279	-5.000812000207578e+72
7d17b3d8e6f23bae	3.7845169317091065e+294
9172c6cdfccb4118	-1.2681766413714105e-224
09e966ec83aa7ab6	6.453606381270582e-261
536745c8c01d1cc7	6.068110358397309e+93
133c6da54f98dec1	5.1541145704075085e-216
dc5a48c13d066e60	-7.641749347074771e+136
e988d6a598ddee6b	-2.376576919517702e+200
870300830571724a	-6.860460426521925e-275
4c3cdd162450adf9	1.8117987359180996e+59
0c1d34cefa10900c	2.5495287196312174e-250
ea3de4848304b592	-5.8576235740026055e+203
a3691669b52aa1db	-4.213376397699532e-138
c3279b33387d8173	-3322284378865849.5
82270e1a1f6b82e8	-2.7541085542137115e-298
89e01b13dac5f412	-4.09180856280893e-261
ecb7401192192b2b	-5.009390386919859e+215
58fe02358fa52349	4.8431112865692454e+120
524ec34fcecbaddc	3.0598246303504255e+88
d57e7ce446bcc335	-6.828502014891293e+103
059b8758db6701e0	1.184812872274043e-281
503895ed1227814f	2.846823624185338e+78
a3cc19483c442e7a	-3.020223651380351e-136
88ed655fac9478fc	-1.1395724594663836e-265
52f6ce19ed80dbe3	4.645477477102099e+91
2964d33dd3667d3c	2.7710220012248985e-109
84ff98dc8b6046ee	-1.3280411885750132e-284
f405213054422d01	-7.564122944827057e+250
2da2bbf0214c555e	7.357408729839677e-89
d71fd50d9a721992	-4.7845995759138017e+111
f146937246309e26	-4.59401987782961e+237
eb7aef5c64b7b694	-5.534444501715912e+209
deca8b667b679a15	-4.242706219871417e+148
8c8abee7b1905acc	-2.988463294829055e-248
e3f972a8782e9bbe	-3.93377197103116e+173
c078cc52e7aef5cb	-396.77024048179436
1be6a14036161247	2.8592681466655645e-174
7f8f85686b7a9dd9	2.7668608028898077e+306
20f59699d6f90eca	6.595083659137137e-150
13269e1adc527368	2.050310306184393e-216
d5d87497b215df72	-3.505532317920477e+105
3688ea6f5366ee2d	5.455377797261116e-46
5ac226fcdda897b2	1.572822524835615e+129
2488b3bd6d1e5282	1.087541798284381e-132
4e866585c4e6175e	1.9321932722129034e+70
c7b75f58a7d567b6	-3.106731025380782e+37
6f57e6c7e266af00	2.264861558025128e+228
c7502ca39a4195e1	-3.3592855075834886e+35
b741d27f2cc0ebf8	-1.5983549316466516e-42
064197c7a394defb	1.5507122110273805e-278
313ff91e0d979c10	1.8096141687193515e-71
3ca9805a98fa076b	1.7695138693996109e-16
daf66760d557e1cd	-1.5529599094684444e+130
04a4fa3ae79d0eab	2.755288382888207e-286
8f41fc6fa944c529	-3.5354922310703944e-235
0dde46f965218b59	7.094794501591835e-242
dd1aaefc9068395e	-3.177616365044009e+140
7f35ed1f905be6d4	6.014509925390423e+304
7ca3021480d000e4	2.3710739243384055e+292
9954d0c26adebde4	-1.1959935760630058e-186
112e09f5d208fe5d	6.340118772891007e-226
75a42f3cf83934bd	4.849140933010254e+258
0b7186aa4f3fb478	1.4940576804726876e-253
8fadfca03705733c	-3.7724524750616603e-233
b5354e2d82eceaf5	-2.224385664416137e-52
e9fae0ac0808713b	-3.2917587124043166e+202
c3cd57ac4e248530	-4228696003387744000
0edfa451b0ead61b	4.8592091017989946e-237
af11a2eff2cde669	-5.810224939408945e-82
8e1ccc49e52917e3	-1.079706816793564e-240
3d77952935888ac0	1.3405190231417746e-12
bec38da821aba873	-0.0000023309405724386002
c019a6016fe671cd	-6.4121148571397955
9a2fa562bef99643	-1.489539367467139e-182
0a07bb3b517414eb	2.411663112832494e-260
aecabeffdbb16cd5	-2.7535409346360582e-83
335d4fc0ce0550d2	2.8500958529108766e-61
e7fb797d92473ff7	-7.834444043322552e+192
c285404b3b0eb4ad	-2920735531478.5845
5ef72e60dc550c5d	2.964101927777447e+149
c60cc4f28cc7dcdb	-2.8491760464885698e+29
9ccc69d52f2ee4ee	-5.881875182254277e-170
85d8fbd7cee88646	-1.7204493007325196e-280
1a250396f0a4491d	9.891036884916598e-183
497d6e1e73655461	1.0501029185091876e+46
e4ca0a351413e693	-3.29751147422904e+177
70f7ec9321dc8e01	1.5213620935059856e+236
b38237ef5a8a0750	-1.4171747366232754e-60
56614660ab025ff6	1.2678396158164656e+108
ff611e884abe6ad0	-3.756736942154808e+305
7b610d6203616084	2.0285619158958937e+286
c14f10bc4848a310	-4071800.564716704
d97b2da52535ab82	-1.1228986380454469e+123
98f1d7a0e2b552e2	-1.6018193215804133e-188
55cfe45681eb6e74	2.2857541161870087e+105
689694a6fa433d47	6.593470662514819e+195
2099e5f298d2d7c1	1.2362102140494214e-151
87784c5450a3ee8d	-1.122890356852897e-272
83395eb4b51ed2a3	-3.972315688980838e-293
861a25c696f21677	-2.8809467126127643e-279
53af1149814b58ca	1.2960905609716208e+95
a01fd1831fdc0e14	-5.9328130326377194e-154
5dc6e27bb0b1955f	5.581271767279058e+143
c15cbe1285447efd	-7534666.082305667
59e0adb0c687f8fb	8.820326279095616e+124
0a8802d7508e107e	6.246629442943469e-258
c2b2befe38cbbd48	-20611518221245.28
a331c5d9eadfab9c	-3.731120231825008e-139
ea28ad0a0ebbcb0e	-2.4176904951094554e+203
8c9c2c83288548a5	-6.2960792403031714e-248
b3a4a5cdc4bfde23	-6.424538613267497e-60
d00f925e6acc2cfc	-4.5696990787046593e+77
0528b1f571d517be	8.303587974510464e-284
b7757bcf199e6ee9	-1.541374776857642e-41
5c27bdc8d843e8e7	8.628064782864116e+135
0eb413481777f1e6	7.707364253382118e-238
c023ed230d7dafe0	-9.963158055870679
a8bf87a0513edb25	-2.0485317928930807e-112
c11dff08a164ceb6	-491458.15761111246
2ef04f0fc5262c67	1.3432106272441528e-82
15f34a72eb1bb1ac	6.152810367749459e-203
38e1985b76b5486e	1.0589693073667754e-34
28a411f2f9da935f	6.519908021126035e-113
dd95f667087ddeab	-6.695452411799737e+142
c6b4089fb35ea2cc	-4.0633144233433635e+32
87e538af3ee9d237	-1.2553026050872684e-270
91493c606e698742	-2.130547063508742e-225
8ebce84265209298	-1.1098145377563425e-237
99068d015c77a312	-4.0490646483491835e-188
aaa35418c426b508	-2.696806043685881e-103
4270352bde7b9f61	1113784707001.9612
1f6adceada006cb1	2.4457165273208636e-157
2552c83af6e37410	6.774030734815667e-129
94463c202b80ade1	-5.283814498895631e-211
f9aecd1f21aa9e39	-1.3650056388806601e+278
3fdd66eff319228f	0.4594077943807315
3e5d8c4b7541df81	2.7518744020033994e-8
988ac3f9de45f3e3	-1.8772781451130748e-190
670ddc1f4d441958	2.5984536069035668e+188
0380b38fabda7797	8.368109873474575e-292
40344563db9064cf	20.27105495715369
3634062b68d69733	1.3701045120514156e-47
fc25ef4b78595a0d	-1.0688049051285073e+290
3002a3a1eaa082da	2.012139767348094e-77
a58c4b47b0731b95	-8.163702355527288e-128
b33b90b5e4875443	-6.700747278892475e-62
cfe95bc476a4980c	-9.175968190694348e+76
5108311eb2508beb	2.2947657378779076e+82
c69af5dd9c02206d	-1.3670553357514486e+32
d9f2612a2f3a13e1	-1.943985790016446e+125
c586ad0214fa4731	-8.772280268206508e+26
df956edf3b9848f8	-2.8063555127595214e+152
626d66db187a5180	1.3545070231297653e+166
1b056c0566377fa7	1.6520064209667933e-178
b1b8b3865ecc2c22	-3.578988249777552e-69
b24831463875c5b6	-1.79469774396793e-66
98abff370ee0feb1	-7.854584499248914e-190
37ec136a05a03cea	2.5783583765867855e-39
4592c374a275fcca	1.4517553757488773e+27
a07af5bc276c519a	-3.2172181932215666e-152
06b7a195a22a6237	2.6661806459982467e-276
23f25521439e70ca	1.5763932740208715e-135
3d69b7297a1ecf0f	7.308778049062841e-13
dc10a0f0c9d65a17	-3.021591074627856e+135
5003d0fd6990db93	2.8682231361380483e+77
2eb2dea2d9b22631	9.713272537089693e-84
33fd59eb80cec4eb	2.9224524091967678e-58
522290820668c3fb	4.616274638695584e+87
dce232f0cd338a6e	-2.7090387719160087e+139
33bc9e71ae2f2748	1.7809598962197765e-59
1206474b87060dbc	7.704049721592571e-222
90847264c7d75d00	-4.2144385468792816e-229
a29e2c5b85ba85f1	-6.185922236197334e-142
759d2113e65a104c	3.4990085361878024e+258
2e2b8ec5a19326bc	2.7706028086477076e-86
6ddc47de41d95ced	1.5973038151717385e+221
22ddf02f07d39623	9.820372896333716e-141
d7ee59a887b1af65	-3.737062076285252e+115
f9f79f2b484dbe62	-3.3498714337172855e+279
0fb1b5e218b0c5e4	4.456087665697969e-233
0184f9a248ae29ba	2.4469160076316105e-301
3ebcc1b677c00c93	0.0000017140323214100017
bc18a0faa8f12bd9	-3.337828164768005e-19
3cc3ee9c63198c94	5.532261809188589e-16
03ef9ff1f22938d9	1.0141023135289499e-289
737c3a4072bc4b1a	1.9736473997090146e+248
8031a85512510bc8	-9.822337164443972e-308
562a59dcbf2b3dd4	1.208720767998095e+107
caabe21c6bef1468	-5.216180473008042e+51
a5284bf926b08792	-1.0953689573118632e-129
fe194ad33f2b6f32	-2.6465724614059225e+299
0b6dccd4ec15a04f	1.2701989055311009e-253
5b91e46184a30a0f	1.2699883392494969e+133
59b1873e43980135	1.158718325494839e+124
346e9daa1cae66a7	3.901912474170289e-56
df273dda2b105314	-2.3774646452651066e+150
0f2ab60d648c65f8	1.3126406746627763e-235
ee512dc1b6c46e95	-2.4838652587691866e+223
59ccb0de3535f195	3.793256899219086e+124
ebe596d67ed03369	-5.6781090459501435e+211
6f18c9d7b2604a06	1.4680676749220669e+227
df3a2556e985bb5e	-5.349100258124304e+150
8324d10939ba4ceb	-1.629682222734702e-293
74c58bf872e7cd85	3.159426985233597e+254
e1b22dee25f842c9	-4.089381069624155e+162
998ff7398a74752d	-1.4693227359044893e-185
9eeb3fe5dbeb8eae	-9.69108628985386e-160
edfd6d9149a2db76	-6.648406207238618e+221
4b4e5010a8ce0676	5.806770080774483e+54
681ebcb64e8c4d32	3.505911314246375e+193
2267ba4770c92ad0	6.080605715455146e-143
e7f3033975187e93	-5.421489866643895e+192
238e5d36ed35cd62	2.0398239199894866e-137
c7ad42ee91e617d6	-1.944757112160273e+37
30833558932bd7cc	5.308378607774667e-75
d396478577bbacf6	-4.64731127940448e+94
4688d164c82b99f6	6.292096336814615e+31
d9b58bfc718dccb9	-1.4243654454124714e+124
cb4b9e34a9250c32	-5.2905560143374384e+54
1cca4403dd0bcae6	5.437273421784717e-170
2ebc416d74a7f685	1.4544720680054193e-83
c495647e6b489e13	-2.525587000053714e+22
69d2889620caca36	5.674603348741458e+201
480ae8f0b788ad3a	1.1446215385902684e+39
e7d8398dfdd4d6d9	-1.7269424345509908e+192
86f76e9e0fb7fa8c	-4.2299493917238435e-275
ec265d1fd730757d	-9.41091633679685e+212
ea688ff28940f519	-3.850490076198793e+204
6b9043e81e4331de	1.3368356436324016e+210
776171a273f6bc08	1.1249400747793237e+267
2a8a28539f8f8df3	9.124060789114625e-104
a80a878be788e536	-8.416284182965559e-116
9ee54c81d9db905b	-7.574755095757345e-160
d1c413d324751b8c	-7.800763829667238e+85
679fd9ce086ca43d	1.4191150772434645e+191
018203487c8f541d	2.101339257374305e-301
579b5c7bbe906c51	1.0528209587269083e+114
d058ae5c77fade35	-1.1431503821400959e+79
abb16d4b451186a7	-3.1870017604332246e-98
cd6ed4e5e9bd9c9c	-1.0146718586315143e+65
1fe800ebe1588d31	5.594594436249841e-155
ef247c8e76041654	-2.4265852076258955e+227
6d136a530b78459f	2.6772051748850977e+217
7abf2b3a64dcbe16	1.8104930272804854e+283
90def4b98777803d	-2.041773236037596e-227
99736b2576e194ee	-4.462921742241903e-186
cbf2acd053749f64	-7.326575789492836e+57
d3979a283a83c261	-4.923236589871517e+94
1b37a3c606ad9841	1.458428927170354e-177
0119b0f3d7fea570	2.3414728174092636e-303
69443fd839565867	1.2109303435302459e+199
b902e80a64789b6b	-4.55155230227225e-34
95addcc1e88890bb	-2.97643702742774e-204
a96e33748f101a74	-4.0185823005541903e-109
0785573b012e50ca	1.972438589753884e-272
add9df7150c1392a	-8.128774743572013e-88
8b6c19d802b4a393	-1.197773504097136e-253
4e1796f025f0da14	1.5899360208418672e+68
e8faeced1985dd9e	-5.031770613674715e+197
e4ffdc25f0150098	-3.227621451915724e+178
50c33bfbc0344485	1.1403166508713531e+81
5c3cda37283168ca	2.0971044610047794e+136
a02d619e8fca55b1	-1.0956796913696389e-153
6afef6ef304ad33e	2.4853200830085676e+207
2f89e3286e71b11e	1.0916376680372874e-79
5219fbd7c10681a6	3.2305820155824296e+87
377b6edf0eb4d26f	1.968227758655126e-41
0bd67a7357977fdf	1.2263869796662787e-251
b5f4bec9679c743f	-8.87155210880987e-49
ca67f6f2a38c396e	-2.801948833247196e+50
b09c8cfe0168d39f	-1.5780422171214013e-74
787cfc52192f3a89	2.4500717771151155e+272
31b2d3761058f598	2.7277183651135763e-69
d395af4da9fbb213	-4.5232818761587e+94
288e042fe979956a	2.437752508715518e-113
a143a8805e2b9789	-1.9217464548780657e-148
b78e9d64e067c1d5	-4.3930112981547123e-41
13f0d29b3dd57f0a	1.2492756850743096e-212
d4bab410c526548c	-1.4601747302362491e+100
f94db9b78114afca	-2.0583279493083177e+276
8951523cc1c6f557	-8.594938543102995e-264
f2ef46c15cda109a	-4.2711328043741456e+245
c7e2a03eef40104c	-1.9806518308997654e+38
44753be8820107ec	6.267175499706795e+21
fd6604d282771fac	-1.1250197170496532e+296
51d742cd88597f4a	1.8075328560806708e+86
51bdfed2229ef5c1	5.827111865759943e+85
78f3d1925af38eb2	4.288544292155974e+274
4f9ebf20972490bd	3.476769544389123e+75
a35576a4bdbffce4	-1.8023600793451083e-138
0648e3555e6b86c4	2.193736143186017e-278
f8d1223d4e4b62b6	-9.26890530953837e+273
61abc4b83ea5cce6	3.123195033841583e+162
6010a03af6ec9c11	5.572921755253045e+154
c8bf5a665d82f87f	-2.731242343703031e+42
532e3e190947d98f	4.928416170795079e+92
bcbe5634b9654c08	-4.2100686836015725e-16
0c6ccb3a3473f65f	8.043284608425766e-249
1dbe53632d9949ca	2.057091868077967e-165
90a178da48f687e7	-1.44051547547468e-228
994f57a204dee19f	-9.004172070063708e-187
c540d0c9346a73c5	-4.065755382957659e+25
384f374c0a7ddbff	1.8347118204083652e-37
914e0cbe4be57e92	-2.536965341965384e-225
62dedda9941f829c	1.820103579908898e+168
edca27fa8f935f60	-7.386538072854383e+220
6b9a86bf52e21839	2.1801912828681523e+210
2d4329ab46bbdf90	1.175897845056696e-90
9471e7b4b8614d17	-3.403923711680154e-210
a9bf5b3619eef11a	-1.3351384173466404e-107
3e778d7c34d53890	8.774055722702164e-8
eb295f13d9a0b1b6	-1.629113700332038e+208
3d54d9dd6b8a77aa	2.9631102694792256e-13
8a9b87b5b7c60ae3	-1.4324245979664361e-257
a5d0646e82e3e8c0	-1.5134985943782493e-126
0089709dfdc23dd0	4.5284544307113646e-306
f5747d6c21e1c000	-6.153140137827716e+257
25d852f0df4ee353	2.2458286036074522e-126
67b4dae161f81635	3.716785399595134e+191
04ee72ea9cd9a1d3	6.3989042912107636e-285
b49121e285081f34	-1.7467794163976813e-55
5b355423c798d39b	2.365494382859366e+131
609070aebe357a6c	1.410730195072559e+157
3e66a8d084e770ae	4.220648063314049e-8
34a23f371bd83435	3.7208376298017e-55
b68dc9daf9674e21	-6.522277475876472e-46
04cfa870c9fbc290	1.6632487311424035e-285
849ad2c406858905	-1.7615557888846272e-286
430b2837e7b6bd11	955505618376610.1
3284267b7f28b69e	2.391734334979356e-65
56930e03dd3dc0ea	1.1187720868296947e+109
c136fd3acca7fc32	-1506618.7994382498
571511e2500c45b6	3.166941585059834e+111
cfe7d48b9ba36830	-8.622984507112676e+76
22077f22718863b3	9.408436865266676e-145
c23994cce4adff1c	-109870638253.99652
328405dbf5d8a444	2.376608568328408e-65
cb5ac96cdc970ab7	-1.0262669534722862e+55
85ff7eb72f1cdfc3	-8.675318233886325e-280
2878539163463014	9.87825323222929e-114
0dd8b4767199427d	5.7890481671861706e-242
630f1c5690361e94	1.4676324644215179e+169
2f725ba6e4d39d05	3.8706766328935215e-80
791da13c6a72b381	2.5646327653035838e+275
bc533d80a7895e51	-4.1720629470608e-18
04243670dfa497a5	1.0370450757609403e-288
e75230ad89bfc1ce	-5.065397338197754e+189
414118ad28c5b967	2240858.3185340646
62cbc4f350e092f9	8.187534145792131e+167
154de7669d8f0576	4.6571577525371083e-206
d91e872636b238bb	-1.9707683842875605e+121
45096d497caf5a39	3.8424048792268605e+24
6aee086dd79c4e1c	1.2052709395873468e+207
95a3c7534473ef17	-1.9713730468636126e-204
0bb3683fb023d7c5	2.6470796641420456e-252
91b947a890cf7ace	-2.731862584492948e-223
8d4625a577a68adc	-1.0136068555673098e-244
79566de229a48577	3.1062073589275964e+276
984d07b22fd0260f	-1.2725672549997768e-191
492ba36795ace544	3.0817733550184655e+44
2988590677b98212	1.2958970340513399e-108
b887dc0f23c5ac0c	-2.243746566586325e-36
5ec882ee9c39d124	3.917752019393192e+148
65bd476a675c5982	1.2149353082813352e+182
61e199340a213ab7	3.166956434636256e+163
838e4d8c0dc2faf3	-1.5183037518563236e-291
010ac41d68a053f9	1.2197169351923068e-303
39371056bc8a04c8	4.441930829851621e-33
7e7c22e1be2f81d1	1.8842651010954437e+301
8ca55dbbc557e872	-9.549481180462783e-248
336f3f9e470e2fd0	6.076873379146526e-61
dc79bbea8b954368	-2.9927203756421674e+137
5cf2001482e143ec	5.358929723803031e+139
f90e42e21b11532b	-1.3096435332444195e+275
1ff159b1ac2b1992	8.087809454179463e-155
2c3efdde832dc79c	1.4509299915613721e-95
40151413b077ae58	5.26960635881877
f22d1c46651b6614	-9.705444751217782e+241
32e5bdf82e0515f5	1.6516262501332885e-63
1bc586a8c90ab720	6.799486648029069e-175
6231e23790928c8c	1.0298501919767975e+165
e16eedada7b12bc0	-2.174130389691636e+161
dbe43e24d83296b4	-4.59787949069056e+134
d66e2b0672d2b2a1	-2.2140934479391887e+108
b4569ca29f9f0723	-1.4409106234822097e-56
90104b5eb6033b83	-2.623868605103147e-231
ff15547ae6dde857	-1.462737852678164e+304
2133923c3df34b46	9.5662187935229e-149
c7ef806bcbbd88da	-3.3498294581622033e+38
2e7844a9fb438c3f	7.807628338314109e-85
d24102fdb1c5a5b2	-1.692061105929821e+88
ab0f066b338a32ca	-2.77041152754544e-101
cfba4c43407f841a	-1.189487859595891e+76
af6f10e4e3057dfd	-3.2750384261152353e-80
dbe58fa02826efa8	-4.897311570927881e+134
4fa13d6169a80587	3.898884207375894e+75
4a02f06b95fcd7ec	3.459948312807373e+48
ef2b5dec16456b47	-3.241545257501802e+227
de970cf1de2f5dd5	-4.605316466011215e+147
872904ff516053a4	-3.6132078648092995e-274
398b3bee802c4635	1.6784314902478688e-31
15b6aa40df278ddf	4.518139909685796e-204
fd1328b198add2d3	-3.0590579575389744e+294
7c03d6a8dc0c6da3	2.4166568668847813e+289
66bc8a9f0a0d3c68	7.761648286942561e+186
1d8d3fa8f5743014	2.4800392639318344e-166
1da7bc4fafeb0258	8.050307069939962e-166
3bacd488868d06d6	3.0525170293063486e-21
ecad6a5d7d3bbf6e	-3.168859543924031e+215
50193aa59ef98163	7.303322507797496e+77
746377294a4d172a	4.45975866857626e+252
fdac4cbef34d62c3	-2.3134969439284782e+297
bdb084690a83ac17	-1.5022331171672103e-11
9f2f01779f3a0017	-1.764307483060029e-158
38297eebe976b731	3.7462692324689665e-38
cd8197d91023c4e4	-2.3159694528382944e+65
7f5167db26efefce	1.909795249505897e+305
b9de0ae568d04224	-5.9248508628202434e-30
720abfae9a12c771	2.2295138019682132e+241
9d6c47efa7a409c7	-5.9949723731745e-167
f503aba98eafb9d2	-4.614907191494131e+255
4b2d66181a2ca80f	1.4079230620211684e+54
6a8cfcb9566f60b4	1.8176630417415078e+205
f54e0c88af3dca07	-1.12796538848366e+257
d9d90619da510814	-6.616861397589457e+124
912d421d14b12bea	-6.175351805359272e-226
0842128c08654725	6.841808183036266e-269
b0b75bc522351262	-5.164230210024624e-74
8f5b599e69759eea	-1.0752312731134105e-234
8fbec47eb114d326	-7.741344507834357e-233
4570d55ea4bc6cd3	3.256067686257696e+26
0de510405245b176	9.871511263928487e-242
690b6b23898e2b94	1.0247809293601033e+198
d36d30aada7108d6	-7.61104616206385e+93
961d19039291103d	-3.7122887142361e-202
a24be6b60d3476f8	-1.787537653143839e-143
fe8dd6adcf52c4a1	-3.9965382015796043e+301
6f134702f9939b9b	1.1416814963382183e+227
d6f7638b6a45c7c8	-8.788752147920409e+110
85297c56fedec9e7	-8.56940573507001e-284
dba578d6e34fd3a9	-3.0481840068948075e+133
3e6519b4372934bd	3.930256910599905e-8
266d1022094b50d6	1.3738917696140723e-123
09658ebeaef04e07	2.139410650823422e-263
412f4e7fb4ffbbef	1025855.8535135965
33cd3fee12260b36	3.640429888138744e-59
bb54f0568e9a7dd9	-6.928074631531653e-23
e5069469c6fe5a2c	-4.5749501299800144e+178
bac042d1e1dd481c	-1.050843467918993e-25
53036213d762abd3	7.896820621560092e+91
c109d13f9ee7d9a8	-211495.9525906567
df8f8361d3952690	-2.0631010086079671e+152
9fa4bb53111539b4	-3.0200068922816045e-156
725fb6051775dd0a	8.457980279339645e+242
364da760d69d2030	4.057993590740488e-47
21f836ddc3532ccc	4.8479083405442735e-145
7f950a89064cf88b	3.6939000869431893e+306
b2e75085460c433e	-1.7710778656304964e-63
0317656b18f42476	9.158174706230955e-294
132fe32b0614654e	2.8906259603803354e-216
dd01e210c931c491	-1.064804908360986e+140
c5d014402c568a6c	-1.990496689152549e+28
5e75e8c18eda9797	1.0943203862894542e+147
592b29e3befdaae8	3.5071641908489365e+121
7fb5483800f64f41	1.4944802048485462e+307
eadf720e9748b861	-6.3098063787378845e+206
88dfd02329aaa08e	-6.16636128110069e-266
cad09433d2859b18	-2.481163520862746e+52
5d33d68bdbb60a3a	9.449687371345501e+140
44d9af025603245e	4.851500424405244e+23
63975e5a83d714f4	5.6442944002769555e+171
487d2e505b5c49eb	1.5887600584437033e+41
9e495bbb12f245a4	-8.807099207342336e-163
129bf867df72fb2c	4.9522302975221065e-219
82f05fc7a8179323	-1.602369816780283e-294
14081d5ae3c987eb	3.581577514336145e-212
b5a54051a842be46	-2.839979016516231e-50
0eca31e35638c698	2.011359783903091e-237
9397dc4d6bd74002	-2.76862197587808e-214
f93f7cc9c26ca4da	-1.0901683921888374e+276
880e3b81a0b9bbfe	-7.153312435580851e-270
6f0033bd478347c6	4.797756983246634e+226
c0099f1b8eba5b2e	-3.202689280569209
7e20c1e1a5868f0f	3.506961729557013e+299
f88df2bc9d906bf1	-5.0628688901601796e+272
8d2e73462b94ce45	-3.484054724859756e-245
f9dada0bf1e68386	-9.519815084406974e+278
135c3aed143bcd4d	2.047277724730809e-215
dfd92b04ad831d58	-5.2726288749961895e+153
0b2733cc46866903	6.181094568464079e-255
ff6fd6d0b30f554a	-6.9869349415416494e+305
6d610ab9caf798e2	7.519774429497044e+218
049346f7e5ff8af1	1.2659849511958616e-286
8095b481f6b47fe3	-7.727274976627602e-306
504c4ba7fe20205b	6.5527975593162285e+78
bf4c948e96750e60	-0.0008722015599364578
c09ba23c2f537212	-1768.5587742842076
633341da6a088f9e	7.267609633935454e+169
04953e03c9f4fa89	1.395033242132351e-286
821bcabb92d634bd	-1.6599802982413364e-298
dc766d3d2be97f75	-2.6080967470224127e+137
84fc73b65bdc6893	-1.1958506138505936e-284
0f021d74d93bdf62	2.225529167115752e-236
f82e0f2900ad4a4c	-7.940060609798142e+270
9577497ef74e5d12	-2.9013375216983416e-205
a16c6fe4be8fcc2c	-1.1119805737787924e-147
a6479a89f7c49042	-2.7895316400707695e-124
dc50b624981e3eae	-4.858624939571376e+136
a6b1f82baf2e4ad1	-2.7182897391283413e-122
a8ff648bc9aaf13c	-3.2634058300070823e-111
662a65ba793b2e74	1.4020649628639137e+184
8241a1ce797f64b2	-8.425142852113454e-298
28c4a6863e93290c	2.6833782858498766e-112
2de21e75abbda503	1.1385315982865541e-87
fca49b2d97e0956d	-2.5704133519010954e+292
2ce38eabfbeec630	1.8751693633868995e-92
463223244882e3ef	1.436982764354899e+30
8b1e3b90c1efa966	-4.026987653111327e-255
acad13e7d4ef656f	-1.742497840037929e-93
3011b08ec60e024e	3.8192761417347826e-77
cebfeccd57ecfe9e	-2.2033830935430684e+71
cfd40aa19e81b1c1	-3.626016358721971e+76
bf81763db9954d5e	-0.008526308275270619
17ee2d619a0eec40	2.0669632402016012e-193
b75f3fe344cd81f2	-5.605115222452836e-42
6a84caeb88e3b3e7	1.3038182116867737e+205
2d7ab9a833bf156f	1.3119661665956353e-89
f34121263bd4d814	-1.4971002449494008e+247
ba17079f067d974d	-7.266914173411486e-29
2619cde7eb016495	3.8120117624717605e-125
35e74cdc53e8fea2	4.982084081338273e-49
cbaf8f3c734a5118	-3.869185421640406e+56
1440f82c63eacc4e	4.032554400650477e-211
76013e9f6b8c38b6	2.6514283579457557e+260
7fcb519baaff5787	3.8367801604226645e+307
41fd67804caf31c6	7893157066.949652
f863352d461d938e	-8.117867622118373e+271
79e91eb81df84747	1.7811708515385253e+279
b705142fa59f230f	-1.1815105194496567e-43
7e229df09e0decfe	3.896137723342253e+299
51d59bd7b74e5a80	1.6791466585825745e+86
ffd2f56f8e97ffd0	-5.325310158343173e+307
5cd52ba6cd9379b6	1.5756850545685605e+139
f618f464fa1405ee	-7.673756603844739e+260
2f96effabf530f0e	1.934486563017527e-79
08e6aab76bb4a98f	8.787093025149814e-266
2e23ef6d2a02b7ca	2.0042557840198487e-86
e382ff5731606d03	-2.294258084107409e+171
a4c27f038f6f38d2	-1.3029063392226308e-131
66dcd1e860d45c98	3.134949681257967e+187
83a20e5b8f48e28f	-3.618743344140208e-291
f0302b635eda086d	-2.510341804250839e+232
e523574676b1c4c3	-1.5674891456617362e+179
8b19f93733d72628	-3.459665714457539e-255
355bf98107146a34	1.1682748535489961e-51
c0074cbd1b8ff6d5	-2.912470069247187
4ff1ab9f2accad1e	1.278807648885513e+77
52896789b1776e15	4.04295062340591e+89
ca09e9af10b23411	-4.7339549834650393e+48
9037de2915abb1d0	-1.5373614336857518e-230
11a183181990ecd9	9.462178219473103e-224
8572155c3ce720b0	-1.9457412849135706e-282
c6d8d5c85056c4f8	-2.0148616929158607e+33
91f9931cd0d218f1	-4.42194209212563e-222
ea4253f7a7a09ec9	-7.182937749237465e+203
3b457a5515fd9a12	3.553214011867272e-23
714ea0ed0f391ac4	6.232667902159456e+237
a0501274e1c6ac1b	-4.794846722390997e-153
bcff1119855fd097	-6.898214370710352e-15
96ece91172175236	-3.0215327362630772e-198
926a1ddeebe713f6	-5.78004463326288e-220
3aa3307ac9279bac	3.1002105034260885e-26
7012d625701a0a8e	7.311005160247552e+231
1831974b71c4a6c7	3.855610716848941e-192
469abd6937c52bb2	1.3558733393955074e+32
c4d77f8b4fe74918	-4.43868816399034e+23
7e47553a08ebb60a	1.9532360291277817e+300
bb73eaff03a154c9	-2.636119223783241e-22
0e346af5ee3be340	3.062053225693333e-240
d826e7499d3760ee	-4.51221274571236e+116
5479971bb5c24e96	8.745676422621818e+98
7e0ee35eeecb3fec	1.6160613834097502e+299
afe99597363c5c7a	-6.904708130421703e-78
0bdb16c3496b0a02	1.4779348212531654e-251
2d409cf7e5121098	1.0194442910909232e-90
472920180668202d	6.522918101468909e+34
4fdda27b89c549f2	5.361661784999645e+76
3f98286f682f7185	0.02359174798390164
45edc3ca4f0b5d00	7.3694089566279935e+28
b1c2a5f54af29e2b	-5.403929145910927e-69
3fc9a4b060ab82ff	0.2003384086629225
0e793a250e8c59db	6.0532869438179635e-239
33581b003738609c	2.343886262399591e-61
5e545c296ff3cee1	2.542352928834243e+146
d3d35b36ae0d2aec	-6.460126950401669e+95
614547c4fe09c05a	3.7397835325548836e+160
065e883b3c69f177	5.3824680125255234e-278
4aa51ad4d6022b4b	3.9481234617266906e+51
fe0b5d3e20362ae8	-1.4316898014045112e+299
480053fd0d858a82	6.945197149677387e+38
266709e82c1722e5	1.0891049701517328e-123
c1373ec0fb0a9b57	-1523392.9806305969
a465c3879eb09c2d	-2.395446188288247e-133
2b9a2c57ac0f90bf	1.1966260874307393e-98
9d13a9d3ed1e0527	-1.3025692743027525e-168
9ae48cba650ae963	-3.961854113571526e-179
3cf43b70c8d6b11d	4.4924485698795805e-15
c056d2875ac1cf04	-91.28951138426424
070eac148304ef12	1.1073852249248153e-274
c232ac4160e2341c	-80199377122.20355
ea5542ac021c962c	-1.6664384107294275e+204
8bf29640fe65a17d	-4.056311232845426e-251
030eaf580a5d416a	6.0056425925049405e-294
ec7a5a124031784e	-3.548525179751261e+214
8829759275f7bd3f	-2.4095712300767647e-269
c8539ef7ca294511	-2.67066783698895e+40
b3e99ed48658876d	-1.2754906369886987e-58
4018ead7f506aab6	6.229339436084663
2a5f295e21e55264	1.3586924526251034e-104
fe9b61b0c7083426	-7.334906000092551e+301
f01e08e011401c41	-1.1657341753509274e+232
4bce9185a631d23a	1.4990722091123443e+57
12ad5c219c0d3615	1.0396509461613873e-218
633ee5324c87a53e	1.1659769658986669e+170
bc271ceea8e49553	-6.264795718486508e-19
7393e6f4e6e14b12	5.566176372888013e+248
3feef6b3c62423cf	0.9676150197930101
09e1bec1f909ba7d	4.50830590122538e-261
0689d69eb71b1ed3	3.6440047573979535e-277
4ce382d3ab866d6f	2.5082428960246744e+62
a35c713a821fd767	-2.388398012530103e-138
669268de5abe1e5a	1.2515917769033074e+186
b7d74ee09f675d45	-1.0702561513866555e-39
ed37236222379e2f	-1.2762235427649933e+218
efb0cc16307c96ef	-1.0186710151739502e+230
f685d05fdd4cd518	-8.586196032673972e+262
ba112b0f71601257	-5.417330102297347e-29
1673b382607bb3e3	1.608628488910241e-200
d6fcc4e0827c99d0	-1.0810454519011017e+111
3994bf1360a78d28	2.557189928793517e-31
b15a7089162ecaac	-5.9857114525335796e-71
201e8f31cee22e6d	5.6980518220351754e-154
eed6b4ba307cfbda	-8.404594196511462e+225
4ffa677961bd9893	1.9108731291562683e+77
875da9447cd33fbe	-3.426830959754412e-273
7fbab7ac00ab426b	1.8761644276045168e+307
7424d5183e73e93b	2.9830856794144624e+251
29c1bab1cc652aba	1.5098108604551282e-107
4f799a43fa094f3b	7.237740512831148e+74
ae269f4cc42b14cb	-2.274402587120357e-86
70f6d5d2e3d4de74	1.452119551475282e+236
7b562d59615716c7	1.319111588876083e+286
f2795700cbbe52cc	-2.7034643972585784e+243
3d1d95df7b60738c	2.6277150512211978e-14
d728e98489199d88	-7.488935965362097e+111
efb0db5c6fbf0711	-1.0222894518560443e+230
64f1775f094cf812	1.769449668564423e+178
5f909595e9607384	2.171478125444297e+152
0500818cb3106994	1.387513909510472e-284
7a74662520a712dd	7.405679662107727e+281
9d66a7c37a42828c	-4.802448768883162e-167
6871e725c638c08f	1.3068961603419085e+195
1b00bcfb9f648c34	1.2908081768102956e-178
d2a363e5652c0dca	-1.234330430613778e+90
7632cf80d799d441	2.313758207193747e+261
4f21dbe9ffc4f927	1.5777095577208792e+73
7ce503b74ee2323e	4.194161773940402e+293
1c1b3bec17b64dbf	2.752802635196161e-173
1e39955fbede01d6	4.442650871528864e-163
a27b2a2420c6fedb	-1.3922768388165004e-142
1ca1cbf59e305a5a	9.210269780595817e-171
3a114c0761a51c2f	5.457966928269508e-29
86333adfcc7de70b	-8.47506031445337e-279
630b57e5370990de	1.2899092826190631e+169
a75818b72d9bf890	-3.732643425627653e-119
03b3eb54a5f3d338	7.984310281602144e-291
2d0322b263fd8518	7.338916210032603e-92
b8837a572ef7c7d3	-1.831692237516711e-36
17b45675322da1c8	1.7412663077520084e-194
4488ba8228c2beae	1.459715861836621e+22
9dff658558b05962	-3.4075679531609474e-164
201a252cf34d7913	4.874998447788296e-154
d189d3a49459ed1a	-6.271598128079489e+84
96a5c507eea372a5	-1.4220156491991044e-199
9e05c91ec3e54b2d	-4.72892481595457e-164
3a9b13cd44b1683c	2.1872909863881852e-26
5f6d40071ad6ad91	4.787351507662854e+151
23f9ae43d0096e3b	2.2082548525221932e-135
44006b5c641232c9	37860509183574090000
6b2b7e6c98397fff	1.7653974443903464e+208
4f1e479c7a5d092a	1.3374913643006507e+73
b47cb656747a86ad	-7.318602223484853e-56
b149abba03eb9d05	-2.9058323869878867e-71
792ba120acfb5347	4.782969151959135e+275
14e9d1cef4d0d266	6.282925523982775e-208
3d10c02887af86e2	1.4877537814201942e-14
990c563b6aacc41e	-5.0879659932608515e-188
b7c0dc2924f0eb6b	-3.8708668087115955e-40
0a2f63052fb9b462	1.2758533593743263e-259
3f8ae7f80dcf1e02	0.013137758180064022
2fea09a5b50d478a	7.027057319186648e-78
a27d27f4d6f73215	-1.4943460941864105e-142
2604c3af705eee77	1.5337377747271214e-125
1f9b4f5fb8621887	1.9891376029672873e-156
952222fefeccc240	-7.06140854508384e-207
b61ad1426a6e0c3b	-4.587305786870144e-48
d6ce002fcfb6820a	-1.4091598169551277e+110
e10e73d1c1fcc90b	-3.344795159020397e+159
436d29c52ceaa70f	65669609307846776
79641a4abf89ccdc	5.56801620250205e+276
4453f5756554496b	1.4727011676989295e+21
6352b5b7896da7e5	2.824408087481925e+170
8fb23c8dcc5ceb1c	-4.588447602247044e-233
76d733e385c86d76	2.9225002485543044e+264
84bbc1e56c64eb66	-7.291603099604655e-286
d0022fa22b328e79	-2.632253546897117e+77
254ff3e7bd5cb1be	5.762091836053567e-129
4607e56beff1dffe	2.366562866559077e+29
55c0cad9dfe25e14	1.203541135866367e+105
1032148406f50775	1.1645686877658909e-230
65657b788b49d1dd	2.7856616232864227e+180
9f3705e48efcfe01	-2.620140360980623e-158
36a6057f373a511b	1.9286659667227418e-45
de38fd77f359ca3c	-7.80128445057356e+145
89dbc953eecbf44b	-3.5296905595033107e-261
9819512af5b54eb4	-1.3872543166209471e-192
d01ff025ed73a228	-9.245442155473845e+77
bfeb38d3c6d7a1cb	-0.8506869205130497
6f35cf3c0c96aef5	5.166573929167467e+227
f0442871dc0c6854	-6.259128015866513e+232
71deda37f995801b	3.214443113173806e+240
7b4e5ed0a214d5da	9.032251035455981e+285
2d5eb82db137c500	3.7701159387219615e-90
7b6bd8ab0fa9aa14	3.3126406749513325e+286
678ddb4140573353	6.651286421183863e+190
619d09edd4b9fe1d	1.633037394927834e+162
843f5fa096a660e5	-3.2193466623019206e-288
0de75ab830b515e0	1.094514962786969e-241
d322c064eeeebb93	-3.055804946954092e+92
0a042cfd7ce2ad30	2.050327773988064e-260
01d38bd265978346	7.296695152968091e-300
2a1e3e995460679f	8.241918839927707e-106
4ae6d116884f77f4	6.829407761016638e+52
b089512ccf3f133a	-6.996565007180369e-75
8650f7568ff51a6b	-2.9909399307959257e-278
bbb5ead7db0e3da0	-4.641180703760793e-21
8bfc4c5d4c8a41a6	-6.175668137929092e-251
936efcd9d24aaec3	-4.4945108521635457e-215
75c32c4a1906e98f	1.842453280217017e+259
42da19143eeba4e8	114780064689811.62
04a6bbb3a9c6f93b	2.9858975311299635e-286
aad5eb2be1a09e93	-2.4465553946405755e-102
bc2272eabd963175	-5.000582835423401e-19
0cad3989d815c4a7	1.3061844955280534e-247
70a3880735ce7216	3.881317093909997e+234
8a1535d0b94b5367	-4.3109089351869596e-260
b7dc8474cd10ec7d	-1.309455121623741e-39
c37ba272518284e8	-124454979978677890
22ef0887bc0ea678	2.0359180338138124e-140
70f3d11850ca5a70	1.2601714791522496e+236
6b0ea1f25927732a	4.917348054893369e+207
5f0f79ebb67a7fb2	8.049536777507398e+149
c8042df4faebee09	-8.583418259946575e+38
627b3e1cb2af24c0	2.510074331051695e+166
90d6f4bb8677c0fb	-1.5141163377637078e-227
b37b662f2863d7f0	-1.0656585815647053e-60
0122297ec5b4a478	3.3105504749529935e-303
764a1045bc17e6e4	6.411801259434454e+261
59a396a14583c05a	6.474513810415985e+123
8c9b4d5e432f0706	-6.101288157307129e-248
da3d4ac11fcf3d13	-4.9570963490756914e+126
f5c905857a402819	-2.4044779841295338e+259
9725c0b8c9683301	-3.6375452739527365e-197
2e06e425a2c591e4	5.753601883354917e-87
0fda2a981ba8f45c	2.63346201229129e-232
a14daf6d80a0a29d	-2.9019710195974262e-148
0a9a546442c8798f	1.3699631534659642e-257
f2ce5113256981c5	-1.0350191742361089e+245
bf7446cdc2125e7b	-0.004950336210775337
b272283519ea826f	-1.0775724735486015e-65
7d4f913c62628788	4.0322140781615567e+295
60e046e16fb60d1f	4.469498791757288e+158
6ca2f8b5453c6c8f	2.0437555660394557e+215
dd10f3f9ae99fb8e	-2.018855760253221e+140
ace61c3a834c1aca	-2.1199486591442555e-92
02be02c09e2a15d3	1.8355285292521883e-295
4e9368fb520f3e9d	3.349087054623843e+70
0e444a1367cb5b90	6.085577290766513e-240
9b92e44c247bffe1	-7.459257122699271e-176
2b79b662ab0aefb8	2.938899821237862e-99
294f0c06d13aa441	1.0327874205995312e-109
33ea15985a7c8bb4	1.298586766181488e-58
aa47a811b7f151d3	-5.157299899446085e-105
24a499f644da455b	3.6280138989696187e-132
82554f035d1261f9	-2.0363861204018483e-297
3484648fbaaec825	1.0396042756627748e-55
16e167f079f0251f	1.8191653395513628e-198
d72c8d7696cfa8d7	-8.583292836648548e+111
197a5e9d07932ee9	6.060465174414481e-186
2b89c60e7a49faea	5.891793318435242e-99
e7879460b4784245	-5.252955445674918e+190
3a2737fd47c7cbb1	1.4653065125611629e-28
688729c93a77add6	3.3817870901248143e+195
366c4c3042a86b65	1.5489609137447901e-46
b7597c67826fd1ad	-4.5713188869744866e-42
7313fd8098dc81f1	2.1839090824491338e+246
14b6158016c9aee3	6.717388644429376e-209
41ae32497b0d66fa	253306045.52617627
2d9bef735ec14e69	5.4854905820277714e-89
9686e80f3b62944c	-3.7406863513780846e-200
548f3799fdf59a47	2.13374465840455e+99
9916fe399cee5771	-8.256949181933354e-188
960bd25164710a51	-1.7747382850095785e-202
e25a114cae0befd5	-6.004519862793674e+165
add5e38d252d20bf	-6.877089326863848e-88
a66a84622a315d31	-1.2535399860290839e-123
3378c2ba4edd728d	9.630371027662111e-61
f118fbab23d07f3d	-6.354810292646632e+236
aaceede69930ddbf	-1.7261621000781226e-102
d268e37c0ee78b9f	-9.902147947539812e+88
0d169ef507c263b1	1.2941181639929539e-245
3d38ab0b23623bc7	8.76388338103383e-14
e747d08ab7855a01	-3.315819528329813e+189
846bf80396175376	-2.295979765436164e-287
f34c040a0a62c06c	-2.448550965178095e+247
1f82423baf6432f9	6.649403276931237e-157
0e5bcae497e95d87	1.6672159809071599e-239
376596cb322a36b5	7.744687572382308e-42
eb6935ab765a5be5	-2.58996430042226e+209
99fa4bb6c1109df0	-1.5471354497798034e-183
87706047e4607a9b	-7.567881773662269e-273
8d5e8f42ca6ac239	-2.7972506160049384e-244
d798cecf0668740f	-9.545692574147315e+113
15db9f1ba1214ce7	2.202472226020195e-203
9f00ff999e8063e0	-2.418139285125581e-159
cd79795ea80bc697	-1.6767099447443052e+65
cbf0919be1b0323a	-6.500246744472077e+57
191739e13b47b874	8.340630372721508e-188
45629450eafb6b24	1.7968854131439165e+26
746ab58b79a35826	6.119368414865632e+252
4655bfd5c4438742	6.892645910818059e+30
21d83ff7e2ff5064	1.2137566800572813e-145
168957bdb3a3d9c2	4.1385330919610135e-200
dbe44c6f1f592e3b	-4.610558486136103e+134
69543df433b39aa1	2.4209773583810075e+199
5c14c09244dab0b1	3.7708814378014435e+135
4b5fa337581a89cb	1.212110614529307e+55
2d5e461a5633ee54	3.7154276751019886e-90
54d60ea8356bc109	4.824474514970787e+100
e412322ce8ab83e7	-1.1251058574826576e+174
8232de0ce7956c55	-4.507710321963797e-298
09e2c21a6594f38a	4.765684458710005e-261
875c0178e9135ae1	-3.2355727713812236e-273
cba84306bad4bea2	-2.97449065345127e+56
8d1dec6222a7316a	-1.711883021907993e-245
55c876cf3926d3a7	1.753386821540131e+105
891a03cee517489f	-8.06799424566025e-265
8c917d3dc5e71866	-3.908356019621905e-248
fb92a973792f5b8d	-1.776037629343009e+287
d988e6e26fcc4d48	-2.05769309630801e+123
2ac2f13ae854e248	1.0571687451193845e-102
f7a6d0869b76cdfd	-2.354063296674987e+268
1be0dfb902e809f2	2.132006000211438e-174
791f4b399f7c43a5	2.7086632976898435e+275
f615ec013928d0ab	-6.741155250787799e+260
44898795fb18a8a8	1.5070034972566922e+22
2fb62a6eb5887d73	7.477623772775845e-79
feee4c60db28adf1	-2.5971956738424282e+303
1c4bbdfa156dc800	2.2433228636100657e-172
21de58f6b2dd5f56	1.518956135186569e-145
3fc5ea6dd3896e09	0.17121670559832605
374e148d4e260222	2.6976929138001696e-42
4222a773cf554eb5	40059398058.653725
b6f86374e84179df	-6.835114251770779e-44
2825b62242d69312	2.755121170033333e-115
8627f24875b7019f	-5.27684806701427e-279
2511c0fdbcc3a13a	4.00198042037338e-130
d4742c486e5d9276	-6.894275873091163e+98
5e74b39fc8e1c41c	1.0340058772166933e+147
fc25b98d2993bce7	-1.0585754870354196e+290
9fe10fe07db74d2e	-3.976698526420178e-155
164a23c7146fb11e	2.6679300985038297e-201
abcc07384e49470d	-1.0251482407876806e-97
b3b25f79f3fd69b7	-1.1433517721512338e-59
87bf7c926d8c1804	-2.32814387390009e-271
3f110702e1d857ba	0.00006495432941053164
8ec3278dac6ca014	-1.4707686858195632e-237
35a9b843569afb73	3.437145682798287e-50
37676ea98cf65df0	8.405916279033595e-42
ae47b4d4437e0ffa	-9.533583854750742e-86
d2a0d9fafa605b95	-1.0727213429261836e+90
d342e09c6575c1b4	-1.2305252887621103e+93
7526cdb53e97445d	2.1399751439882072e+256
158d65339c406d66	7.3247218186549625e-205
ac70579076c29ef1	-1.2241308824042423e-94
8689239ffda8cea2	-3.5453961153268923e-277
6be36f1cc61d6f9c	5.111282683384889e+211
1635970b3e400941	1.1017824848016357e-201
d26ee855e3edb307	-1.2296838446803345e+89
e42241e12fd8ca2e	-2.2577979040852436e+174
e53f3d6050f4b909	-5.0636653440145325e+179
3d6aa6835ee4b99e	7.574511203488896e-13
f334b3d5cc8a0f32	-9.046880585531737e+246
20ed39047e72a6a2	4.4636782349689743e-150
7e788dd19791dc30	1.6443625148055794e+301
2ee6cd5b1ef7095d	9.390039336795932e-83
044600d34fdc5d5d	4.5156522075794714e-288
4a8473a65aeaea1e	9.564888489282803e+50
f28c108a63307044	-5.988327531803435e+243
ca201dd8faf45bb5	-1.177721287591675e+49
41daadf498e0df06	1790431843.5136123
e30b8e46caa3e3c7	-1.2999303982812251e+169
6db04deae5aac26c	2.30218778740979e+220
01048f7f8d8fc64a	9.36933789507877e-304
dd9121c9cca7debd	-5.222827225537673e+142
d97cc5a578c0ed61	-1.188746215674174e+123
c8f30537a2e392bd	-2.6510540765530263e+43
c63f0607f9015a78	-2.4579395863760798e+30
9b8858bf8361eef0	-4.806535506153608e-176
6949844f61c95d4f	1.5259277753654814e+199
0673979fe489f63f	1.3815578132673966e-277
93811818a0ca4b79	-9.9174494572897e-215
dd06eacb0baed664	-1.3645479829390816e+140
fd25e47574c7f0a0	-6.991003007803432e+294
d0a50ce9563a9ad5	-3.1199665902885134e+80
a96734c5b009d47a	-3.0878380762026468e-109
da5cf619d7617e96	-1.9604542725543017e+127
eecb9b2f28688af8	-5.109203675837989e+225
1fc55a0324296861	1.2441217637502313e-155
2d8cd2934c03c6fc	2.829852826133094e-89
af57ced287391714	-1.2549379670884587e-80
1ea37ad94ef42685	4.329907007078468e-161
8eb891770e51d8bc	-9.432290714966439e-238
9d8e01ffeb882bc7	-2.5444078474248162e-166
30e72b5f641892b9	4.097946697506919e-73
bfbeba5e765c8aa4	-0.1200312651604159
06075d2059c655d1	1.2871141057249467e-279
fcfbb18fd38889aa	-1.1054400984588808e+294
9508b674fb088577	-2.40543479251238e-207
9f640424e3f1f154	-1.8223577822295437e-157
66b8e8990ed55ccc	6.773706800717469e+186
0cdd432a33b27fb6	1.0462921168578735e-246
f4d4b31434764baf	-6.070392488161567e+254
5d7970ee1ff5a2dc	1.938984902632331e+142
de60966b591f979d	-4.142579182279568e+146
d6602f0ba3a5ffab	-1.1877586302322452e+108
9642a1e38daabb5c	-1.90169649464702e-201
82eb91bceb515392	-1.3489623188033681e-294
e54d1363a30b4e93	-9.42579937684774e+179
91f0341f79006b66	-2.8016563424265314e-222
f9febb50fc012f5a	-4.3581546954002736e+279
e4aa764fe61bacbe	-8.37746666307115e+176
e2088a789bb988bb	-1.7665185008343773e+164
ff79006c31e91516	-1.0972972711549249e+306
7a304ad31e287fa6	3.696731817639905e+280
2a4a5e4851eebfa9	5.7484863589058476e-105
45604824c0f92cd6	1.5746801190865566e+26
491052872b52f7c7	9.100028158250658e+43
c0ef8f5211bf2dd0	-64634.56466635654
74afad92a2a80e9c	1.1612463803993443e+254
cc003b01a76fa891	-1.2735057747880328e+58
1dc9944fc74c1e0f	3.4702579928816455e-165
d5365569ecf42e24	-3.126354354106403e+102
4f23cd3ce60e99be	1.74932970282574e+73
92112762695abf9c	-1.186382389360237e-221
eb8d39c8da37edd2	-1.2010255027951693e+210
d63a7c94acbeb840	-2.4298832172946937e+107
0d6636fbbc9f57c7	4.066825297366772e-244
9a940274418b6c39	-1.2055374955305366e-180
ad871ddf89a782e1	-2.2696400489102808e-89
46885d9cea449b21	6.177432655945289e+31
5d307191334d7a10	7.83277170057609e+140
1de9b6f74ddf2eec	1.3954491944451844e-164
a85da74d8a352bf7	-3.010357063219007e-114
c630561252bc7d0b	-1.294288462448668e+30
7eb30325c422258e	2.0371837751640065e+302
92e71d27593b7546	-1.3095618930724222e-217
c5e67f6f4b78d72a	-5.5701834960428224e+28
622a4364629c1ea7	7.56199039957027e+164
c8594e63d33e8b89	-3.4445029114509746e+40
4bbaff6e9eb19de5	6.619836805001383e+56
0ca00703844c4543	7.163356791056135e-248
9060451180870770	-8.383695309411534e-230
6d4fdfc44055877f	3.5161277461258354e+218
e7f9fb62ca2f3228	-7.408826460604779e+192
a12ea7bdcefe9771	-7.491984592371992e-149
9e079659f55c87df	-5.120009768367838e-164
d14df48c94542f22	-4.546341509862017e+83
27bc98ba21dbdf0f	2.8350188497516907e-117
1d785052f931668b	1.0308005575826096e-166
69ede31b6453d25c	1.8301699408455483e+202
dd13f750dccd732c	-2.3776654757287797e+140
27b18578f4cf5017	1.7370404481631566e-117
c77a51512756c8d9	-2.186384370492743e+36
37ff681f85604941	5.7685054430829e-39
054dc3c51b9296bf	4.003280151719378e-283
61ef11bdf8c6fa71	5.591124992149589e+163
d691ff15c7165e2c	-1.0566343229688667e+109
96a8d0e51a32e15f	-1.6210058823994464e-199
853d68332f5899ee	-1.9775855171944701e-283
b0cdbc5cef81c01f	-1.3148330045211912e-73
27cb301e78d2cfba	5.390740137260858e-117
05967a2890b0f761	9.673996349685103e-282
45ce99af499d6892	1.8940687434261372e+28
75640075583182c0	3.0032755809632905e+257
655f6874826427dc	2.0363765673201076e+180
d56b36f3c514ea09	-3.0476942611598123e+103
52e92243a28e5b73	2.5599272763530943e+91
55e1ffe329a8f74d	5.160245737317785e+105
df68d14d6d636e4d	-4.061882923869595e+151
15f30d18fe56d130	6.076372860348428e-203
aa68a2087b165e9c	-2.1480668647587938e-104
a875593e69018a77	-8.669044290733345e-114
51a78c50a5965486	2.2873086083653143e+85
8fd2c3a5236706b6	-1.8884883143030743e-232
b5854aae86c01c06	-7.113471587067213e-51
2d534a66c7eaa549	2.367487741570674e-90
fb3a51e891e6240b	-3.9138218093544695e+285
f98ab9b879003226	-2.9609521763097154e+277
97dd7d0437c1c67a	-1.0098879936181834e-193
eedebe5d1bb55837	-1.1379720683692656e+226
a6cfedae343a0273	-9.659829394075291e-122
faff51690a9d5900	-2.9106505628399026e+284
961c321e1ba0bc11	-3.597219269476469e-202
8871da00d501f098	-5.406552335982968e-268
8942273179285d83	-4.50385685694962e-264
21989d2f7591e211	7.699888149643708e-147
73af39f8069e05b0	1.7466621845264978e+249
0324b224396f6a14	1.6202343084625032e-293
519d8042d323a188	1.4327678298011485e+85
454cb221b2178f05	6.938225151719552e+25
3d16d13e011d3666	2.0265879962025298e-14
5de5144e12f9d4f8	2.0563851610310995e+144
24bed9ab0ef30bae	1.0865777968164085e-131
9f5971cd9d71a6dd	-1.158289041511265e-157
9ce013084eaad548	-1.3310235784549846e-169
94783669c41eb953	-4.6030277193766425e-210
75aec9e93ee44ba0	7.396697543222502e+258
45921d68c1dcd097	1.401570931950061e+27
220db370181cd161	1.189274564113666e-144
c426bf596a7f415f	-209808269225285880000
c8c8eed57756afdc	-4.343931621788156e+42
f702afcafd8c6857	-1.8829492060197414e+265
6050b294b6433b35	8.955118714075216e+155
f59b87472b179a3e	-3.3067223869944002e+258
d256f4d6954a64b0	-4.566700314353235e+88
e25d039e07f2b3a9	-6.6832419942095414e+165
6170d62a0d00d5f0	2.3670724426481184e+161
e0651bcf20879261	-2.264163574071844e+156
8bb0bb8404cec964	-2.2822543304468876e-252
61a6d535db053e15	2.5680759355629098e+162
e433aeb6ad41eec4	-4.868074425571405e+174
83bdf78894d1ccee	-1.201175371495887e-290
04c71348336263ff	1.2123328252229703e-285
9caa325186ef9b01	-1.3557408279100294e-170
c47fb90658b37589	-9.362904120954677e+21
f64b9f8832e177f5	-6.795474648763834e+261
9fe4e6ba65474343	-4.871527513259111e-155
28c3df543607aec0	2.582268996190377e-112
b8262acfd2817a70	-3.2571822361880136e-38
442f96776ac48de7	291345659152670360000
947a1b3b34bf0615	-4.9630603944639014e-210
5bc4494b8f45479d	1.151943367086201e+134
d1687c8601e2acba	-1.4865314377574533e+84
dacd16807bb87b4e	-2.5203479140126232e+129
eee1a5e691fc11c8	-1.306482129116703e+226
6b661d6ab1aa28ef	2.2720200823701398e+209
6241e434862e21b7	2.060594823207172e+165
0104f7db6004dca4	9.555102511832708e-304
89940cec093895e8	-1.591873270474253e-262
6b369d6aabeba5c7	2.9042357023232e+208
353667aec1b8b2af	2.339192223772466e-52
2a4a127968a5c91b	5.6839286645273575e-105
e15efad8feb95e9a	-1.0888732859965739e+161
7824f1cf25b13ae1	5.532450118978684e+270
5f4e6977de78c8a7	1.2443788383619993e+151
2ae5293177aa94d0	4.723955963561643e-102
83204f48d3e84fac	-1.27685135738671e-293
99a9f6e249c94e58	-4.773872388649065e-185
604db5790abd3f08	7.966618655354603e+155
06d15d6682ccf0d8	7.836730332778262e-276
862828d3e573200a	-5.323799236111968e-279
af3636d354602685	-2.92732617945195e-81
46a5757de95e8e78	2.176196322216641e+32
2aa3d430549a7862	2.7666186255545794e-103
6950808951721909	1.9736777172458314e+199
5835342028982478	8.354649972312221e+116
aef17c13af18c9ea	-1.440053973051005e-82
729f8df8e7394168	1.3466008934848515e+244
2d90faa26a50dbc0	3.334067921824231e-89
543489d464c30133	4.386974998509719e+97
98490b619d8b8993	-1.0978535543552688e-191
7b8a662fdebc2c88	1.2561922910473764e+287
3e8d22dec0035915	2.1708169129523027e-7
cf143c255a87b5cd	-8.938013282083994e+72
2bf639927445f1f0	6.503109156876632e-97
85090d6d303b18df	-2.1059316129797633e-284
373af8af6dcabbb8	1.2094406080193168e-42
6d097a260bfefb00	1.7565382714450624e+217
474cb8afdb7f20e3	2.9826041653078622e+35
d308b51270f86f27	-1.0065936945964415e+92
de8a84894d679304	-2.6490129337363285e+147
5feedc67082db496	1.2930551619566641e+154
695a52e943eb0e2a	3.1483783315111604e+199
67e5b89dce386c26	3.096921661349587e+192
b42572f855358765	-1.7085195256297823e-57
5ef3e4a96ebc66da	2.543681557573247e+149
ae8daac961446343	-1.9089160943031977e-84
48a2cf7538c09db3	8.193077055375832e+41
45abe90829d45ced	4.318906765848631e+27
eb7c14e955c10339	-5.770057874876733e+209
c16524aadbfa9c12	-11085142.874341998
876b9dee6e12d725	-6.381300170810402e-273
aa3bc69e8fe592aa	-3.0276731771208453e-105
8ba94232de052b65	-1.7225931949829026e-252
165f6cf183e71331	6.414841554157597e-201
51a17dd1bd77395c	1.699007862072174e+85
11ce1a32838e5db6	6.505989850433214e-223
4f2f8cea68e0e5d3	2.7872411584598304e+73
ff0d403eb65fdcdb	-1.0029648673012701e+304
f557dd19d06bb603	-1.791569427299809e+257
73db2f96d31574c2	1.2165222486511321e+250
cc2c4a84eae1ef7a	-8.879302713971177e+58
36d65b5d4a0d35e3	1.5664339375329632e-44
7a9554dbd1c5c75c	3.0976826387560006e+282
4ce00aabfb1cc251	2.0622397348065084e+62
098cacba1f6ff457	1.1382899573159242e-262
dd49f0058a6d1581	-2.4710271286431626e+141
33791c0f0fe67a13	9.766090904715975e-61
d42b3261fe8e2112	-2.9046014413141707e+97
6f23f4c426d4ff39	2.3637568897155976e+227
9f43f7a0d747681b	-4.544766597747031e-158
72c6b219343dcb3b	7.748364068731798e+244
26075f567052cda0	1.7263758937047384e-125
153df333c023155e	2.3321685352720168e-206
f398075a9d14e283	-6.720277214472312e+248
29d4c60193836feb	3.5381026009312007e-107
31b06a54a3a47109	2.3784348434883895e-69
9d2dbeab75e1b137	-3.940792253731532e-168
3b296a54da1fcdc5	1.0511545384811284e-23
5748fed65ad1497f	3.005588386786311e+112
0c2c80801ba51d5e	4.9760903653827616e-250
b9deaa79fea63a11	-6.047787139894444e-30
0564da8358aa46b9	1.121900716384922e-282
1fd0be670b971749	1.9512604070878987e-155
c6b63d36230f4a7e	-4.5106268376885055e+32
825d049e7b146ad9	-2.77314396383814e-297
3fa90e3ed3b6e029	0.04893680891422065
f9cb39f0405ba7ca	-4.8263074708273744e+278
a0fd4efb2d67672a	-8.953566400429101e-150
f1caba8b75eab106	-1.3924007345814224e+240
5a867c8337dc9708	1.2177206382600431e+128
028577562193cd41	1.6411512256253997e-296
5f43eadc611701d0	8.149689081323651e+150
a48569863f0006dc	-9.426995658695739e-133
c4a8bf11ba142034	-5.843070053126143e+22
fc45589dbd8cb5f6	-4.160500043984518e+290
4d7e6d8f993670e8	2.0027746894471896e+65
b24034dd2fa218b0	-1.2022649919622395e-66
fa31f3aa4cdee088	-4.073281234992365e+280
893ab50f2cfc6282	-3.313089711459866e-264
b5222854f532d840	-9.478681467744082e-53
696b64fdbb6c06e7	6.552853633658728e+199
4daf9cdf78b05b65	1.6646074121105696e+66
084493ebdd0e6017	7.790282324962721e-269
309d9ab1fab491d4	1.6362722362184646e-74
794a97f35d28a709	1.8414607828380598e+276
70fdde4dadb76137	1.8993639067719373e+236
73a59e1fcca5dbac	1.2091922890259725e+249
8ddc68c41859fc66	-6.657070308393119e-242
dd70de0c109697d4	-1.2855393755335192e+142
8fe2aaa28c6678d9	-3.757311848109184e-232
2cd25587aa325076	8.78943525744675e-93
e7a0ed68bbbf9dae	-1.5084016233982146e+191
49454ccbfb57c805	9.50011188624911e+44
48ba4cee25d603dd	2.29109744683048e+42
5017f06b6d422ba6	6.929907357071232e+77
2ee9081df2bf52e8	1.0308172256806524e-82
04a98db996c851f6	3.3563438537516123e-286
022d2e2d5af366f9	3.485822287823363e-298
f3a7e00ffb66fc5c	-1.3354703420412966e+249
b940ab6a299a12fc	-6.420891992684757e-33
137144de46b9bc4b	5.009457693993169e-215
572c7eb3c7b42b0e	8.565959450164659e+111
186c86e49eb8153c	5.002046642161912e-191
1fe4bd53819db7f4	4.833833474956286e-155
db06a4e5fcda6628	-3.1392352508624463e+130
b3f8fac738a9de77	-2.4871751555751495e-58
6f80c7449a67e2f0	1.2719118598658146e+229
a103ec6c4d4e474b	-1.2173021764614388e-149
314bd698388699d4	3.1511793816323965e-71
9c31ed4a92874d46	-7.248166431380093e-173
1ed9aaf15b747972	4.5642564390432836e-160
5f1038bf58f9633c	8.296853335167507e+149
e745f7136d50c3c0	-3.0583083417153735e+189
d037d3d463e598b2	-2.7590313245498715e+78
ce85a9ab0dae7a13	-1.8688864787436116e+70
9f6317c54ee2e808	-1.73829362665759e-157
6f9fded91cd22b9b	4.831985199512193e+229
6d8d8e2b555881ef	5.2165448328410175e+219
e9cd28fdd6877c14	-4.4641262868101894e+201
19b9f256d997144f	9.541216688032756e-185
58c3d1c07d83d71d	3.998320088039033e+119
eb6ee10ddea40fea	-3.172428839714648e+209
b475688635d122b4	-5.456861790793945e-56
2172e497c1e77687	1.477548322777498e-147
c9c7a29c8f13b696	-2.6986629330859493e+47
c1e044b6e7aae1ad	-2183509821.3400483
c87c902215675ede	-1.5551187323828732e+41
2920d1805109c908	1.3986703000118052e-110
6d375e9c5a77202e	1.2889843965716094e+218
70255df7a8e1d77a	1.6586373798658627e+232
d3d511dd4c3fac6a	-7.03199739222543e+95
8fe4a6d37ce7a2cc	-4.1568888657031584e-232
9f72b4f3f47ab0a5	-3.406299861991415e-157
efa673d21a5844bc	-6.808163185536263e+229
4b3676bb39cbdd2b	2.1516040409160616e+54
0fbd1f9c2597fedb	7.327681403693453e-233
93d28c5d8970e351	-3.4435567377572717e-213
364bb25c400259dc	3.7901729859735363e-47
6c025440f7c2a7a5	1.9282728570395575e+212
c5fc91feafac39ff	-1.4147323584830201e+29
3aea7b76c514b734	6.845509202357796e-25
2db1c76dbed1d5a3	1.3964618033885422e-88
08db05b165cf2167	5.237754738715764e-266
bd93b356b4dbc3ea	-4.479384594074765e-12
587a529957060a2d	1.6594644932968552e+118
5e3fc08c63ec60fb	9.912220383971163e+145
119d9742cdc559f8	7.994307831788309e-224
b9b73a2580851edc	-1.145186158325219e-30
488f611331073be5	3.4168922042213586e+41
1905ebd82ba98507	3.93602977813699e-188
7a2478e352342d9f	2.3225811217453946e+280
27736ddc13d1dfb8	1.2038580482747947e-118
2cffbecbbff0d858	6.087524510863266e-92
3b8ace852911aaa8	7.095679534850346e-22
94d035cadf4ea33e	-1.972283866599149e-208
6e05b3ead76b6516	9.806242592832882e+221
c2f6e6b2da359de2	-402881582946782.1
58b4cde6e005c122	2.0985121792408305e+119
5c140b72723e9c2f	3.642318781035163e+135
96deb2b251928c36	-1.6041812100526112e-198
029dcbbcc6a8df69	4.555961480192856e-296
75f7a8ab9cb3939a	1.8188221861162596e+260
36d43bba85c74e0b	1.4176456519769694e-44
ecc51908b363e1ba	-9.091255290226211e+215
25cc04100c848057	1.293349638114278e-126
0d4bec1069f35af4	1.2779151178960347e-244
5716afe2dfbf7c77	3.410017029782689e+111
3601098ff12ca0f7	1.4571787157779964e-48
c37c3faed5b260aa	-127221111839918750
ad4ae359d516c2e9	-1.6499518047110546e-90
a4376dcc7857e86b	-3.223397492848109e-134
2e039206d42cf8c7	4.9189378422849715e-87
2db396fdb2ef302b	1.5386912252144316e-88
c9a5319e9d4e0cf5	-6.049767998564226e+46
c6c0d13d4004f68e	-6.821923912083943e+32
047e6564d282a0ad	4.9904714640474245e-287
547f3f26c0ef7b8b	1.0678802280731993e+99
dc5f84c4b4254647	-9.163583299144168e+136
8158ae1107c24fdc	-3.59889015303514e-302
8904f0c0f483928e	-3.247130327524199e-265
5c902d077f2cd27f	7.524651105656282e+137
490b590e677b8b7b	7.623475191416943e+43
d488ee51e117f4f0	-1.7040690549093625e+99
eeb69db49d0065b4	-2.092826778513368e+225
a763008f2922e5f6	-5.887016471954996e-119
c61ff8381a047234	-6.332232857718328e+29
1c15bab5c32aad94	2.196387488582324e-173
4594bdd897d54d2f	1.6048025020806785e+27
f066f0f7e178feab	-2.849340473972588e+233
2b11de5d0b94b030	3.191186374261316e-101
2fcd21d9f53ec062	1.9655536418265975e-78
8b60499bc83e7ef2	-6.942389573199126e-254
fbe79d4201b4f5c5	-7.191520497619236e+288
7e8f52230da47086	4.1950696927676426e+301
f52adadc6050b164	-2.5201725335413122e+256
b9fd411a2a1f3755	-2.3077577909805587e-29
524bd4cf32963466	2.7682291035343846e+88
774b430bfa6fbf5e	4.3952372691082267e+266
bd0b4a1c5d5ca738	-1.2118970409823778e-14
fec3bf45ac4021d0	-4.231849711455996e+302
a734c84df9939d33	-8.048190835071454e-120
cc82bd09ff59c398	-3.7639377702175236e+60
227ea1ad3f242b88	1.5699688448473566e-142
f0fba2e21053b691	-1.757421432654864e+236
b6b51ff1bc2d9fd4	-3.7002656305593566e-45
f5341fdfaf3753b8	-3.77712685626477e+256
ed4e5218c6a5725e	-3.344767709148426e+218
753e430916b88966	5.6797850987977626e+256
f51d1f2c89ee3e50	-1.3664512723125777e+256
8aa73102fc6faf61	-2.4133574579725494e-257
39f2ffa0a6df58c3	1.4987209487537396e-29
f524da20a27d4f10	-1.9568399358323432e+256
7876113ff0642ef7	1.865292346371661e+272
c2e4716ad5ebf6ce	-179818850115510.44
cd7e09b785551df3	-1.9771037761964881e+65
fb86be46a5836441	-1.0822278503564968e+287
e86f3844e3904117	-1.1395079111464355e+195
9de84d0e1d71226a	-1.3187317596660797e-164
1eb3a0743d1fb06a	8.725116576627186e-161
a94029832273e8db	-5.376391898938707e-110
b27c4a8f5e9b5439	-1.6790092648252533e-65
b791a8d7d3ea3bd2	-5.068040369357009e-41
069602da1f69163c	6.208498055824442e-277
887f958b2317d56c	-9.565619919023754e-268
eefd0f91aeee0ad6	-4.302734728375264e+226
992b5c8ca5ee1ff1	-1.9651375200794266e-187
a41193d95b35e56c	-6.045885681460024e-135
149ac2a0d5127c27	2.0349486862851626e-209
c84cfcecadfbb784	-1.972820127916523e+40
ba601a219da8b0d3	-1.625894119086316e-27
fde0344a9648363e	-2.11950773843094e+298
817871596531c8f0	-1.4257217668363356e-301
d9d33a076ce32c8e	-5.083963519488329e+124
272feed78459160d	6.1831692391949044e-120
75844d61792a7dd5	1.2193569838934428e+258
e488153d23d7036a	-1.9060637431716696e+176
b4fe745734e184cd	-1.9872459563171258e-53
8b7cf8d198bc8ea2	-2.4697975728699363e-253
247188d6b8030e03	3.859899207394221e-133
e1a35ea2c49c28b9	-2.1785620174911336e+162
70ee27fc362e4374	9.588333358386294e+235
365736d4c1360cd2	6.353515668161024e-47
1525dc047a046196	8.510833319247378e-207
30ed8b2db08516c9	5.2253507296021533e-73
59dbc30716dd489a	7.340848557144625e+124
4604b8ddf2f17a12	2.0522210149571242e+29
6bd9cdab1ffc173d	3.3932337698564525e+211
3e64cfb055c11359	3.8764037952243754e-8
82eb190cd897d4c9	-1.3258949739882371e-294
63d25c0e22228cc7	7.095132700372196e+172
04f0f65a5d4cd3a7	7.129339054346672e-285
2032575b31f944d7	1.367951821379369e-153
3516a4a6d1c09887	5.910143255204128e-53
98d3240f7605fee6	-4.295999273475031e-189
f2f21b4a82fb7367	-4.945310031394438e+245
7e6b40acd9a7b9f3	9.125448635525492e+300
fda0195f2ffb455a	-1.316096003310715e+297
ad54f8b27a1693f3	-2.573773068457709e-90
a57c5f27fd8da50b	-4.093052124584089e-128
6cb0d23da81e6186	3.624225932413677e+215
e1fce1b1c49515d4	-1.0394873048485986e+164
a3db7ea34de06c24	-5.910587178201237e-136
4cfd4ed641d874e5	7.535371326456316e+62
a7da9ba7616e3ff0	-1.055150222018085e-116
749dfbb8b6b957ed	5.495606290898977e+253
14d3802ffe1c1ac4	2.372651374695511e-208
d5d028a6c8549844	-2.316260858645126e+105
30da88aa5830f1ed	2.3465041361398022e-73
87a32f8ba815eae2	-7.093035499150161e-272
bc7da88624c0ea30	-2.5724471917567117e-17
0958289385039876	1.1987642697588608e-263
37a94d70deef0c13	1.4522924781290013e-40
d2c30705f65c3c94	-4.8449461348281405e+90
481e0a13a2d9f91d	2.5554663110615698e+39
22b8ebe0c75a7442	2.0436873563198165e-141
b39c65cbdb865179	-4.4179739801302273e-60
24864c0d4df4cb4e	9.816572404523795e-133
473141008d3fa788	8.958744693366928e+34
401df68f274154c9	7.490780461657047
b6d6368570d37e46	-1.5563502927647705e-44
fc6d88abe2610cf7	-2.3025349110736904e+291
bc0e2c08486d092f	-2.0445343407671598e-19
c05b2ceb1d05df08	-108.70185018132554
7a75033a9857e853	7.62844496693954e+281
ceeae55dda6083dd	-1.4850329334523958e+72
89739cd0a7d5d524	-3.8927638424528934e-263
b35a281c3d63b530	-2.5433347639242072e-61
33778a928690db80	9.156116187886543e-61
21f23b70b51d0ffe	3.650235644326804e-145
88ba746f00c919f4	-1.2819427812697583e-266
5d0689ef0b5ed1b2	1.3420196155702171e+140
fc77d9c6eeac5641	-3.7189196826256105e+291
e8ecca13447cca44	-2.6900424590742888e+197
7bb0bf1ee63a6fd7	6.375020970335448e+287
d3db9cd7a864b217	-9.215671236342736e+95
faefed84ecb2ab4b	-1.4836622688936288e+284
82a96366767b7484	-7.764036852631827e-296
0594e6d1b09fc4b6	8.995894853000184e-282
492d36f21193206b	3.2575402294564954e+44
c6512e24912e222e	-5.44463712047174e+30
f812dbfbced0a3ed	-2.490817719955115e+270
8f00b9db9f492d06	-2.0548763677032595e-236
e7dfbe32132731fe	-2.2628958065105602e+192
5609e5323f5d9cc5	2.969541502322746e+106
146a2e4765fe3456	2.4886027132466834e-210
cde0186c13521c5a	-1.356034691702324e+67
4bf7f2f600846c62	9.39567031003776e+57
2c053626d2f7db86	1.241318975253252e-96
1966e7e576de8028	2.632200771726335e-186
7da1bbe5117aefeb	1.44974480621593e+297
dc729ca8731cb03b	-2.16446121695501e+137
466ff476a4cc68c6	2.0253846494592847e+31
134339acfaa6f177	6.971177581429758e-216
b58865539d696182	-8.150531540381966e-51
9a765cee6c9d377b	-3.3683168394121204e-181
84347a0265f3c8b8	-2.1011738637107297e-288
807c1f8a722697cc	-2.5030484432670153e-306
bb37b3c3e4b159e4	-1.9606006804101974e-23
3e3a7a625fb659f9	6.164904582832564e-9
05af441d48bec3eb	2.6913326760510394e-281
88be9aca27191019	-1.4830344054942858e-266
a65c60146180525b	-6.706909174242427e-124
12abf07ef824c3ac	9.893519581154592e-219
6a7f0304c9e7076b	9.723081560194099e+204
08440e2eb9b0d72e	7.592507319436877e-269
c9fd96041c9858da	-2.702499237011599e+48
e7e1707bf420e50c	-2.4864433621554307e+192
f8a338cc68e41531	-1.2998154617160236e+273
a20a4210a34ed1b4	-1.0514166160129912e-144
5675cc081163c5b2	3.199448639406932e+108
53639a582539c3cc	5.111273958718461e+93
b549e0eca3d0ac86	-5.4037060777329774e-52
7e46c36663605e13	1.9055509057868055e+300
7ce3420280c20233	3.84355946863817e+293
d0044c5168465256	-2.937951744410483e+77
e394a950a16cd3ef	-4.990418980995199e+171
5934e28769e86695	5.392997560377795e+121
c2647508d46f3e2a	-702902870905.9426
46e6981f29436f4d	3.6661226872177575e+33
d1f74e183ebe1242	-7.243841622555088e+86
6233ab19fd409691	1.1326243843916516e+165
1dcaea5850b88918	3.651517533075662e-165
72ee9375b08c0595	4.1754891536030507e+245
37e90ccad878b9b2	2.300476440048923e-39
269d5cb52c7cfc30	1.1104256250139683e-122
ccae1c6deb54c47c	-2.4193297694413678e+61
08b4cfb1b9164510	1.0084704490505533e-266
473bc48acaf9f0bf	1.4417836376731445e+35
692333c8e41cb8c5	2.870780918131841e+198
138009a74428ff5d	9.304550912447956e-215
23ad253c66563199	7.831821661087957e-137
accd74cb48d6a9c1	-7.060711468154197e-93
203621f6651aedb2	1.6507296385877623e-153
2d3a8d64ee5056cf	8.146739196678391e-91
75b155ebbe8f57cd	8.329441416238975e+258
daad6336afb89233	-6.365779541996551e+128
022b354cf4d266ad	3.2502308259454743e-298
b8f4cf6e023ae3a2	-2.5049454168234007e-34
979f1c25f76b4328	-6.658895383917589e-195
7ecf994f3121c83c	6.771691084134995e+302
0cefc9cf4f1c37a4	2.2732182276365733e-246
f4f2b950d8c5ff3c	-2.1964049738820304e+255
836bd90df10aa028	-3.4882386191437335e-292
04f1a74f3313b723	7.419868655375027e-285
fb094ed88896d191	-4.704176417409008e+284
063fc0a33b502976	1.3993998453064764e-278
f1a03f693fe1edaf	-2.116013599695062e+239
48d59c259179702d	7.529967962354317e+42
50ed7df3153f291a	6.993795449715297e+81
f39e339488798522	-8.446654613449597e+248
a36eb0ccdb964497	-5.154395558368884e-138
73910fb51e975646	4.771665778358464e+248
7fa2614942e0490c	6.453445936137004e+306
33fc716c07e45f04	2.8320250201296645e-58
0c97b9c68e4f8631	5.302032181711626e-248
afbab7d5d14d05d5	-9.013362105033731e-79
4f0438eecb2a00a2	4.4662346192460954e+72
ecfea29d2d0ec7ab	-1.0560823116581335e+217
4a807796ca20204f	7.701362821893121e+50
0b1d4c3bf1d5d3b6	3.9024607405008196e-255
3fc5fa87923e036d	0.171708055884689
1822c2c44f363dd9	2.0560057123362465e-192
99266a7fd95da92b	-1.6099451721204293e-187
e3671df71be64efb	-6.979430799487156e+170
9511bb07ec504ddf	-3.451645382983061e-207
58903a6aa477e504	4.092308687895068e+118
423e648f5b57b8d8	130536135511.72205
25d1313e7d28e865	1.5873669000744485e-126
64ab7697454be6cb	8.694394350848848e+176
0bc1da4221b9c2c6	4.870061226718444e-252
25c0c8f6a71cc5b9	7.748783593920412e-127
cad4b7ecd90a26f8	-3.1006781378935136e+52
27786a526c75d62b	1.512809144777522e-118
00ab7313b7edaa97	1.954470673831832e-305
555632c8f2e012af	1.2429675513759253e+103
e604d455ed470852	-2.7658262257141625e+183
85e480f4aabb4b29	-2.823884893430521e-280
b81f520619a8de09	-2.3010599892063314e-38
4f56189d04fa295f	1.5616204229293541e+74
7becdf57e0cfa5d4	8.792841939954862e+288
9ad0d22e923f1ee4	-1.6214927108522783e-179
4d9764b581331295	6.159029972735691e+65
8f59a785ce821071	-1.0085675870056512e-234
1d02b0d72816de3b	6.190702544568408e-169
89e93db365be591c	-6.4126959002693095e-261
7d2c44124061a665	9.026276733121483e+294
e10aba537e50af13	-2.9356990323784167e+159
1deda38a9a0a5fc4	1.6083978712810104e-164
efa4509dd34f8a86	-6.160012219280031e+229
61f42aa9708e67d9	7.258240850078747e+163
32d625833aa1e8b0	8.411756422824546e-64
f14a860b90fd6f0e	-5.397334011509917e+237
9e8a818019e63d7d	-1.4729033567431581e-161
1777b979eb45c3f5	1.2695219056562168e-195
34520768e3589bd7	1.1488706078036558e-56
f4627b06db5e3667	-4.234106922666911e+252
afc9cd6e5aec8ddc	-1.7408940472966039e-78
a1ba66974076f443	-3.303530381543592e-146
4125bcbc20fabb45	712286.0644129297
85d6310c3d058e17	-1.5281730217668516e-280
142226f44f6d5fca	1.0784040159863417e-211
7619dd80f89691d4	7.953768185456055e+260
7f2c94c25b20e118	3.9199852313670396e+304
a77b91b97cd7b8ff	-1.7082304420580312e-118
f2cbbe7b259703d9	-9.471889219897587e+244
786464cf6b422891	8.619142165027763e+271
e453e899b1500319	-1.969600333809511e+175
975c0b80d3ac1256	-3.7517791510688877e-196
6d39ae0547dd6d59	1.4164067091221158e+218
a4b13422c4939238	-6.059302655189037e-132
6c4de312d5d6aba5	5.0307108499301615e+213
14e3757433f4c212	4.735100015496387e-208
dd6c2ee94e957491	-1.0739869625188271e+142
e0e3b6d2510e040e	-5.413345119173907e+158
a07e15e93aa39588	-3.590217306239369e-152
4a4481a194695fb9	5.9940191809013e+49
4c5a2eb63811a470	6.574000598111205e+59
9f6be5df99def2d7	-2.5399458688169538e-157
b70213b55bede8ef	-1.013250112793696e-43
38ff0977e3e1367f	3.735941250351022e-34
60f829e8dd667a4a	1.3270318106917776e+159
57c958fde60e1456	7.802712853436191e+114
b41c0494a55d44b3	-1.115876973895239e-57
b4af68966e0d0d48	-6.4046975464939114e-55
3b2939da9e5c8db3	1.043322580087673e-23
f2b7a286da0b5f55	-4.0344999792837727e+244
8dd55305d109fb3f	-4.996874378396826e-242
23a3ed089e5a8329	5.354392529784709e-137
09c742f6d2a7b57a	1.477450579759621e-261
a51408bea4788d5f	-4.515990269151159e-130
0fb5c17644f00ddb	5.473897283993597e-233
ec22a0bebe92a824	-7.838827275533112e+212
995de00f8ede4681	-1.7165405292218822e-186
87c6f54674ad27d1	-3.395079733969677e-271
daba90ba9d1f096c	-1.1508895926065562e+129
fa6459d55a86ee3a	-3.6941100954361826e+281
6f7c5eda704afda9	1.0753356087345443e+229
d0068096029c531c	-3.25698381614666e+77
970d7b0335cde195	-1.2324461818992983e-197
b61fa82a2043fd47	-5.415131256734907e-48
a28d64f2cc775c9b	-3.0131144097295193e-142
db61c249863ae87d	-1.5756690940646343e+132
bd9199075896f5bf	-4.0012692674918706e-12
420b834f7e2d35be	14770892741.651241
cbc9a793184cb9ce	-1.258097346595651e+57
61d2f0f4c6418d52	1.7042996650807335e+163
0a9d62477c6ff48d	1.5288793198616284e-257
dd3cabb241133d77	-1.3657025278422027e+141
f1040b097cc7745b	-2.5491289178463407e+236
dbc7f2dd96144273	-1.359909213456436e+134
d51f869e9c46db78	-1.103279281781981e+102
a216e56ca9d01c11	-1.8336029433360672e-144
e01f4e3832d11054	-1.0493468369625713e+155
0ba89f19113dd4bc	1.6791432008919967e-252
deea2c49f70b7ef8	-1.673329379279169e+149
825260d20740b936	-1.7563350930139468e-297
1ca851a5c503a78b	1.2585690033188792e-170
8fa17132916b5fd1	-2.19429028210011e-233
a8b151b9d2402fba	-1.1252538366503849e-112
21578841dba7cdae	4.6009306400791495e-148
605188477a715d8b	9.402810251799108e+155
69c2b80be6bb2a2a	2.8656831751647766e+201
fc3b517554a2f59f	-2.6622440382954727e+290
4833027727c33f69	6.468642117298657e+39
45e9d0be803bc761	6.39158514490878e+28
e224fa4ad0dd1b7c	-6.040120470509033e+164
05e6f605bfe14956	3.162316407080533e-280
4fb38453d806822f	8.8277466046135e+75
002fa7ce6e15a905	8.804476417084788e-308
bd99f77fedbc8e44	-5.9041657974406235e-12
f2f23fbe15b102bc	-4.984199446393278e+245
893591af5b0de9cf	-2.6756880345559596e-264
20bb2075d201e7cf	5.179415063219071e-151
31f666d358a370e5	5.1932739946427444e-68
e146bcfaede51556	-3.99598512050544e+160
a6b1acd1f6536dc4	-2.673764341229284e-122
e69fa61159ec68df	-2.1516580087353096e+186
4a0bb624a52a2023	5.0625497178641525e+48
c4e82634c5f60243	-9.123325966369793e+23
b272731c7e202f94	-1.0949370926614085e-65
0180dddd5d5568c0	1.96762990194168e-301
f9ef0c261513c273	-2.2014661870704495e+279
c6ef0f7dc717235d	-5.0398563717011863e+33
4ceece8332e2679c	3.960355301573572e+62
bc2aca14486f2ca0	-7.261273828637567e-19
129431fd01d0aea8	3.57563155266112e-219
94b131eae3093d2c	-5.230280178573967e-209
5137303a51355fe2	1.7596626415127464e+83
a3e53246b013e290	-9.113262682010166e-136
447112b0a2c315c3	5.039062472006617e+21
cf19aa3eb19cf531	-1.133654092998792e+73
c862972cca6c178f	-5.06082287889029e+40
5b27abe16520454c	1.3126599118594009e+131
dcb78288b0340b9b	-4.374503530097467e+138
19a914385eef3c4f	4.6110797509272453e-185
95b69f7c8d7eb650	-4.5097558860509286e-204
2d27eacadfa69c55	3.669111392710871e-91
89ab72231a035b54	-4.3580322611258075e-262
5c559fe01a94eeb4	6.28701346510904e+136
6f078fb540dd796d	6.976973883881126e+226
11e57c357213e384	1.8574298560013027e-222
c20ff215b5e4ca53	-17150686908.598791
b9793c8443d78df0	-7.77656405754162e-32
ff534c444dab6209	-2.1174153635455097e+305
1ca00d7cbcfffc9b	8.307687276683657e-171
2efb188df0b95178	2.2316445954082352e-82
8851ba535c6b3e1e	-1.342269014216723e-268
4eb49a8a61533b78	1.422013318560374e+71
c1bb34a642db4111	-456435266.8564616
75d7f9cdd72d8bfa	4.607966730692379e+259
ac0de2b31b2ad95e	-1.7489306430679783e-96
4026129eccc7e724	11.036367797281464
344c999548b32f6a	9.112464748370925e-57
86914165790b715b	-4.867101500228565e-277
f32343abf19bae00	-4.209210595381033e+246
0f26698d80e2b846	1.1013874656725231e-235
2aa865d3e450cd9a	3.40409389121972e-103
419d9e0bb9cc6385	124224238.44959839
8227f23bf0752d6b	-2.8605622468779827e-298
eed49767fb31661b	-7.62190060793938e+225
29bfd1a2a2f4f487	1.3548354677577434e-107
b0e55c157799c566	-3.777863508450576e-73
a9917d7c41e97203	-1.8618118100972936e-108
9a8d9f3704061bc2	-8.923310664679421e-181
28b937ddc6108f7c	1.6384613187711409e-112
2813f4e387784b24	1.2662170499822417e-115
4d8d096a78a7d87a	3.8224124205532416e+65
f6b3ec6eecf357d1	-6.273693918340462e+263
472fae75eecbb7a5	8.224984274217037e+34
9fd42cfa53275a3f	-2.3512063314891355e-155
b47c27ef20ba2a4f	-7.1768134373358445e-56
db8cee768e03a7b7	-1.0267837895188298e+133
a452636defc95932	-1.0119656884389883e-133
590013e534ef553b	5.189585076796835e+120
174319fffbe4bbe1	1.2776789163722475e-196
ff8d180dcd1e5f2b	-2.553809239214051e+306
d99cb696a6847711	-4.7452640505244984e+123
24ae2762e800ff23	5.3102470290637507e-132
0b787ef1906dc8e2	2.0882216294204842e-253
0742171af18fcc8a	1.0450056435650788e-273
0bcf9825e1a3cc40	8.618719780376059e-252
9d5b8af56caec217	-2.919245533570824e-167
29637441ba858134	2.588590483935887e-109
5ec388c5d4bcda28	3.122231033642738e+148
b0c647547db39302	-9.850983915426385e-74
f5a9498b4f90bf27	-6.075030236818283e+258
56fa10bd895ae3ab	9.794509324665147e+110
70d2cebc09ae1dfe	2.989984982451156e+235
8826a636c0e94086	-2.1436217524645448e-269
f7c76bba4cb4faa2	-9.666473912044224e+268
affab912e3c82abe	-1.442399080383945e-77
356ca7d1934c345a	2.39342251191454e-51
ad28a999bb616714	-3.7834539835073303e-91
67f6367586201bc9	6.334016569138367e+192
2e7655c57d1e73e2	7.185683050035488e-85
df2f20335e02e947	-3.183964011252375e+150
666b12928313414e	2.30068141697423e+185
8c646eb337f3c32a	-5.707598926667592e-249
bd4238c1b116d86c	-1.294730047734326e-13
2976c141da8da42e	6.055593601161293e-109
af02366ad02f532d	-3.0000076555809427e-82
73172f08483aea13	2.5327924085572868e+246
ba68954fb0e504cf	-2.482273621696074e-27
1fe172d106d20b8c	4.066777284879774e-155
b3d6a3fd928f3509	-5.635708990807858e-59
f1ebccde86795426	-5.792893897131487e+240
33458958cfb7c58f	1.0470471836041318e-61
d7c1ff8cee317914	-5.540366629855953e+114
e360aa3d32c954ee	-5.031445591676961e+170
12c78044bb215543	3.3287439927861847e-218
a0a6cd6758482da2	-2.1768672855871483e-151
e27428dc8a9cf60b	-1.857461675951675e+166
9fee1885c32c49ba	-7.014520757563606e-155
097eba5718b29ced	6.098970866562407e-263
2ecc363aa96f65df	2.9044406611736038e-83
ff4041951921dfac	-8.918342753815178e+304
785d9606993b5a48	6.252056868667458e+271
bc364d51c616a47f	-1.2089954156566113e-18
41b0eb53c78e02fe	283857863.55473316
fde9e3d6f3fb20ff	-3.3863960471725568e+298
6b75eaad1224161d	4.5033139900138364e+209
8c1833aec7db6598	-2.112675624789786e-250
c66e35ac1bad0de1	-1.9147645175084936e+31
f83f6dc9a54ea64a	-1.660369386446568e+271
417c0fa9d1a0b24d	29424285.10173254
3ac746999095fdf3	1.5041620740309484e-25
ca5ac6a6c347b3c1	-1.5653256671289716e+50
92cea29e95357bd0	-4.33924658024424e-218
73a3b817908a12a7	1.1029954770657092e+249
890de2c89fcbf422	-4.634253500588647e-265
c8b75425644f42bc	-2.032215997524972e+42
0f0812b0a69c97ff	2.957493318864861e-236
b80ed40e336b8c69	-1.1324544218554464e-38
1e372e5a847e6724	4.025462753847087e-163
5bc2ae49cf7aa0cc	1.060776471945095e+134
f70ec2ddc5fbdb97	-3.0996268994358885e+265
6fa5feb3de0d27ca	6.669439445273926e+229
247f0cb078c4a6c4	6.834983708455451e-133
6f96498a724c01f9	3.379041797066298e+229
bc1840c0340342c0	-3.2868853021962565e-19
d736f14d2af5ed82	-1.3793698525738878e+112
f1764f532b1a50bd	-3.631896658612315e+238
40b5c75bf385b5f4	5575.359184605524
e259fa497f062ce1	-5.983813669409591e+165
e9d0642c4fe74646	-5.018691977526769e+201
42d56ff10a4c34e4	94282118148307.56
16cea30c9747093b	8.0049357026416195e-199
ba6a136bf8e6e268	-2.6329896288021395e-27
b1d5f79debec51ce	-1.273141743449435e-68
5b6185a41173398e	1.5546500697407574e+132
be1a974f729327f6	-1.5478031723485265e-9
dbd074c07c4bd2e4	-1.8688911220125718e+134
c4fd6c0f46ebae91	-2.2230716350315883e+24
540b76ad6107b382	7.332732170397182e+96
7980bf19a216ad28	1.855366392102335e+277
81c148d1b3bcab3c	-3.226189632850743e-300
fdbc327105b7de88	-4.610194081520674e+297
32b296db6d511b0f	1.765158216203267e-64
882b5ef79d4c2ead	-2.5905024738498026e-269
0ba9dec13e4d39d9	1.764299703328772e-252
b7bcf9223b8d00ae	-3.3259577898148786e-40
e8892122590de9f4	-3.6688490802541597e+195
6250664dbda7d121	3.777561263575164e+165
b7f98ee0429c73b2	-4.6942833223969176e-39
51a0ed27cc814f85	1.644118422964326e+85
4b423a9d8e220e35	3.491976253956855e+54
337df1272673a6eb	1.1645596629273157e-60
0773183ceae1eac6	8.824219671516116e-273
2091625a979ea2d7	8.298063895467157e-152
3b48059544adb568	3.9740749206247095e-23
b2194168dcb58232	-2.341946984460998e-67
f28d7d2bf82e445f	-6.292248277901583e+243
24123dad175223be	6.274061150297435e-135
379c8fac6b42cf98	8.196669490841084e-41
648b0ec0af328149	2.1414956494897478e+176
1c60064489b98a10	5.18318272602145e-172
a7811bcd1be7cf91	-2.1201478428857235e-118
a0a64dfb4a3a3797	-2.129349417595233e-151
95d2ef93cc3d9be3	-1.5098983856441068e-203
97794c23615318fd	-1.3536892185756183e-195
4bdb82bb4a1310dd	2.6982386927597988e+57
291c3ff9728a5988	1.1746771460033945e-110
0ed3eff51683ba03	3.0617554452955944e-237
59beb6a2623c93f7	2.0303286492240665e+124
f8037116521ebac6	-1.2838710662862149e+270
2d8134c5682bb869	1.689330712898761e-89
fbf468baaa816aab	-1.2430816975030808e+289
7d5d6161ff5412f9	7.505739490088293e+295
dc6a83fc0ebdfb36	-1.541803145988615e+137
8ab718bb5da9c10b	-4.806975774868971e-257
d49aea2fb23696c0	-3.679337159948344e+99
7d3a70575521b02f	1.688566010174101e+295
07a8561da015e5a8	8.997255892705755e-272
88bd94f87e73b4c9	-1.433475122906264e-266
15b8873caebfb7f3	4.889560916902436e-204
507e81b3895c9377	5.651885197194267e+79
7d7da32eea18f3e2	3.0285612370449625e+296
78fdf3d0167582f3	6.481381744910331e+274
635d8d268dddaf1a	4.461030329817011e+170
3fe093a59f10888f	0.5180233103494788
4e24de6f68c3c7fb	2.8131204659769655e+68
17a9534585fc5905	1.0841442300263757e-194
d543330bd76359da	-5.375219242135975e+102
3750b9362ebb48ad	2.999627655694727e-42
b277a43a98e82f02	-1.4030602903254027e-65
3c0c11467ab544d4	1.9019265382995138e-19
97da15a378adfd94	-8.93317298919147e-194
24fcdd7b552fb892	1.6266567031365035e-130
e588980c27a50a48	-1.275661476581211e+181
5b656efe21e061c3	1.9017022979239222e+132
96daf2cfd8eda74e	-1.4082417290498791e-198
ec8e78cc516ac9e7	-8.206651647536559e+214
0293944c735fa461	2.993789415391683e-296
7dab3688743d5d95	2.224653988217561e+297
2e7dd8123a85870d	9.601490849068893e-85
c6e825df88273a36	-3.918227618056125e+33
83587d4612ef9cfe	-1.5337744192830968e-292
cf75a486074e77f4	-6.118286106166281e+74
ffa2f6ac8f93e4f7	-6.658336059663687e+306
92a2d351d1da7195	-6.666208983172482e-219
62fb52411eddb518	6.4443489280526875e+168
a7a2c5c71c51130a	-9.305408079618e-118
f839ce52ff8e3bcb	-1.363314434411075e+271
261fb1b0d512ed24	4.6820958261011675e-125
9e73069f2ab3a02f	-5.286238818288529e-162
887b81f4f0eac716	-8.331002388437146e-268
a90231520a28de06	-3.782402708580818e-111
2ceac8b2ca6afbcc	2.5680674220743704e-92
377519e51d778be1	1.5139334282303293e-41
6d7061644ac6e88a	1.4455806740153516e+219
6d2b8f4184b78520	7.600456707911668e+217
f6645a09d98dd7fb	-2.0026599186561135e+262
0d224e02d8a7a213	2.094386799373987e-245
b05f584131bde8aa	-1.0827939971578582e-75
19b5313e4dc77017	7.792950737939802e-185
db7dff55f67acede	-5.3230654055247597e+132
5b8a78ce86e5e267	9.394923343607364e+132
6f8af95324b0a163	2.0448001197777161e+229
2307fc8d4e506a06	6.294474397030641e-140
2101fa4ed74e982a	1.0984185923597593e-149
8d309bef57ebade9	-3.800757691490221e-245
68850482cab13188	3.068532687258556e+195
7c88bec80160e760	7.716804084971102e+291
ac11dd66601781b8	-2.0909353701087777e-96
9439fca8de3986be	-3.0877234220481375e-211
332808e974930f93	2.921269605640962e-62
b94dc1432dd19fd1	-1.1461182644429719e-32
db5da844a4f6f2ae	-1.3156782367129864e+132
2ec2f01f68e4279f	1.9496867788692538e-83
6ee183148ee6a6f5	1.2964128113388103e+226
1d3d56c94b618a5b	7.774059650593282e-168
3f703e8e2c9db91e	0.00396590744808936
ec78ace1c57af273	-3.322765737091758e+214
fdaf22c92737c872	-2.5453464812529464e+297
19050aaeb2424646	3.778105875497555e-188
abd59b630f8710df	-1.5805763866620552e-97
5e0c443107cbe1f4	1.1030063673654924e+145
055eddce0209251d	8.302911555587482e-283
f3f85f48fa354b40	-4.362458144014019e+250
38f13f2efd8ae424	2.0760093312871636e-34
80c8a0c30ec1dfcb	-7.014280492773564e-305
922c0fb768862d1a	-3.881525212874363e-221
09824a885abe36c1	7.260969985893581e-263
10ad46b2b7100b6f	2.4137232741385272e-228
79cbba71de363b53	4.915291181270247e+278
32d6a85d1c720dd3	8.605897907597418e-64
e4c025d7ef2c08aa	-2.044850341612743e+177
a91689767f36d82a	-9.371239179857813e-111
224a8c530bda63d3	1.700850773730887e-143
b3a42063c2a32d57	-6.262382763702591e-60
463a44b3db285f45	2.0811946387034297e+30
c8d2738552f08a54	-6.429323347752448e+42
34ff5aa92ae8bafc	2.045953345822966e-53
8b53a0c7162cd322	-4.183122226609727e-254
055275c636b89653	4.965661290498649e-283
aa2e692a86684f4f	-1.6574462329314302e-105
7fbcf96ff2bc4dc7	2.0346490643567704e+307
1b9698e5d9c1c8a0	8.92232976373987e-176
fa62a18a642562c3	-3.381913902236999e+281
c7d1b95defb64520	-9.423742441282533e+37
c55883897010eabd	-1.185415398366294e+26
c5a8ffde90390c17	-3.868483672757521e+27
86cd2d8a4cf3fab4	-6.583970715627649e-276
47090fa6b94267d8	1.6265608352176143e+34
429abd84b06cd531	7350319323957.298
7396ead4774b8bf2	6.409438290002629e+248
c08cd5e81c0ee6f0	-922.738334766791
dac05598de148981	-1.4153061107699296e+129
abb54c73455e80ae	-3.895051199048749e-98
3c2a4b6bdda528c8	7.127169582459169e-19
6f3e865641772c2c	7.2311755854682755e+227
3aad34f51a48876c	4.7186235266755175e-26
5e0545fe21e52ac3	8.301279214319827e+144
131c1b3d9f059300	1.2739385875806743e-216
81d533f2d2c764c7	-7.915167007769128e-300
f5ace6e8474b9850	-6.9434276692374305e+258
bc71cc703a0e5f6f	-1.5437813739852346e-17
cd9b345ec9049b16	-7.162439370706907e+65
16a8b2851ffa4dd9	1.6132554141056328e-199
9e6999d9070f0170	-3.55654845217926e-162
030f2ee03cb8eca9	6.1031445899460684e-294
04965bdf32565909	1.4683651689264292e-286
d797b3f21cd583c6	-9.120530553371793e+113
390fa7907245ecae	7.620555191967447e-34
35d9238624948112	2.6876002229020006e-49
2265f269193b13dd	5.624262383208597e-143
135141dd56357168	1.2515135296886887e-215
fb19a1e42b8d88b6	-9.528948534350366e+284
c9fbba9b6bb83c2f	-2.5328676556574958e+48
eb80ac113e5c9110	-6.851383770463658e+209
23a622cf18099730	5.948268831579517e-137
771fcaa74726ddc2	6.4069123530119846e+265
0f44a22dfb28ba0d	4.05589398373924e-235
6144eb1978d1144a	3.6761674515765605e+160
115755a6879ee2b7	3.94006237312679e-225
22cdc533d716e8c6	4.8826498213532975e-141
4bcb95e11782821a	1.3527873104645913e+57
bffddeba8179094f	-1.866877084496611
aa479587461c667c	-5.141510703567639e-105
90a3e1b57e33c81f	-1.6391786292813204e-228
e1355b67016a572b	-1.876630548231393e+160
3a6d4f6ce390532c	2.959579455883437e-27
d7415d16609f8f87	-2.087895414178353e+112
bc8bc1305119cfa6	-4.8146631656984046e-17
754a41d0937bb268	9.85627682789991e+256
43eede939fa2a32d	17795020638442318000
b32bbf0e5d89b00b	-3.3723775269885937e-62
1a945c2fb32f6047	1.2266554074430489e-180
bbd25554de6d10e8	-1.5528931363044637e-20
f275f4d0d1158647	-2.342480009246492e+243
5a778389ead827ca	6.366803221178465e+127
2a030b9a257daa62	2.5950147606047107e-106
9605ed3a5ff5a58b	-1.3987034511837288e-202
83d2b5097b0c09b0	-2.999386405640721e-290
bd74e10d0bff6547	-1.1868397296764687e-12
0da92b6c30535ece	7.37242154112705e-243
2adcd26ba2acae43	3.2171026394019596e-102
dbfe6bd1c60c52f3	-1.3819552583631491e+135
c6108f9a2b97290b	-3.2802333426476924e+29
1873e450fbc313ac	6.97586660349442e-191
af6d319722a57238	-3.0776589473660205e-80
10a4bd696632034d	1.709935536969929e-228
ed2dbc600e93b730	-8.200627856086754e+217
76c4ea4a9a362e0c	1.3171894815559867e+264
a107bf178a4bf8c5	-1.4508780521332391e-149
5f376feceb9c67a9	4.7949462114321804e+150
8a47f7bde2bdd145	-3.897093702201602e-259
4a3efcef21c991fe	4.528904761557339e+49
6d3d58a5031aed91	1.6186380887503579e+218
8bb4ba6583fa9739	-2.8272445689249764e-252
f2a62957c61680b1	-1.89149660576872e+244
d615dd91d95ea302	-5.014850942468185e+106
aae2563de49543cf	-4.09352047254177e-102
d17c3299b2c818ce	-3.4236695341489237e+84
8be184e6d4de3258	-1.911642120984514e-251
40325952681b871e	18.348913675995497
07f1272241bba3a8	2.0292736172596044e-270
8c1990af7f89da89	-2.2316826407487158e-250
dfc3c4454e2dcbe0	-2.0705303327367817e+153
1d67b948a397418f	5.028934994700372e-167
3f760fdc2f33e3da	0.005386219115501379
3a59c5be5f2e9de9	1.3011755050397316e-27
1eec8fa06c01cdac	1.0157488815585189e-159
e33889b6b3c82691	-9.260527888535082e+169
5451fe9c1bcb20fd	1.5374466891269637e+98
85435df731449ba9	-2.6048194875370434e-283
e40cbc91004a0e9e	-8.884289667056246e+173
72a4241232e5ff21	1.719037821969777e+244
2d32ad8168d489c0	5.730678084220347e-91
c47253f64f964af0	-5.409464063729787e+21
5fc93b146ddb6f61	2.6428863946482143e+153
06dea03a89e8a396	1.382142255355324e-275
2edf863b1d09afd7	6.490934121712761e-83
36982e6e59eb0f44	1.058916203277109e-45
3871fbe5e6a65403	8.456025234910075e-37
a8e2601078e25e60	-9.55091336436115e-112
56e6b917b9472755	4.269278076710272e+110
e81899e39fb40a51	-2.80602981337136e+193
c13a80eeb5c607dd	-1736942.710052959
d28e35239161b9f6	-4.80733710475599e+89
6dba71f9532d475b	3.734082200293013e+220
830d0db875f98045	-5.686357191924531e-294
fbd1551dff212924	-2.639227305183578e+288
9abd40e66692af76	-7.049862845363379e-180
5cf2afc8287ec2ed	5.563260656284921e+139
f440457c6118da6b	-9.31991790784944e+251
30e56f613c293d45	3.791194967033715e-73
6bb380256d52923e	6.410978381136499e+210
ddbcfb3419911179	-3.53407101712252e+143
4c7bb866559bde7d	2.7840514466704183e+60
e4d943b7595779e0	-6.398651384361907e+177
7b0f78751433dcd5	5.849652483540901e+284
9a802b21636cdeb3	-4.870592105227156e-181
efe29f2e3ce7248d	-9.034587593816261e+230
d6abfe7685c83244	-3.2872545847080357e+109
f39e83045c3c4d9b	-8.533438350546236e+248
6467acdcae70e062	4.6844857525758476e+175
fde3d2dc70ba3100	-2.592924758746793e+298
e5df63ed3dfa20bc	-5.210187978725751e+182
445e150a591dd8d5	2.2196737776823076e+21
a2e63316f41cebd4	-1.4563862709040063e-140
45adb38788786749	4.596051521719195e+27
16b1a52160a7114b	2.305183699326385e-199
d348318c7a42bd30	-1.5770602007102432e+93
9171d382cb390642	-1.203988590801007e-224
95d744fad44f719e	-1.8554493439770742e-203
75e938a00d5f2a1e	9.694644475317729e+259
eb8f5c1001a6ded6	-1.28871764858112e+210
95f20ee851c3fb1f	-5.759677533737659e-203
faa185af88941405	-5.089027747316579e+282
488290ef4970c9a0	2.021674843030709e+41
58d8d1c21ef6a6f2	1.0014032932583796e+120
8f38ff268b529e48	-2.4567771421602772e-235
cbe5b2a5cb94a3dd	-4.2562363678851985e+57
a20aa96a13d5cdd9	-1.0675817748521994e-144
e7b9a52eb09d98a0	-4.570503961752847e+191
72bab5e4a4c2db07	4.5595170141713564e+244
0beade16552ef642	2.9317122640206163e-251
f738859116d01cd4	-1.9767309338814203e+266
bc185851555658d8	-3.299361522978706e-19
57efe83ef7e7d40a	3.9287753702762326e+115
a1b4c59919f8da5a	-2.5991877851547788e-146
54c0fb633e3b6815	1.857192739937553e+100
3405d0a94c064381	4.34417908662012e-58
0ab216fa45c32b4c	3.764925866953486e-257
35fdd83951ad57c4	1.2762825514951469e-48
91e0e7ae2fb945a4	-1.461465036086855e-222
e6b5026299d542de	-5.713329396749782e+186
005dd939d42e3404	6.641520306012595e-307
47791733d677fa7c	2.084448382326081e+36
0e35b2e0b5543454	3.254153315835668e-240
480b1adb415d8113	1.1529152841915694e+39
de8cac2c2a283ca8	-2.864271614746337e+147
9a1864b6475311d1	-5.740835404542314e-183
884d4fc5170a1cff	-1.1096689205430993e-268
c62f0015e39bd363	-1.2280497501180377e+30
a7080c9875f0a575	-1.1641592845929342e-120
4a988e9a323784df	2.296969899178603e+51
972cb4a9368b1ad5	-4.8002194933064244e-197
efe3979d3f1f5bb5	-9.505409983480906e+230
595ba1a1809d75d6	2.8540441325762884e+122
ead3fa65267d05ea	-4.008771982448497e+206
5ec0d7cac30f0f16	2.692066109315953e+148
7f5612601e53d14d	2.421770376872395e+305
eb322d707d133dfe	-2.3343776415164466e+208
4f32e5a8637a610b	3.3388286826726745e+73
c439c26672daf7dc	-475176611818508100000
a80d584c639fe00e	-9.309461128637172e-116
6c5397e1cb58ae76	6.596055258459934e+213
0c56269dd839b93f	3.0938119812101324e-249
0cdbf8b00a75eb96	1.0001343179893313e-246
57e972b54e42232a	3.1334542708011704e+115
4ecba11967fb11cd	3.8138075671848745e+71
bd94d6accf69e48c	-4.7381432465352414e-12
8cfbb370a82c097a	-3.9618499849230245e-246
0968e29bb24a88c6	2.4696461543055365e-263
8915148f5b18c8ed	-6.537637976665733e-265
02ac740f09979139	8.701372182000713e-296
8da950c151954039	-7.41513660564751e-243
cbd182f08a7019d7	-1.7175212414914556e+57
a01d13324d1113ef	-5.4212788613372354e-154
82f44f7968763474	-1.987575870695401e-294
71e48208d51ba99a	4.273352762564142e+240
a53f884ed2fa28f5	-2.843149044008811e-129
6b7ca3e71f07b087	5.8848274590422614e+209
cbf3a58c570d3f8d	-7.707760194133891e+57
ef6019936613f8fa	-3.051195603156778e+228
389a3bfc835505ce	4.9341275304235147e-36
5e76533816323f30	1.1150923065531874e+147
6b56ec9a6e7b08f8	1.1775837188082726e+209
e3e5e60abbb5ba98	-1.6925593266748774e+173
9031218b34036aeb	-1.1034351487994654e-230
729aeec4c70d55c5	1.1493604237885785e+244
db0da0ff8d5c99b6	-4.107557574187103e+130
d32086e3bc6c64bd	-2.6932732233119806e+92
2f8044c0c412becc	6.860257878849754e-80
eaa592094477511b	-5.410362197145227e+205
64d8a0116b8db7fc	6.236750724296504e+177
733971e5fdba1387	1.1119300752455955e+247
469f2022f1fd1c8f	1.5782520348760006e+32
1ff66299a700422b	1.0434758036943635e-154
47ebc4a9d0a199d6	2.952823226172755e+38
90fe2b7be7bd57d3	-7.959697519139794e-227
e5a53f700b28d4f5	-4.408404550544234e+181
2779f9ee10c28c4c	1.6095290582807756e-118
682eb1c97cee1682	7.002087277093278e+193
79ff3a3d49a27941	4.428464608414215e+279
d7c11a8466adf94c	-5.264964646026272e+114
e906a44e8c602ba9	-8.462497827501267e+197
abbcab43e44e5109	-5.2429297422781415e-98
e383a1fe60396e20	-2.3709889005319455e+171
f254531e7ec24fa5	-5.4210114686589345e+242
d1e873fe2d6c5a95	-3.800341698344915e+86
61eb98ca4ca8e7d3	4.9662315986497554e+163
5a0750bab2195ef2	4.932080145859762e+125
a12d1031664d0524	-7.1029112647084575e-149
1bd52c5075b11c9f	1.3376023650953147e-174
9278264e40840fd6	-1.0689408712253188e-219
eeab42495aa60638	-1.2612338300950581e+225
d6482a08b221320c	-4.433643857554477e+107
187fffbc16898378	1.1221700463412124e-190
fa34916b6b216987	-4.666905391534386e+280
8424fb6f726bcfab	-1.07652607556167e-288
784be6e4967bf14f	2.948086927156829e+271
e21ec9a65e689253	-4.4323579200199867e+164
c8785c02bcf7c23e	-1.3262527998449487e+41
d2b42ca6b33821f6	-2.56850103587069e+90
57d1f4d540276e70	1.105495866395417e+115
10ce28046c169e83	9.945155953521898e-228
47128d60c16e41df	2.408220724381074e+34
23e10bd551eef998	7.328922834724724e-136
556a603634f93c80	2.9537560069834275e+103
7e4f93b40b13e0a8	2.643358660124117e+300
97ddbe4b228d0661	-1.01862058535932e-193
ca6d8f610bb3c681	-3.4561677883614238e+50
1f1839301ff890cf	6.891872428584481e-159
b1cfb1dfb97a3685	-9.184579792624169e-69
0af7c350a12af9de	7.913052211986296e-256
3c399c16f8d022ab	1.3883060024815312e-18
6c22a1c93b682544	7.840538409765843e+212
c7d7ee24787d168d	-1.272350010728899e+38
8f37a0bb1f3f584b	-2.3222432069505047e-235
72fe0850cd7e64ea	8.202527939619129e+245
3d87a77be47cda2f	2.6891750849225824e-12
9819b3d3621318a2	-1.4083714372587763e-192
21ec5c01e7e90fd7	2.838894175074508e-145
0462171e96bf7f9e	1.4850469037975293e-287
50dce438472bc0b5	3.4256949890672932e+81
d8929a4bf0ac4b66	-4.691101044070767e+118
41d64746aee6b8f9	1495079611.6050398
46cd24a5a96744a9	1.1821867243583326e+33
7fbace50e86b7068	1.8823758615029856e+307
4aa0583b754405e8	3.057631148080405e+51
4ad69d94b5ee75e6	3.384592786540161e+52
110381af47fc77b4	1.0292821123437255e-226
e858f51129af63ec	-4.55464671602604e+194
7f82a1a55d749bbe	1.6354293428619562e+306
0e64ab5ffaefddd8	2.479830660239706e-239
2bcf733270836d26	1.1503020861549724e-97
b9d3d515ad53810d	-3.911243763077446e-30
733bb93487ba5c7a	1.2115012270165695e+247
4a9a36608690392b	2.4518067626169592e+51
b71627d10e6bfac7	-2.4837212276184226e-43
5757699ef6fa612c	5.630509616149336e+112
e12834231228d955	-1.0633806687727917e+160
294dc754a546ff67	9.905955731732102e-110
2fee64728f6aed82	8.20230176411926e-78
8982590f96d8d39e	-7.283498235947326e-263
19c1ecabaec74ea1	1.3182554864035523e-184
a57ae828f78d16f7	-3.8817281645647533e-128
ff28579e4ea64313	-3.338616369504412e+304
5e486e5123ce9590	1.5253441312547915e+146
dee148ee08629110	-1.1050814589293208e+149
12573a30573957b8	2.570288742864323e-220
c40342bf26ca6635	-44412217872284560000
2b9295535e21f02f	8.496192562502969e-99
64a0279d6a254134	5.114316468891465e+176
8277a695a2028527	-9.040837507369132e-297
a66592f4935805c9	-1.01986657737116e-123
efcceb192751bb8e	-3.5075207464150126e+230
142e005e5090e3cc	1.782358840733981e-211
d1c1f2b81d462b13	-6.973451603059911e+85
dca0c7214cd42563	-1.5609334334931588e+138
c77c0abf8352fcea	-2.3296369497106315e+36
4535832d5f5b6925	2.6006909195847717e+25
7d85d35a3a30e50d	4.460585297653619e+296
f4bb9ee56b88d796	-2.0250271609019426e+254
5e3fca4b49a9c7f0	9.924104603954262e+145
5ba8143b7cc44d2c	3.4182760573722e+133
5957441c8b470236	2.4031512805115834e+122
0b3f017689272b3e	1.6519824420827555e-254
e45b7edefb9f98de	-2.7201981203399895e+175
180fcf1cdc6bc2aa	8.714917299784885e-193
23e4c615dfe14b46	8.931559791252913e-136
27b7f042ee444f3d	2.373225573624021e-117
93d8416ce5441e56	-4.503130420213047e-213
b7534f3108150d0b	-3.4634433496284784e-42
9f3303f116e6d6b7	-2.1640520258942607e-158
4a3a454f50e724c6	3.8394731740297986e+49
3b8861d9c1d81a00	6.453922268020825e-22
919712cc0a1bce4b	-6.233548131071267e-224
098063e2ba78029c	6.506350772685146e-263
ff502ea9aa2b0e8b	-1.775559518522574e+305
b4bb65b6d9b4ffb0	-1.1173491453717114e-54
8e194eb15e289796	-9.488354506688482e-241
d7944e9b96a736b8	-7.81385709644476e+113
7e71de80f19e7650	1.1966845883851818e+301
d5d956ba1ec34e9d	-3.632153190912898e+105
950a77b5a46bf32b	-2.5762488524797325e-207
9bd13bac28385a3e	-1.0886939820924061e-174
4c8efba1eca8d9dc	6.223458029918616e+60
05f760b5d5d73ce5	6.4394267584517245e-280
7b3b3dc08ce543a1	4.050815375948502e+285
b6bf4cc9bbee281a	-5.482572047248824e-45
a347baecd7580cc1	-9.963524070699825e-139
0ec8b3810fab647d	1.8966678038867302e-237
07ba480f99ca6512	1.943273243216172e-271
7861bb66aea6c0e0	7.494189928329243e+271
a1e58c1d1ca2a1ee	-2.1569761770107998e-145
5b77f1810db7e762	4.248772575311444e+132
da20262f025082fd	-1.3664633820346532e+126
53ea54ba36de1884	1.7575813401443933e+96
4c12ae03238a9faa	2.9313649865824554e+58
7f831535b992cf47	1.675054213114698e+306
ef31b03affe50881	-4.190301732031263e+227
8055f89bd7966038	-4.888738247086464e-307
69bcd3f08b97e831	2.2066322685054505e+201
a4af9c59b3b66eab	-5.56681291732874e-132
b20502da59973555	-9.741833188433187e-68
588493ab94c34cb3	2.594459692318588e+118
57ff11390ed51175	7.650706477061616e+115
33870608bb8b9acb	1.7909504065153776e-60
d2814ae28073968c	-2.751990827850195e+89
a6ef947dd863d7ed	-3.8217696216282673e-121
f15af2e24fda4941	-1.0967697689336216e+238
d8bf2d389e1e4534	-3.1447612570722133e+119
81a523689cce000c	-9.863810177810186e-301
c53a630ba233b366	-3.1899800193851973e+25
5fbc3069ef9eea91	1.4763838247979735e+153
6b56ad1760765fcd	1.1648395248876232e+209
da7aeb4a656ef0a3	-7.288846064918579e+127
d4236ede86e6b662	-2.0754406669348727e+97
557110979b1aafe6	3.82208259143788e+103
12271a35dd599225	3.1955822605110123e-221
0cb5f0cbe735fa3d	1.9612470200454098e-247
563cb684dd6688b2	2.634125806388465e+107
82691fca9391ef42	-4.802045468308435e-297
6146f7be499c64a6	4.036324812155368e+160
64100262efd279cc	9.89898019029256e+173
bd9e9e99a7fcbe5f	-6.962075555645402e-12
36df8ec427eac5a7	2.211086468254744e-44
949d5b08c074da36	-2.2323075176038702e-209
3d74c24f02936af1	1.1800135608762386e-12
9662dff77e177e19	-7.705784763434506e-201
ab56c8933ad6a791	-6.510312321218913e-100
2abae0e3a271cdb0	7.500428765777409e-103
e3378a335c4d826b	-8.883849504456144e+169
6c12190bc95ebcd2	3.807883096244563e+212
c65a85b04b751606	-8.405227435834824e+30
df01f95ce56b2069	-4.596575323690169e+149
adae5b9abd783674	-1.1922353949353269e-88
cd6b9e4f6ae602de	-9.089240388073032e+64
fd0f67802e12809f	-2.507118683061616e+294
be2aac7f9f020c0d	-3.1052416125109976e-9
0efbaacc0fe0f4bd	1.6995277232430977e-236
3f9cdcc6248d9644	0.028185935956022826
5eeef1a69b9448ab	1.978352154940461e+149
42a51c8bc7b58e31	11606174194375.096
b80134084e8f1248	-6.319476640991811e-39
340ec14b68dd3c58	6.124454048632412e-58
259d2593a4cfa584	1.6819477157227013e-127
5f9ebadb90764999	4.023640315729734e+152
71ede25b797a7588	6.227135381128167e+240
cea6a3cd413edae2	-7.812725339819159e+70
d6382db3a24aaaf4	-2.2181362923686177e+107
159e7ebe9373a0da	1.5197528074472844e-204
0a7afeaee04d9b59	3.5114358801744427e-258
37f4cb8a7e3e45c8	3.8194533439500815e-39
6664cfeb0ca3d4c7	1.7686623489094673e+185
b15af49a16f1acbe	-6.102503551877735e-71
4fa9dcadf3b490d3	5.8488640706168644e+75
5476c08400a6d057	7.775681179222898e+98
8f27fd2160ff4960	-1.1788587102805478e-235
b3b2bca960da39fa	-1.1660038528023943e-59
db482b081b01c79c	-5.360810995641332e+131
5db89ac592e3ab15	3.000363410933779e+143
17ae6275a7f55f25	1.3007278792737797e-194
8e2edc8de2559c12	-2.3141476589839403e-240
6b296bd98c1f76f0	1.63231727338675e+208
3ae9b590872dc41d	6.645681892702677e-25
ca61028aac36c5d2	-1.9888030656764617e+50
e51b4d141b88e248	-1.1063114255987689e+179
f671fd3ef31d6375	-3.5403736139308116e+262
b10e754c8b5e997f	-2.1548412304760253e-72
565bfda7140e2350	1.0271509021818481e+108
dced272279223fe6	-4.339596220913689e+139
e502f1a9ddc60a72	-3.838301537339689e+178
8d80c2f62e174b39	-1.2274058344355026e-243
297118a146c28ff3	4.549686209668421e-109
f0a069cd4eaf5721	-3.261686798571997e+234
2d2f85846e72022b	4.8356951533099617e-91
e8d9d3308548f78f	-1.2065263863864964e+197
ec9210337c10c859	-9.729570513748143e+214
c66080541b270741	-1.04589308758244e+31
82240e667ef13dd2	-2.395874536168793e-298
70217f97a5a5bfbe	1.3583297270745015e+232
581ca4775ed665fe	2.821424631124362e+116
df54758a6d46b278	-1.6742692025195122e+151
da34107c5f4c3041	-3.39550461595037e+126
f1cbe08336a30bae	-1.4522207244908878e+240
ad0ae8e5f2d02d2e	-1.0320509434463165e-91
19c74414d9f22a76	1.7110918767393953e-184
0b282128eea9f36e	6.428099031215754e-255
c84f3a8ccccb0d63	-2.1253159347127663e+40
018041d03ef2e4ad	1.896518110206358e-301
2e89c65ede03a29f	1.6584713150550676e-84
e052e1573373b20b	-1.0125703564301783e+156
e36ce2d299e53469	-8.721182143722962e+170
d269707d70b3678e	-1.0121289388586708e+89
94179c4f9457bf80	-7.013420651149368e-212
1756443325d930bb	2.9787424098687225e-196
7a047adc5eaf8e13	5.808638548719523e+279
42da8d057c3eb3b8	116771938958030.88
e375351cff046917	-1.2805793416839446e+171
36f0b0843ce43e74	4.677399129771228e-44
de769fc1bc5999c6	-1.1300255207816425e+147
6342d0b613d58f9c	1.4201630649630777e+170
e6ed8f6fb708d90f	-6.4309647570660695e+187
29048c7ba9fdb7fe	4.272256015706759e-111
ff4d779f66695740	-1.6166113211450058e+305
dcaf5100e76602a7	-2.9135343095220345e+138
c16cd6fe2dd45fc7	-15120369.432174576
63b176f1e0817886	1.687317779917581e+172
3daa368e1402ad53	1.1920340257694565e-11
74b55d673c238f8b	1.566377144945402e+254
f78be522eed3f615	-7.195707962382688e+267
9232ddbdf926369f	-5.219238767783625e-221
c14ce5c5e3790cdf	-3787659.7771316613
9eb3386ece6e1291	-8.54448057853197e-161
8bbaa56f3df27664	-3.6344558098441654e-252
14e7309bac7115c1	5.643017795656771e-208
57e72605d7dc2d56	2.8503074715716094e+115
1cae49cd6767e3c6	1.5674988422199195e-170
f8f2a7692fe5fda6	-4.036517528947297e+274
9a7fc44e3c309395	-4.784717975781428e-181
e606b23438456894	-3.013691486055496e+183
3fa3e5df201cae33	0.03886315600388137
0e880f1ee212ddcb	1.1546016994842467e-238
8cd7c2dee50b2b98	-8.495954593436009e-247
8f751f24bea0a4ec	-3.321477500859939e-234
ed934fb208ccfd80	-6.816926244791747e+219
78ea71feec60f814	2.861241403174948e+274
9f223505e9ddc144	-1.036032987655577e-158
6f585e7ef6622a95	2.3091740194517995e+228
d52ab2adec953152	-1.868644681512306e+102
1d55d5ad5be4edfd	2.3142441858164303e-167
0d3ef4d0a7373d42	7.0839046737325935e-245
5374fcad50c6617d	1.0944336366290188e+94
01d86e298fb44cc7	9.119972163340067e-300
c3b955f1c9e72f32	-1825631073437954600
ac2e5f729fc5bed2	-7.109790992256157e-96
2be2b17dc468dcfb	2.7348780960500877e-97
210db3007ad2ee76	1.8145849138344124e-149
c49b82f82c5fcbda	-3.2479963635153046e+22
71b8c8487e8e7e10	6.4550433071679585e+239
98c8f0765e0811b5	-2.798704863203028e-189
dbed6aeaa0b227f2	-6.681838076408933e+134
6dceaf54bcaa1b86	8.665454845695604e+220
048e290bf44a125c	9.903537596733061e-287
7638e2dc2609aa4d	3.0610776530687436e+261
7b407e4de5b56529	4.905185833205493e+285
6b1c5581d42cafb7	9.096725783137782e+207
7a97841ac884a310	3.414915986619002e+282
c0372103a6fd3208	-23.128961979689876
173a78965d3a04c2	8.853070455834982e-197
a9eb0873d4448c21	-9.208440199865046e-107
fdd156e136aeb187	-1.133989774789203e+298
f35a18c8b82b5dc9	-4.56167060852539e+247
a1d09400d94978a8	-8.297702435484936e-146
3ddc7346c529b91c	1.035015834243088e-10
b34243399f86cbcb	-8.87878331457448e-62
990e9e3413cf5150	-5.497551216425295e-188
c54099e219eae95c	-4.0139012034870715e+25
dce82cbcf687c063	-3.5985716258540055e+139
dfff43e6c7f09cc7	-2.6199895958460205e+154
596ac8930f6dbd4f	5.532933921369242e+122
a044248dbe674a07	-3.004635499469814e-153
b3d7b314f317280e	-5.899303585417338e-59
d4ca83a513725eba	-2.899664271401878e+100
4c036fe81e319df7	1.525110969188941e+58
9c620d3065481992	-5.838835695479728e-172
a9373f4f9501fc20	-3.866644694353023e-110
fa308522b802bd68	-3.748414621116385e+280
1a569d5ff65e2d81	8.515581948750818e-182
4e2c9ab6723cb56b	3.8558582681327267e+68
76a543430764c885	3.347691913551227e+263
50f0d05f1599b162	7.974594559400994e+81
5509f7b814268aa7	4.5438213520661713e+101
6b330bde435111ba	2.445958084793982e+208
4daa4029b0433d3e	1.3822573235890236e+66
2b764f4cb1687e63	2.549977894570531e-99
6a2c67113f08bab6	2.7828211390721113e+203
2393bdb9d0b242cb	2.6523675062074312e-137
8586b97e0783556a	-4.890237183058346e-282
c8ea5c5def56004d	-1.8370802183114888e+43
c4a94ba25672d4cc	-5.9727182770304885e+22
91810599977ddd00	-2.2993264370630214e-224
b764a6ae559f99b6	-7.408217958281407e-42
738856a252d96b8c	3.403444875206243e+248
8ab25f58ea7ec174	-3.823761512833442e-257
785b53dc563b834c	5.774804599278526e+271
ec101cc51e91ab21	-3.390132929767395e+212
554645bb23dc0323	6.235557648545897e+102
d4be6d1f3aadb3b1	-1.6637463589952302e+100
17a16e5c77349e49	7.462039934931092e-195
7b444ad7b1c4a8d8	6.035014623487947e+285
bf28ec57f6e9fdc6	-0.0001901490572499954
e37a74ae1013a979	-1.5974899738610954e+171
c2abc707f3243e62	-15270822908447.191
e9e0c6d6d675b72b	-1.0273396546544143e+202
728c0b038e6e4c55	5.983721030772909e+243
bb7d3b479eaf7ced	-3.868764962499946e-22
576e6af4dc245a6c	1.4630399114493307e+113
ba57cad82291809e	-1.2012072325715864e-27
42cb723fbd1c0b59	60355019159574.695
b2919922b706a6f8	-4.177619174173095e-65
18eb7594bd6019b8	1.2326001109998481e-188
74bf94f342174b83	2.3154411274296483e+254
c788b830c154de97	-4.1072304242213207e+36
0a4469546abbf683	3.3188488913374844e-259
99180a7692864dfd	-8.633222349658498e-188
3c01cc41b4b43e25	1.2060310969360195e-19
5d60743d2f18440e	6.27019452638421e+141
d4ab6f82923516cf	-7.501063199732148e+99
2d71399942018bb8	8.45591093093421e-90
1da0f2637e7ee135	5.747789936097722e-166
e95a1339cc91b247	-3.1186248929383485e+199
a1fcca4b2e037431	-5.7640392050641154e-145
502bfa13c2583947	1.6197497664824416e+78
6b67c41fef69d04d	2.4416597755971858e+209
7963455d28d55a99	5.337639261703226e+276
f341501af10debdb	-1.5131310957064344e+247
c2a311e0b377744f	-10483752614842.154
e229ecb0284fee8f	-7.464471927793922e+164
6652ec404084c40d	8.040517951860029e+184
d8a409ef6aa16143	-1.0106486967854443e+119
97ad62e745c27cff	-1.2579933183118756e-194
41eea3f12789ee19	4112484668.3103147
5312a4bcf721c8be	1.5190998920144865e+92
08fb9b0508fbdfc8	2.1403271854861224e-265
135e2f6900dfe230	2.1890572164534856e-215
6faa13fc976527d6	7.9075547123615e+229
40603d39bf20e59a	129.91329914498493
d1ed7e33bb4f05e6	-4.583607095225552e+86
258eebffe6df8767	8.921906152150915e-128
d05ee3be890d90ea	-1.4307097362380741e+79
59096122d08e6d34	8.192006167251623e+120
b83497a072d0dac0	-6.051530729064096e-38
58952e8455ffd4e6	5.341451149035349e+118
430b29b7e1868f89	955711763829233.1
3e8141f2c15e5f0d	1.28579217215047e-7
5d40b012231863d3	1.5898145409377466e+141
c3209822d4b2b630	-2335437496081176
ccea164a4a413a3b	-3.3536245580663206e+62
cdcbfbb8e528fe26	-5.893968802169061e+66
a76429506b893697	-6.246144816227079e-119
e625f77a4199f8ff	-1.1667353850495557e+184
ae42d03c7ce069de	-7.565873296564845e-86
4aa9b753f43ec732	4.8107722858169426e+51
b7caba9ef3b85092	-6.136674667555603e-40
cce7e4a73e108f5e	-3.0715883989060957e+62
d0904cc3f80048a7	-1.2079330887089692e+80
d38ed58d2ed15352	-3.2158896755298748e+94
93d930ef0d55cbad	-4.6768240560554935e-213
3026061dec5e138f	9.510103081543342e-77
ebd3779821269408	-2.559998346083155e+211
875a56bb7c275fdd	-3.0429856349966208e-273
6c4a32536a08ad33	4.4095231626376016e+213
8a70ae64683056fa	-2.1698590727661e-258
3f0bd62dfc04cd8a	0.00005309417565726577
d3025550acab2904	-7.469102951317864e+91
f8f275e17f8fd606	-3.994651214839393e+274
2ca5c0810200f1bb	1.3034966606019343e-93
9ac46ba0e1bc6f78	-9.842316902874244e-180
e6387371e292cc1a	-2.5973663913587847e+184
d92be3d20f6fde3a	-3.6009376444851023e+121
61b469ae7cba222e	4.59177558480857e+162
27003471104e9276	7.844346490558234e-121
82065db67fa794ae	-6.679499407370913e-299
2b7054d71cbe2062	1.8666592686197346e-99
cef38b5b4c8e2677	-2.1582436493969557e+72
8050c8b7b18ae694	-3.7345757438288e-307
465a1738931fb9a6	8.268475100863046e+30
e1423dd379f9db4f	-3.20574111468995e+160
10935ae7023f6700	7.978815838957276e-229
353d1d8f471a6fe9	3.039796642119591e-52
560e19da33977b40	3.4518284568600128e+106
431db2df5d8327fc	2089861685234175
16ebd302fdff0da7	2.9080144336894668e-198
953793c28eb3ecc5	-1.8359251860989278e-206
964d9f5091563de3	-3.023375046659708e-201
8ba4a456fae313e1	-1.407746365737681e-252
8b708a6edd9de970	-1.4100644612803496e-253
76c8fc094074fd0d	1.5734652586256997e+264
25736e075ec6e19e	2.803045743510635e-128
dc597c648965344e	-7.409658253888563e+136
d27094b8dc196dab	-1.3193743353963446e+89
c422dadd705f9941	-173906139176394330000
ed88e7bade843fa5	-4.3957886713566445e+219
7766d0bd0355e6a5	1.4713430970513454e+267
4fa235c52a48b848	4.1183174764692105e+75
95757be87b04bb6c	-2.6766922126983534e-205
6140e658ccf0cb3d	2.969949591914114e+160
67773f3692a650be	2.589421912636212e+190
4e862026dad60987	1.9088153726720944e+70
673a6af466fb0706	1.839135837662611e+189
c563456b1400020c	-1.8637927282212782e+26
9c708dac356c228e	-1.0708531646639245e-171
968af810f89b0654	-4.404107180916322e-200
926885fcd83fd677	-5.427423012262678e-220
7cd5c6ef4500d98b	2.173179548988268e+293
980344f3e336cb1d	-5.279341706478125e-193
70fbb0d7dacb2747	1.7608891670342912e+236
7a509296684eb477	1.504134986752623e+281
66c169f7340a2d08	9.471179683657658e+186
44c9ae7d51c0e93e	2.425558515028049e+23
d006e6ed97b35080	-3.314847135184333e+77
49c6e4713c595475	2.6138446217476315e+47
cc281cde39c4dbe7	-7.56791423205797e+58
f5b53ddb13c0ef5c	-1.0206198426785025e+259
cb466169ea03195c	-4.287256341987339e+54
ac3364c8d5ea973d	-9.079497760088397e-96
66a3e3db41c95857	2.7044784265531636e+186
32b22bf68e56d210	1.7255090178242608e-64
d68bfb5a95fd1aea	-8.214571071725034e+108
e2a876fa629f58e1	-1.8033022990184713e+167
b9e4b820f2f54550	-8.172304244935577e-30
11b2679ff5748edf	1.9889046510093545e-223
f144cd88764ac7b2	-4.233209046540386e+237
f92e8d6c38e03c8d	-5.2889790217623695e+275
d141e59553955eec	-2.7162168478198276e+83
f15cfbc8aa9c579a	-1.179581304138638e+238
2d8ff20daa0946aa	3.1364709676547842e-89
d954bf44993f1b5a	-2.142972039197409e+122
30d8a8709f01e9fb	2.1806118078841054e-73
e5e5c464f04430d0	-7.225855270990463e+182
bd9f741f308b0fb1	-7.151720846164066e-12
7edde6ef820c9a0f	1.281613962412088e+303
38e32789de571980	1.1528163726525403e-34
9187e153d81b4725	-3.2257517166259965e-224
af08541a14e39d3f	-4.007439138346337e-82
8fcd9d3db12e4208	-1.4902313550215655e-232
5480a95f74c658ca	1.1388476457041302e+99
4437a385b8ac2f66	436058140745073560000
955ec906c3bbc819	-9.588833835976493e-206
edae1de5ec47f76c	-2.126255855274973e+220
47e5b919e81ace3a	2.3099910623825515e+38
8a670c54165a8de2	-1.4990287320787497e-258
bb3b2c3109110e8f	-2.2476667120683285e-23
30dfa70f43fa8710	2.7991755514193142e-73
70095d1c2ef4e9e9	4.922202584158994e+231
cafb91ada103d48a	-1.6503693281281874e+53
a9cdd1236edea237	-2.539187250396596e-107
e99bf01b6483a137	-5.34627344214761e+200
040c65c59e24b27f	3.6424617288247694e-289
05019f0aeaf84b3a	1.4812592448281492e-284
907024550ba30b28	-1.663560407648392e-229
3201f72b9076ba79	8.329721823287316e-68
a00e85456465bfd6	-2.845412002662357e-154
a07dd5394185f2d4	-3.560063516702662e-152
043eaa5bffc1fec1	3.1466883733335706e-288
c32e676df7bbd10c	-4278985653348486
3ed8efe147bf1013	0.000005945451558578995
12197b6d93ec7f37	1.7623781939041394e-221
9d58b772fd60e789	-2.619697344300861e-167
d3a75f6131270bc4	-9.750687695892308e+94
dba39e8ba627fcf2	-2.7851719413079824e+133
6e8b95ee9afd2555	3.1908791506473114e+224
f4a4d5beac777457	-7.637630270038903e+253
1d4b1009960bfa2c	1.434176773705777e-167
c08fdfeb5526e812	-1019.98990850826
8cb96c00861eaf1c	-2.272434051607796e-247
2c5ddaa27633f5e6	5.590678401548057e-95
1969058102fe14cd	2.875318977927372e-186
cc9d4b3edaad81a3	-1.1768381773602363e+61
39a3490f40d2a88e	4.754215443935412e-31
adaf2f8f43839fa0	-1.2247512618646987e-88
3e8774fbd317e217	1.7476802720275124e-7
c5f7a21d07374227	-1.170262126464881e+29
0109665e9594a75f	1.1574601860699504e-303
2e97bbe0e49135b5	3.054290470882329e-84
86d96066f06b548c	-1.1452410688593586e-275
c5a9a7d1db2c1078	-3.9700034375081557e+27
7d44a1c9c6c35b97	2.6354014435747395e+295
1b8c44aff0244943	5.5807476418062784e-176
588ead65296b3574	3.86799406106413e+118
b777c056a0d9dae8	-1.7040737702265366e-41
eb16726a8e3f3827	-7.206661780483472e+207
4e467bfaa61617a6	1.2123506989555413e+69
f8be5f37584c75fb	-4.107604192145496e+273
089caec235d0ac60	3.4747466616155975e-267
2bcb358ee220b553	9.951931406130461e-98
65df4dd600dcb764	5.19586516307877e+182
503ff3fc6644bf5c	3.699912739854416e+78
c447b6eb61c33b66	-874911699841785300000
d350fe115ec5b358	-2.2153111786883756e+93
fd7626ef0cd09d7a	-2.2636556498734512e+296
f0858a6578e85aa1	-1.0701500177620817e+234
04342c9fb55605cc	2.0701551465997486e-288
c818585ba1786392	-2.071056160937966e+39
0c44d7f741f5e9ea	1.4556155264734401e-249
65d2264e02652ea3	3.0124865297194656e+182
5192b21bfdebef93	9.079907945306255e+84
83203c7f115c5b28	-1.271105726700956e-293
dd1bd0b446ad6572	-3.3123862779662695e+140
aa695e13b4c4a606	-2.2121215172971237e-104
208ab684bd1bb889	6.375500143550219e-152
8b554c0c784f71a6	-4.538824916342176e-254
5904a9fb4b4e5326	6.66994843150272e+120
a470a5d3a9992b76	-3.664694333279709e-133
12020cad216729a6	6.241640965700527e-222
4e22fa6f3c8d49d8	2.5582643649024056e+68
237663630c54e92e	7.520067805702643e-138
bf5d5356b3c4a06d	-0.001789889021049286
deeb62a9e57d6536	-1.7508423288858745e+149
72abbabbba67d0e5	2.366722809336683e+244
4f114bd8ab25654d	7.639968112376877e+72
f61417ebe9c0fe7f	-6.178892399072245e+260
37e3ca789b3148ee	1.8175073785009616e-39
f7b6eef86756824c	-4.732668329031895e+268
54f461a3c0cdd5a3	1.7831697077400328e+101
35489b7fe2ca65ec	5.1382690734787236e-52
6081e837ed63f874	7.683040087697925e+156
dfcb1902218be997	-2.8384422369901394e+153
cb9ddeab7958576f	-1.831013656582504e+56
050458154ed15dd6	1.7101415438262572e-284
c81e43030fba44bc	-2.5743862948075434e+39
a291026ad95c6384	-3.487162169678318e-142
f0b5eb52f62e3a1d	-8.711682138756777e+234
1cddd7cb62b87ff9	1.2355609224916337e-169
c5aa421a30c1d92e	-4.063261520195027e+27
7767875c7604d7da	1.5173477021425497e+267
7303d5053dcd4b54	1.083316665551244e+246
0057a1e7790c4192	5.258392055237848e-307
d6f158ad41744dbf	-6.518199071358299e+110
d0baf21e51d7d922	-7.987475455488062e+80
f48a473b31c258ad	-2.4082566097059348e+253
202f7d063e7482e1	1.174255205991922e-153
6b364b55e9cbf51b	2.863060081952236e+208
7a730b4f78463e82	6.913823167789968e+281
4d52086987bae686	2.967315374429437e+64
b6232d53a2adb677	-6.560737578410375e-48
9808d486d192ec8a	-6.802878177035395e-193
0c7ebbebbb757b2a	1.7170526261111502e-248
96161562c3f598df	-2.8174199214153643e-202
6d2655a855f3ca41	6.159494310329023e+217
bbc47f9cb2cb5567	-8.681445987904979e-21
d49cf3d4162c8247	-3.9578923775443223e+99
4ae00fd5284bc158	4.807560115784439e+52
5c7dc4687ae67410	3.461754825256877e+137
38e1ea62b018be34	1.078254049076196e-34
5c13d6bbfe501ef9	3.6049031205575854e+135
4c6747fe378263f2	1.1691088318682993e+60
047fdf8c0e4a292b	5.2329939570818316e-287
2682ff1c5549362c	3.5920797512612e-123
021d72aa2544f54e	1.758890358095586e-298
c6407fb8ff547703	-2.6143576891758093e+30
4731d4f9c8778fee	9.25887072850761e+34
08c0364bcf2378af	1.5712054109330946e-266
a6efde34f80764a0	-3.856616957747022e-121
86feb3c94070caca	-5.542360052574105e-275
7c1d6d9ee4766c69	7.169677647132938e+289
16904a14e58a7a5d	5.320194117561401e-200
f2f0689d03955aec	-4.48156005614715e+245
b1d95f88df2a411c	-1.4705369320786687e-68
7638d998cc760cbd	3.056626915732137e+261
b1d4e3ed9883f219	-1.2107280171691158e-68
3ed48e594ce0c316	0.000004900944260242238
c4c703b7b28fcc0f	-2.173660122771687e+23
2acf388876159287	1.7424324994355092e-102
4ce704052099b4f6	2.9587847317632996e+62
d6e881551e8a04b4	-4.604121408021106e+110
9d89dcfa64cf31d1	-2.192979604533871e-166
dc5f45cba821c8b8	-9.09206595793539e+136
b7e684438ab42974	-2.0678282394190776e-39
fccf79996c765c87	-1.5704767093242332e+293
5b3b01f45bb612b6	2.9953300275530453e+131
a5f356862b5dd3f7	-7.141887992958749e-126
b54c17a6c0a1433a	-5.86596435766469e-52
f0089c79937e7afa	-4.776172501436258e+231
d80389aa8fe53b11	-9.622836176597343e+115
3866e5127c5e3970	5.382544744420871e-37
d57cfdc8127ecdea	-6.4933188142085375e+103
b3bee96bbce47a62	-1.9236460490643249e-59
46ac55764c5c9d97	2.873392371314226e+32
222c5e6095e15890	4.543713374102145e-144
6093fac9e69070ac	1.7144526037085824e+157
f835192e390e6066	-1.1146149025487017e+271
55598607d6b3cdab	1.429156320901688e+103
4fd9bf287face5f6	4.6582274063718976e+76
8158db9fdf45a7ca	-3.624840837546789e-302
1c26909408ba864e	4.56166299950409e-173
561e2497c31d37f1	6.913279279304763e+106
d98785000dd5a3f3	-1.9434658826337035e+123
8cd87be6f73bbcb4	-8.754388405120608e-247
9502e0a2ebce4109	-1.8374568646359855e-207
5e016f3e0f344f6d	6.803281519913208e+144
5dec2c21d56462b5	2.7483475491358248e+144
7f6f2bacd9463281	6.840232519201144e+305
fdd5bc4a01c7f5e4	-1.4214953547625389e+298
101a41795e9ce103	4.227931116076471e-231
9520ebfd83bef592	-6.588408166805365e-207
fc9ff99476027002	-1.9942761685296808e+292
3847ac6374befa46	1.391396962054265e-37
d53b981d61350b21	-3.862747534658502e+102
ca782a292890db57	-5.65067756362449e+50
4cbe77eaca2dafab	4.8960873462435166e+61
84c6f8a721949c8e	-1.206867803185989e-285
f2a5b40cc0a6d5de	-1.8523910176881693e+244
59be02d0a56d8a62	1.9838948159680435e+124
9019ce329224817d	-4.1554200363599767e-231
436f2f78768ffb38	70223349678070210
b4ff464cdaebe2b7	-2.0407635378196249e-53
71176cc90d4e534e	5.9584753701955705e+236
23d9eb7dc87ec0e6	5.572051092341986e-136
1c231237b2dc6da5	3.855401980662197e-173
d27290318eeaf16b	-1.4771101842084625e+89
c838d808b40f8314	-8.453935243629651e+39
c9c90562c5c30bd0	-2.8568975459099406e+47
3392680cace93fe5	2.8635894640641067e-60
e9ae978f50b22e20	-1.1708342811116657e+201
bbb2b7fb44f98afd	-3.9638342100668506e-21
c16415ee38e77442	-10530673.778253678
1b84b1d53a74b64a	4.08555289716965e-176
3b09a294e43f8219	2.6506056026662e-24
9be9acc76052641f	-3.244005423430083e-174
b6e3dc97635a1fcf	-2.7832148687990687e-44
34de1c5e1de15974	4.912055256317687e-54
ef378073f804120f	-5.567462527097432e+227
32fc2a8d4217fa3b	4.2792676877480305e-63
174856f3af513f38	1.6280482547556772e-196
9e7917032fbc00af	-6.971097224065007e-162
5a9f581b82107a75	3.394805840811334e+128
268d079a49be9005	5.489266296949992e-123
ec71c69a40ff75ab	-2.3936787869493727e+214
6702134e8813fe9b	1.5729525930997978e+188
0fdc4a1b557243d4	2.847136665487774e-232
bc1167508f9eca8d	-2.358623958789071e-19
8f277caa76f39293	-1.1541985100273227e-235
909fe8a3dcfc72a6	-1.3153856517422898e-228
07bbe5b21abe9eb4	2.062743831831619e-271
e4673a0067c049f3	-4.595709245974811e+175
b13dcf0c13552722	-1.6871170460654506e-71
4196a3ba29d4800a	94957194.45751968
836600e02c3e0afd	-2.756159961882097e-292
415a55ed7719f3de	6903733.860959021
6520fa8f3455d157	1.3760464377980605e+179
4191bb68a96c82d6	74373674.35596785
1ffd97ed0d0c4ccd	1.3794882157173543e-154
16207e67247ec0b1	4.20855128725739e-202
717b4e250f43ad3a	4.4451128173233315e+238
267ed94857a35b83	2.916617650668193e-123
a6b798aae1fcbd1b	-3.5694946537148774e-122
bda320b4ef0c41ae	-8.698298566012024e-12
800ff472aeb0ed72	-2.2187984429802917e-308
d0c06b5d68df1488	-9.734328029021918e+80
c384644faeb9dae9	-183673373786332450
2972b37b9ca07255	4.976784606202596e-109
cfb9ff20fbed66ce	-1.1758594863931163e+76
b1a527d4beaa021b	-1.532625868493748e-69
23cab08fceb62622	2.868768957488225e-136
443e007b02156e03	553436945924485200000
557e64c9a5060f7a	6.8074133920081574e+103
f9c6dcce69beb1c1	-4.052753528435939e+278
4f5f0e427c743829	2.1948270367999624e+74
955dd7b1dad7ece4	-9.295205919877286e-206
ce249761c5dbb9a5	-2.77570655408256e+68
ef075a928ef60fb8	-6.91551116327461e+226
af242f3872a47179	-1.3299282548822344e-81
6deec8bc2bdb4ac0	3.4773915265153585e+221
12ee1ba1e2d03eec	1.7058238025393892e-217
44b4412a5ebd8b22	9.56494211081867e+22
14ee250ed9be2809	7.335416949702609e-208
8b5fcc962b6b8bf0	-6.777029930193228e-254
18a179bac5526c51	4.902781151950441e-190
93d90f9df7742788	-4.652662460258955e-213
0326d70ae13886c9	1.7880947229488467e-293
cdda191951d6b2c5	-1.0993778696105916e+67
76447142f5e5e3f4	5.028966306024358e+261
7af3a019d0e06b41	1.823955787137302e+284
6c8c95253b210c11	7.697835878308527e+214
4ec7094052048857	3.179791584459622e+71
a2cf33d0d21720ca	-5.117526653397946e-141
f7c1026d2615fccb	-7.020323588519299e+268
a816d1ad364a5f3c	-1.4478354948943433e-115
c811dcaa83184868	-1.5195289365285322e+39
c8b4a122ce89222a	-1.7970774458558824e+42
b34efeccfe7e5867	-1.5069087629838868e-61
9b26f91ec4a6789c	-7.086514185234255e-178
7d0a5586c0eb453b	2.102345328033135e+294
a1c252bd99256997	-4.585572507488307e-146
b6e5e01c562ac88f	-3.065400980341434e-44
e85ecd520f6620a8	-5.621297929491245e+194
a51be731e648d22f	-6.289764972693384e-130
7da4c9097436f22b	1.6991903988012643e+297
e40b255294858542	-8.392474332864401e+173
a1973dd4839e4682	-7.270540972388705e-147
228a4785252085b8	2.6938108520474443e-142
876471132184a3b0	-4.723358535715057e-273
0badd06985b5bf99	2.0332720846440462e-252
7a9651faa5807c6e	3.241265685399681e+282
ebb0c468948a0336	-5.512366245579958e+210
49798140536600e8	9.10044806040803e+45
fc1263f5bdffe3a3	-4.480522253414714e+289
70ffcfa6a8622f43	2.0229064840775408e+236
5ccd094641534134	1.0805583414307763e+139
07cf644e839cec4d	4.642270607968408e-271
dcbd2ba740f71f23	-5.427779623523832e+138
c176fbeadf7d290f	-24100525.968056735
31c27001878f93e0	5.342857419678763e-69
cb868a3942f54c79	-6.908470356452116e+55
84392144a22fd8cc	-2.5786704754051104e-288
4d41081fe41919fe	1.4012900112141954e+64
23f1f7cdbc037069	1.545045552027796e-135
93c914ae9acd0c00	-2.3281678188915732e-213
52ef25667e3476a7	3.1722858190677957e+91
ecfd34370505d04a	-1.0067432066672e+217
5e95364cf3c58622	4.238008252289269e+147
233d13e2a9637b02	6.10438230677262e-139
06685863a1e3e4f1	8.583583001847103e-278
72c8e3afb91baad1	8.497299399768547e+244
447c72d18ee0cf82	8.396518162408464e+21
7508454ac98648da	5.694140049403775e+255
133c1a149fa4974b	5.094932720692798e-216
a4f3cc4d723a5cf0	-1.1156923493073265e-130
0d2c446231a890f2	3.2342616869204076e-245
556ee409b41f9f3e	3.459372327740693e+103
b8f7e482c8975091	-2.875969591312024e-34
72295bb372bdf49c	8.454444484191562e+241
49ec43ebf3b92743	1.2909315666663138e+48
3d74b18bc3f50109	1.1762914994977716e-12
19560c83c0061ce0	1.266862077732739e-186
70d9b88dbecf5649	4.089055495105423e+235
d4cdd50aa3f8e5bc	-3.2625243549199434e+100
56a8797b696182b8	2.8739748943004356e+109
7fe36a4347cb61d6	1.0906991381387291e+308
55c731eeccafaa73	1.6624317240390683e+105
05db06e3c5edd860	1.8611462181666234e-280
a2dd05104d9f81cf	-9.51910580201231e-141
0961dc9c6cbaf945	1.7726300095692447e-263
41da510c74814ad1	1766076882.0201914
e6b3c3bc4645971e	-5.374835459286383e+186
606384ed0f3bbed2	2.09368200724152e+156
64d996e296ba41e0	6.480932179436248e+177
0e43fac3526feb8e	5.992651359297528e-240
4cd1fc2119e954eb	1.1560235211675958e+62
5df18771ceedae3e	3.4200863187108015e+144
1e6026cb4d903977	2.243811005684815e-162
1d6179287ac8614a	3.703963516978584e-167
aac25d7accc0d44c	-1.0249580387814898e-102
1f6ed2686155afd9	2.806155652870798e-157
4172544e7489a7d3	19219687.283607315
4e0f1aaa061b8ce7	1.0482080125291292e+68
876db3a4123c4e28	-6.8630248973237544e-273
e4d97954b580090d	-6.451693553075197e+177
209f98fda38a769d	1.5082612346014391e-151
466da611a7501786	1.8792100531164638e+31
11b02f969c1e5357	1.749121027736542e-223
98e795cd219e1ca2	-1.0586967459291045e-188
a34f99475c8d7ff4	-1.3267278438069575e-138
9d034fed6b2c27d2	-6.396531780486256e-169
151417196918e0a2	3.911001051050215e-207
d49fdea4c6226921	-4.356689265862157e+99
ebc798e203a1456f	-1.5515559008999416e+211
4a9aadc9fb53c958	2.4954369483158875e+51
cd6984e4435a39de	-8.39836170861804e+64
885e862e4bf62603	-2.3111459334124803e-268
69f632985b09cc0a	2.7185908680004767e+202
339f148ef0d93d29	4.8353304931046055e-60
38f2a477e3f23b69	2.244003820764354e-34
37766de6a390c0e3	1.6092233920306744e-41
ca13598585568b94	-7.069902225596431e+48
d0a01146839fb842	-2.3814237874589654e+80
e66f8329d75fadac	-2.677985624139622e+185
7fada7f9a10ea850	1.0412629350359712e+307
f496d812dd0574d8	-4.187060509334529e+253
0057eff748875543	5.326240953971466e-307
e7c3eed4d93d58d8	-7.104908882411502e+191
36ea58abc21fccd4	3.691912897569163e-44
4b2f73d60fe9cefc	1.5062747854150182e+54
f0fce907d65bc2c9	-1.8384374289341278e+236
6e540cc816621eee	2.8990093723029337e+223
e24172114c65b610	-2.0092453006944785e+165
ae5ea3233d6539fe	-2.464172531992817e-85
d10c2eb3cf96ff1e	-2.6732974801196088e+82
1ed3d3a4f04b5f17	3.525603987010009e-160
ee97aaa363bb2f02	-5.475097267843844e+224
cd36e9cf11ef38c8	-9.425991429389887e+63
283e35d33e0070b1	7.667186893861023e-115
32df5ffafd2e1e2a	1.1916908478916303e-63
e3836abf544d7775	-2.3449267294748564e+171
aed6eea41348b385	-4.7217909717075895e-83
a23a32396bd160e7	-8.39151144148738e-144
be79c32145a9a5cf	-9.597177223212545e-8
531fd5a79cc74f32	2.5939281081153866e+92
d10781e20641fe9f	-2.22983435104407e+82
0bd248961ad59736	9.975253237397751e-252
ae5366cf93d616ca	-1.560482475834174e-85
70e0b7eda5b9b883	5.315732908044856e+235
c79bab37ed5f5b69	-9.194543247029121e+36
c07d7670b8db6409	-471.4025200433685
5f1feaa4eb2c4ba1	1.6324285906241858e+150
29530b2d4ee769f6	1.2669865610373917e-109
d8e6fb5af63aab1c	-1.8545280220863605e+120
c8762cb0b1e56240	-1.2072984890371905e+41
a800fe564e86d3d3	-5.391065733972905e-116
0b63cc0d2ea8fafc	8.438295259261539e-254
0f1b22e703b91fc4	6.6676783338013925e-236
28707364e580ed2a	6.680170842628117e-114
fc9ff63849461594	-1.993457548116195e+292
f56eddaef5ba52a3	-4.634532920252548e+257
4223c7d461f20db8	42478481657.026794
28e6aeda5a8f98c4	1.178996402448444e-111
9b7ecdef1aa29d4e	-3.040715040304411e-176
686440abee5b42f3	7.392111351015495e+194
46a95fd1c73a6678	2.5732591937461255e+32
f55153c23a06f696	-1.3008411356713792e+257
7e5cdb7c43561545	4.831392940801585e+300
be2042fa79946165	-1.893103407227336e-9
42afcc99dcaa91e7	17481807582536.951
5c50e32c469d25f6	4.909764865142642e+136
a65108076d64de4f	-4.02560546496796e-124
2305e6396793b2d8	5.746752907325678e-140
28dffdbc3a6ad708	8.314028707631982e-112
71f70eed957639f8	9.609572634938985e+240
1b6b0b5c3a167ddc	1.3347794741673725e-176
401d664a765e5420	7.349893426425325
279b43edb33e47de	6.757603684598321e-118
0372fdbcc46f281e	4.757685652506469e-292
0cf3eda8599c746b	2.850197134292742e-246
353e83834c9cb5a4	3.185781246769947e-52
9f234eb028538c8a	-1.0986403254328932e-158
619eed0b3bc5b194	1.7391649378585932e+162
33199a8f09472fcb	1.5559814128703308e-62
7b790b14196f6539	5.9583638441076855e+286
4ccfc47d3c47f5fd	1.0209692415405653e+62
9dfea4a1643ea294	-3.3257905841426367e-164
bde32ee2dfdf5d5d	-1.395757814328685e-10
bae80b87c88e7f2b	-6.215497326868366e-25
ea088f5e8785674f	-6.015837561164127e+202
46fecdd977f1ed1b	9.996501834827875e+33
0007ae724cfb0656	1.06823453922528e-308
aa0bd98ef6745373	-3.794671693622779e-106
ff5ba2beea88c038	-3.0322603928584303e+305
a378969f84cee70a	-8.259081692503228e-138
5ddee8bd99e813f9	1.5076651971266278e+144
e978b87230a66e69	-1.1826446060356348e+200
500d2b5c59bcec0f	4.2219790120624556e+77
4390ac3194c2407a	300347428896251500
4560ad9c4ab3bb55	1.6130132472238374e+26
86f9b299a5f3934c	-4.6389265864400384e-275
24d568a1b1e08461	3.0161472894825794e-131
8cf26e37e7a93b0d	-2.635977070657922e-246
d9d7964948cadb06	-6.236945590698931e+124
66e848b3903df6cc	5.28308210240859e+187
f268567eec5aaf8d	-1.2982823711953938e+243
8cc13858d287da1d	-3.078572402765239e-247
1149b11fca2217ea	2.1690488477175157e-225
933d6325d4624da9	-5.3279820014869297e-216
27334b028436a94b	7.471394349493211e-120
72e3d94430a0e981	2.7105565978039653e+245
9f8b3669d18b338a	-9.910179989964521e-157
48bf269721df8481	2.7136124831341985e+42
f8b648e604f89653	-3.0138666852879057e+273
d06d540a276906fc	-2.7167862461067594e+79
f16621c79e85b668	-1.8014670005127177e+238
215cebcc38838e1e	5.65453273394404e-148
614d3d7e1ab15fef	5.1386392049714046e+160
18d84e6933b9ba83	5.45533539350389e-189
99d2c617e318957f	-2.7614354464535255e-184
c756b9241e3412bd	-4.719425529031808e+35
101c6d0c2a09d992	4.577397036808787e-231
3649b0ef0ade4865	3.5157192906476124e-47
b983b80c1ec9b6ed	-1.215273192751171e-31
2a945e078bc93b0d	1.420872199454418e-103
39b16679bab7d406	8.579007762277201e-31
46d1b7bd74e3da6e	1.4374334039217864e+33
fa6daa99a8eb0dc6	-5.3850645831566026e+281
e326848f4558d7d4	-4.2490686566250265e+169
abed78a59bc281f9	-4.3117181437351795e-97
b44544e787ecfbeb	-6.776744675707383e-57
0aa363c3bdbd256e	2.0177387257884267e-257
3b0dd526b483ebb2	3.0846208013248277e-24
f74c26480326eeca	-4.538344144356056e+266
0107f71503403407	1.0920808606321897e-303
bdda0a076fc81d0a	-9.472997034838608e-11
e1440cfe7ba46ef3	-3.5236965709565974e+160
3934cc0eb61ed6d4	4.005375664160522e-33
f4487676aa5fad95	-1.4011725901151379e+252
a2496e037ea07127	-1.6291985349898968e-143
601185c54588bfb1	5.873471730348715e+154
1da8674e3974522e	8.276851834951251e-166
d508bd7696659885	-4.329022514186393e+101
8bd06ddf4b1213aa	-8.963543787153973e-252
258db439f2516a3c	8.570515054783786e-128
3dc633578e397ea1	4.038257382834583e-11
9c4cc4b79f9efd9a	-2.3263154631383409e-172
459e2c0c83e26c63	2.334450532985047e+27
03a301d410afb318	3.809351282677491e-291
3f54cfbe72c8c10f	0.0012702331397456722
37cb9b1bd1b3f0af	6.338002255662586e-40
5b6ea8fc405c9744	2.7203304786471865e+132
843bbdde838087de	-2.8466683071324554e-288
fc1ac2032f04f5ee	-6.5190939621923354e+289
8694cb72e0aa156f	-5.865392899626232e-277
e2f329ec7e13ab6b	-4.52020802627754e+168
64a7145443973f02	7.30654711138122e+176
2a928a1901e369d1	1.2933563737444355e-103
f7f6881df8525787	-7.439611091820446e+269
e6ff34160fc37128	-1.3576883388949736e+188
5d2e7abbdd532367	7.259301266650265e+140
9ecc60f848be5bb1	-2.5231680189084058e-160
facf70f58eea893d	-3.652630140337688e+283
26659dbb2f845d12	1.021856435779061e-123
20efaf2174775124	4.839646108156087e-150
54205fada56fd8a7	1.74870517959928e+97
9119e4da1ddcb17b	-2.732635009318898e-226
f58104c2763ce78e	-1.0221389419120774e+258
b3670fe801def205	-4.4848753626050536e-61
2c59848a85d1972e	4.7786317538403516e-95
51b59a34bc9e02ed	4.1966246756895154e+85
e4b00d0c472e0f04	-1.0162924818958863e+177
5f17400355f80a88	1.1891640351695056e+150
c18d3b5cba378dcf	-61303703.27712595
3a474908bfa237db	5.878033518290091e-28
d27c4597031f96f0	-2.249638517876504e+89
c9fc2c10c3bf4fcf	-2.57335095644378e+48
6291e76c91f54212	6.598537574199237e+166
0f54c7e9629c2b9d	8.169732677721753e-235
1a10f52a92035970	3.990883972606505e-183
dc8999261a08f0f0	-5.953852923971569e+137
86c8ad9bfc0b00e6	-5.568609767414334e-276
1ee6534d457cb84a	7.939835733894964e-160
9cc7bf700e18d664	-4.916045644930206e-170
8e5fddcec922c09d	-1.9115997345200152e-239
b71428a57212a505	-2.2598767799017426e-43
f0f0dddc822e2759	-1.0725692613775458e+236
9e61a35beb585d9e	-2.4503305315696434e-162
fd96508bc7624248	-9.121063679229241e+296
6a4bbe7dad06075f	1.0873210699638452e+204
d057e489b41c8faa	-1.106635473226993e+79
98d2769e163a6e5e	-4.143937793662283e-189
25c1f7667e8a64f0	8.294172901498076e-127
709bc2ba115c5d5c	2.758330494146184e+234
c40594c7a534bea9	-49762793078979370000
6ed17cf96881f79e	6.473235342002751e+225
983188478e1ea7bb	-3.842755076592709e-192
07d4b32fa7926517	6.122279062971431e-271
8d2ee16f7166142e	-3.533290674679594e-245
cf92363fa3e7c035	-2.0593700612235478e+75
27c8f56515ed7337	4.948703779644562e-117
caf210b294668cc0	-1.0814404929310302e+53
fa2b69df750888b7	-3.1100796560702236e+280
e7d50db88a27ffa9	-1.5008716650773494e+192
cf8e4d40c2ef8433	-1.7132349560882246e+75
7f565de729b615d2	2.454141730884896e+305
8a882ad4758f4a9d	-6.2872674713574935e-258
07483a930351095e	1.3996065233657878e-273
6d21d403a39265b3	4.916702213263907e+217
0baa3601e02c2634	1.7875437324643532e-252
f9b81c61bcbc6e1b	-2.1370211806057583e+278
1e9dc2247dfb3848	3.307283789430787e-161
44b493110c0dd73a	9.716022940824462e+22
6bb345af63d221ac	6.335901906814921e+210
db11f9bf60eb1e2c	-4.984033607251506e+130
66fd68dbb72bc828	1.2796360532457949e+188
0bfb48df3ef3ac4f	5.9544563358319856e-251
243757b216ef6a92	3.2115186493565646e-134
8c17becc020e664b	-2.0728185410940786e-250
162b4428ab61149f	6.957260419747945e-202
b7a4bca6263dfb7e	-1.1902402753290516e-40
b31c8d3775f5f12a	-1.7351290452142687e-62
b1ca4c82f314654f	-7.620932966765725e-69
880ae8b17688e5df	-6.366940287324307e-270
2c552806a3e0392c	3.961887589149375e-95
3c78828ea903c7da	2.1259026936504362e-17
eee50be6bca4696a	-1.5580680728976344e+226
00af046ee4743b9f	2.2085062849283449e-305
03faa99c8fe95df8	1.709959343517773e-289
2e97f5b3d41e49c3	3.0833580689383468e-84
b9e2cd50e95f13f4	-7.416087626889915e-30
6f135ae48db4c0a3	1.1462808694893138e+227
a1b5e413bbc6db88	-2.739215818840863e-146
764a91b3abe0922d	6.5361780529581265e+261
8d08b11ffe488dca	-7.062979775260698e-246
11c6fc720753b196	4.967968067353548e-223
5d486de64e64361c	2.3273351329798078e+141
dc5d9baf8a21cb5b	-8.608139196598959e+136
da14ad3eb9da1607	-8.747828042428171e+125
984bfaca054be123	-1.2265209538513641e-191
54980f14fa2e1089	3.2889297955581684e+99
3fdabe566a19019e	0.4178672824964681
0f7675ebf8a5d4ce	3.5320378768757996e-234
05ba8fd0dc541bf0	4.5727898742642186e-281
ba6cb8c583f5c19f	-2.9001570083569494e-27
4301b3fcdabf2123	622871648396324.4
edf093ae0f20a1ec	-3.745066039264022e+221
78b8a022fb2619fc	3.330440912941259e+273
3b293bf096b18ebb	1.0436595625634198e-23
4bb11c086e352a10	4.19523808536085e+56
a59ebacb2a3b96a8	-1.7732894829331113e-127
4539e13f5ad98bb0	3.1286846640305165e+25
1e587287111bcae3	1.698144164120651e-162
60b446c0e5ea6c36	6.959662605009564e+157
a5f3f80084813a59	-7.374844587802521e-126
da833c3c1d98b57e	-1.0416623436330888e+128
6dd96c454a6c61cd	1.4358943133019678e+221
0ce1fe075701f577	1.286649428900819e-246
5c4b15a0e11e513f	3.937210661297102e+136
4c0d30c3a8b19ce9	2.2903955913355882e+58
feb2de9f094ce9cf	-2.0218954031524197e+302
1add3d55138fbe2e	2.8186017309882176e-179
6d0b8d6b887a8438	1.899619739661827e+217
c740e086b159e8ee	-1.752613618981865e+35
04c9b74c7625e5dc	1.351069584847631e-285
995e12f33b0bb113	-1.7279621990340252e-186
e81707671787805a	-2.626701635585647e+193
161ac01c8d358510	3.4128231331586205e-202
8f64e0bb7d02a942	-1.6415699181153942e-234
2d7557b777fd7ab6	1.0477303056165765e-89
cdd10a837ca284a3	-7.178536043952483e+66
aae8a5b875a0a877	-5.502266712404767e-102
75617c20064f7b12	2.6253581631432347e+257
cc84bf0437e64476	-4.1672238438074964e+60
12778382a2f1e2a1	1.0407930187606397e-219
4a14339340a081a0	7.38111877881951e+48
420194aa620970e0	9438579777.180115
cebf8baac6905daf	-2.177195541112878e+71
699ebc9d7fa530fb	5.881870700553591e+200
eefdb8e665cbd6d6	-4.4006686278448354e+226
fd32329ed7544aee	-1.1622328158955238e+295
9f3d18aab920917e	-3.311317899156817e-158
caef9bd90b004573	-9.460999075178747e+52
766ab0242daa2273	2.626171696644238e+262
556aa6a1366e49be	2.984560367347638e+103
14673452af4ca9a4	2.2056831899091176e-210
757ea79890331c9e	9.205618541035608e+257
87b40c8ec29c3c1c	-1.4824422745999638e-271
e6ec4cf38131720a	-6.156910133048086e+187
417cd3f2bb5d3013	30228267.710250925
b6b4893cd5f04455	-3.597147964229607e-45
722bd7e8120ca3e3	9.28300460696546e+241
48609bbb39ed1030	4.521216275578924e+40
e680e565bfab3613	-5.743457307132042e+185
f44e6e470954c204	-1.743007878309111e+252
b3955b4e076e7130	-3.3225704399110687e-60
e04aa71421a7d540	-7.147072490350602e+155
baf8a027717efc79	-1.2731137768193728e-24
70c0eb21d93b4393	1.3448322266310666e+235
98661dd72046d719	-3.878023306748014e-191
ae14c32bf846ba73	-1.0437069975975054e-86
ce117317ee0f86ee	-1.1760996277084227e+68
c49b7967dd4e5b3c	-3.24358588236772e+22
d313d5289f66bf93	-1.6159929520853945e+92
5a0b80f968820b93	5.818097568332561e+125
17ff920b526e9a54	4.3247802966016826e-193
a5af0206f813fed1	-3.578693145320981e-127
7efa3b9508986d71	4.4973775558026704e+303
a3ffb2aae0f1d79f	-2.7256665442365153e-135
9a49095ed730090f	-4.713766241721628e-182
1421c2e7a3dbaff9	1.0551858461580018e-211
12b8798bacabfeaf	1.733333324238929e-218
bcb095106c4a8139	-2.301253888180814e-16
b1da5eefbaffbe6c	-1.528357848668709e-68
eb710655bcc3b288	-3.498143606461223e+209
98c82fe13bbc6e1b	-2.7142840144961197e-189
7995f1a433835cf4	4.862393115160385e+277
5ba3efbaecc32e90	2.8301915967538086e+133
ab3c2918edf8fcf7	-2.01169614482612e-100
beaadd444547d765	-8.006192140908127e-7
4ace3eb02e177fbc	2.2631902972945686e+52
fdf376ccf67d5479	-5.09177567435172e+298
c2b91a00ded4357c	-27599474447413.484
5708b16165b28f93	1.855753898449947e+111
bc5e43d3f0a721e1	-6.562665493181383e-18
87fa7e2ccfccdc53	-3.134244927685841e-270
dc945870a4d4041d	-9.46423974032471e+137
aea170f69741e589	-4.488995203338772e-84
d5e29e51433755e5	-5.337667203809797e+105
98ff8520632d90ad	-2.8297579088418316e-188
f6335e1123d72dc9	-2.382257349695265e+261
0ba3b13ecd0db07c	1.342986084833151e-252
1b43b25dcc0cbff9	2.4303397883925546e-177
2585f200e37243a2	6.331897695103479e-128
cbcc9201681f4627	-1.4010851008749041e+57
9ba72f0ab68c5509	-1.830780831952066e-175
b98008ffab6922b0	-9.882424919816339e-32
68d3c0cf098f3dea	9.228555835670166e+196
287354931ec3a983	7.849496710127017e-114
158c733ae684a72f	7.089196687533449e-205
3e4ebdffd7d409e7	1.431544549091657e-8
8bf090f3a4393c84	-3.61532203741731e-251
f6965750b3f564ae	-1.7587345595681824e+263
f375c8de07ab90c9	-1.523164433486343e+248
c3e3c810e6d33960	-11403262925080297000
be104a7f5ca1cbd0	-9.482613466394458e-10
dea4de9deb9cd8e6	-8.339153244419977e+147
6084346627186b22	8.668816598192409e+156
65fbfd9c534667b8	1.858363308423238e+183
699424604e120f6c	3.8544441630316754e+200
f00e9af3494d803b	-5.939405347107064e+231
d0190f5ecfa44347	-7.254386100939383e+77
be5c9481b558fe07	-2.6617296219756734e-8
f991222b6751b4e1	-3.796483085767119e+277
687a3ce7d33fa994	1.9153426740183471e+195
e7aa68d2fcbfccca	-2.353352264245465e+191
a1f7457962507b75	-4.65912433536545e-145
cae350aabe3e5af1	-5.781311092774815e+52
d9684861dce40a33	-5.016328867608125e+122
e9ead8a2ed26fa7d	-1.6439572223050423e+202
7f412a691b88ca8f	9.417297512225998e+304
59fc5783b2879ea5	2.9976882057009936e+125
6b30df8c68ed9a6c	2.1668827073562243e+208
afae803c8a8ec2e8	-5.1447484160584415e-79
08ae9ba1a0801fcc	7.4159686439010944e-267
cc4000704582acb7	-2.0088876248383823e+59
129cd31d9719db22	5.103492879757125e-219
23c46e9c6ce08b77	2.196162306809942e-136
cc44e3b0566bbe89	-2.6224989659399307e+59
16eb44d4b04e866c	2.8499681958297685e-198
70e5f38d1c12ac27	6.979563938822719e+235
7b5b756cab290d77	1.6332614169672571e+286
da72aeb47b2945a6	-5.058617104079356e+127
20282168a4a35e2a	8.998675660982783e-154
23a94ab955339706	6.79631146394817e-137
ddbbd90f75d72202	-3.395863943996698e+143
a37273e94ceb88ae	-6.198174034723207e-138
82349c7126ec212c	-4.924311353890194e-298
fbf7f9489f019fc7	-1.460199135791986e+289
33dc1edbb0e3fdd8	6.99978193154867e-59
244bd4f4847a085e	7.658330551314443e-134
6b44f6264589d026	5.383811117269092e+208
8e28d3e01ec7a08a	-1.861696521751965e-240
b00429c192be78bf	-2.176650200773916e-77
e89f7b0bf83d0674	-9.192230565369507e+195
4686ebade593ccd4	5.811068098998337e+31
1d2958d0f05b3ae9	3.358133349152183e-168
77cc7c2af16141ce	1.1756629456050977e+269
f24541221644ae52	-2.8344964367711867e+242
f25b5d35a64b88ab	-7.298568517111567e+242
3c8ee384ff3c6c9b	5.358343651321263e-17
27498c4ccec0e2ac	1.9787432043844492e-119
80347726d4c6b98e	-1.1384276809849268e-307
7d1876d50b9f09b4	3.9061290542901535e+294
bf9660e002c17d85	-0.021853923958017347
8348ac9d4db3b9f0	-7.726781528878444e-293
6b393276e38d4d6d	3.2358474181129e+208
0e39c7ddee8deb3c	3.86632788828516e-240
2ea21be9d63eadc6	4.660865495481179e-84
734beca5d536328a	2.440565074089164e+247
7f881c19fd6b419c	2.1163071700630122e+306
3e49ed307e127427	1.2072977231050298e-8
224701ec8d26faf1	1.4740146662498215e-143
1d668a6d4942c378	4.778156756715957e-167
3494b62ee875c7c6	2.1117163055796384e-55
4128df8001c6af6c	815040.0034689731
5143ea59ad1357fd	3.022584998775856e+83
3a7e156be2b22942	6.075350279066635e-27
54dd6b6fcfae0157	6.4348205147863265e+100
ff183435ca43f7ba	-1.6598231182294848e+304
222951e00abfe8aa	4.0553914659327323e-144
02f0bc9fb90993ee	1.6378608111159618e-294
e5f6dcd4f3e43fa2	-1.5179010543159047e+183
f618f0eae8bd59e8	-7.669580229811966e+260
338f7d285968749d	2.449448583533976e-60
a884136077e8c494	-1.6304299342187522e-113
803416095c53d913	-1.1173253066791976e-307
c944ffcb810b2635	-9.365955714639959e+44
5c736eb30507da41	2.25987755606512e+137
37bf29a683fb9c83	3.5773021844688016e-40
fd1b127675e6265c	-4.3225302791336426e+294
9492278adc02f8db	-1.3805318278001542e-209
e022f3b774dddf3d	-1.270525091118092e+155
28790ca0344c0296	1.0171794562351466e-113
37cd8bb951e7f464	6.7833822042286335e-40
420f59f18f148049	16831623650.56264
fca857273fd54c21	-3.0362272867409266e+292
5c75c62972a21a51	2.5321979552176906e+137
0cec7605c7be7573	2.0352797299343673e-246
2b122e9bb6ee469b	3.247167085325752e-101
b99e2925ebec5878	-3.717597597709144e-31
7c8e692984c92e7c	9.483606262147357e+291
81d9211f1aa8efa2	-9.380934765425283e-300
ecc92d8ce661ef30	-1.0849430724340989e+216
ab77dc934c5708c1	-2.727353375843164e-99
04a0b2a64c7b005c	2.193182076790429e-286
a2625ae4ceeb611b	-4.703787903842195e-143
fbc25f9fb60d1767	-1.3988736456466844e+288
88de5ff727335287	-5.8875986659835166e-266
e11112f6aab9d971	-3.750722537445238e+159
a36186fae46f6b85	-2.943650005914443e-138
2ae62e4a0acc227d	4.951639549870868e-102
5efb62bc673386aa	3.501720766033088e+149
eb3f6679f9f8f5a1	-4.0324667621969396e+208
0ed866e742947b45	3.7473844260905633e-237
726b0adb753c0b23	1.4425535034528689e+243
7f5a30ef11be45cc	2.8737577385665213e+305
f9f280af9501bfdc	-2.6239201333344516e+279
fdb7ba81561461b2	-3.879597560959242e+297
9e6bd8c34b0a853a	-3.8685351632043883e-162
6e14d56c639cc930	1.8827077643853667e+222
adec39cd70641847	-1.7736069907814918e-87
9efcbfd129d5f112	-2.0448872163151658e-159
6908a7c9c3c69f11	9.215090750710616e+197
14b25763959d11cc	5.578977769720632e-209
c335c9de3bc8aff9	-6132930833854457
e8c484a2724fe9ca	-4.792966650262258e+196
61ab2051b18152a1	3.050966119054816e+162
e172d62bcd4a95f0	-2.648258311407414e+161
616f9b4ad2d4db69	2.2218033723188329e+161
7e8229154fb20c65	2.4323890210033057e+301
c9ebc43a9cf74d0c	-1.2681504223720665e+48
df88034723f11a57	-1.5720657590925464e+152
17c4bb4a951ad89c	3.549978873228118e-194
0f2ecc9801095f06	1.5135360191305782e-235
77d8c4328488c03d	2.0443674183970027e+269
0d6ae13a78fcba1c	4.920843277021934e-244
1856f5a31abc2c92	2.012915625682506e-191
7aea43a56141a7aa	1.2204803846825722e+284
e32d6370a72bdef1	-5.545542979929688e+169
424781ebfd2da216	201927948891.2663
648792814c28c4aa	1.8656457015574764e+176
c30870746dd44817	-859880600275202.9
7e0d95fc5afc0705	1.5479261276428513e+299
99858b6b35f71cff	-9.903101110214212e-186
1b7a6eab834b9a7c	2.6091411818396773e-176
f0882dbe52cd7301	-1.2012110867906514e+234
690887b746353248	9.16826590652439e+197
eff40cb6a23d8b67	-1.9454664151416294e+231
797d3b2f1d0e3043	1.6192820028546859e+277
bbc185c0e441cffc	-7.42105662753826e-21
6a7a0543709c756a	8.158188069926346e+204
381804322b5557dd	1.7644457116333152e-38
b478564a68986b52	-6.203391032536729e-56
dbb12ccb3b2e483f	-4.876342847829093e+133
b713f44bfac4e046	-2.2369526420012226e-43
bf4e772044e3b155	-0.0009297282756768702
6be80e112f697b84	6.326615233023762e+211
03268a889c8b95d3	1.7646974089099118e-293
2801dbab7de2f031	5.665347792615248e-116
5f7cf9a3c957c967	9.484700165864511e+151
3f1d1a1a179c9295	0.00011101516966200772
3c007e324b02ddf1	1.1176060965397473e-19
0722404faa5b7c9a	2.635759340078072e-274
7cc391bed07e8e44	9.764308347361809e+292
3777dd7f57d33973	1.7122458743713736e-41
2f5560adeb50a0ad	1.1268372894160312e-80
17ea9eefc2dcc274	1.82336934578837e-193
08df889dc046db1b	6.112208807316087e-266
7f9367a97faf8d5a	3.406651329696286e+306
4e95c1582169fae7	3.7537306054186195e+70
d897aa5d965f8ad3	-5.96779394890604e+118
87bef37163cf0cb9	-2.2885367381276933e-271
c955df3524db8bec	-1.951039091558125e+45
e16206df968f7663	-1.2672068822862154e+161
7026620230a9fa11	1.7374886622574345e+232
f2906164292f597a	-6.990398350150184e+243
820f773af1e8288e	-9.397066668062694e-299
6bcbccb259ed361c	1.8278706900131285e+211
1af7f8eb58b7a9de	9.243427366097326e-179
1c0bdc189695145c	1.4080229331094814e-173
b7cf4433b6687977	-7.1784166231397174e-40
919e7f5490eeddae	-8.23921478710159e-224
203c38634131749b	2.1047634820984992e-153
9be64a0a06434879	-2.8162246897809914e-174
86c7a43f3a4fdeff	-5.3347081132792976e-276
f39b98d790a62a77	-7.7182515218924e+248
e8f4f0e3abfdd977	-3.913398285710467e+197
0ab512deb53e5389	4.3859606051074776e-257
96a6c9eebcfeea43	-1.4885873477163047e-199
5761e99820094a91	8.615570669781188e+112
2236a9bc172b15bc	7.259721889191892e-144
c60941322bc1b285	-2.5011015517760258e+29
afb295ed5ce6262a	-6.269876291122836e-79
9c466d5b6c49900d	-1.8135397929779185e-172
974bfa09e95f6f8c	-1.8713263772009128e-196
917356bb8f2d2649	-1.306149090892213e-224
576664dbe4546d85	1.0771090697323668e+113
557bd797dead2a33	6.235933393391522e+103
06858f065bc78234	3.0404396355316765e-277
dbaba9747e2ab8f6	-3.9269071615680925e+133
0fb9e1ec430b7dee	6.512230700996661e-233
ba63dd15f9e2a355	-2.0057127110899603e-27
1c82e7b14ee816eb	2.4459652864366148e-171
ca9f4ed14bea9113	-2.9284172484076223e+51
20d74317de0d2eed	1.7766045764089204e-150
01c6d3a5adf1d1fc	4.2606744668237464e-300
6e0d597b616926aa	1.3261361199850794e+222
f234caf406259761	-1.3864659722054042e+242
2df44da52c574f25	2.551572612474707e-87
73c2327c8438bffa	4.07147046513531e+249
eb3175397750c9b2	-2.241967022210742e+208
a2b16ea163c42b73	-1.4295291105720298e-141
33ed3ce61a476d1e	1.4555824945357052e-58
0b7e0b6c886e22c5	2.561240997572462e-253
cae23f1e2d368a5e	-5.461477140784363e+52
73dbb8609e20fb6b	1.2404325616209571e+250
a8f6a26debdcba30	-2.3529479595897437e-111
efca0bdd788e6c25	-3.159173961503025e+230
145842a09d85d866	1.1530245486718921e-210
f7a86f62b2ce1a40	-2.521275307751241e+268
414272e3ecdcb8ec	2418119.8504859116
03e1a48cd977d9b4	5.657454371128755e-290
6a685a144477baa1	3.817503300240847e+204
d75ba530dc436d0e	-6.6484336413458976e+112
8dbc4a1f9b0aa460	-1.657255474555342e-242
3f5eb7c3dd72c110	0.0018748677010017069
2f40f4b80b2a6633	4.4688201244635965e-81
ba689d6591495967	-2.4854627714497423e-27
f6d96ef5bbf3cdb6	-3.2034744575414576e+264
8ae8fe14306ca4a1	-4.161245344500744e-256
3be20d7d33ff9b3b	3.058244930963104e-20
d38bf5970a11226b	-2.916053665694503e+94
e5d6fde577225ad0	-3.8161903964662016e+182
b370d96ca3fca502	-6.553346142449207e-61
dcc32b2c8d78081f	-7.133448229020238e+138
030e6a62060be523	5.9529198671868245e-294
2f58b6f409436cd7	1.3027342521759578e-80
ffee69db68770691	-1.7085671131274793e+308
9c093aa3d0fde6ad	-1.2750687940723463e-173
e92667999f7ffb13	-3.349546856597864e+198
63a8c8bd2d55e9a2	1.1972403239732165e+172
9c5dd3d2e2d798e1	-4.823901378706006e-172
28bdb0844b028592	1.928966949468421e-112
6da9c10ae49dd20e	1.8182465033329268e+220
855b9160198ab1bb	-7.4156177939842905e-283
b8033ac534255868	-7.063828991339491e-39
7a2ae87cc38a062e	3.0527404475833786e+280
eabf76a98920c71c	-1.5783540185172593e+206
a9a2f05d028c5aa9	-4.032057872440689e-108
b2fef6e5e86e7e74	-4.704399857012209e-63
d3bd59246ba54868	-2.4487265750883878e+95
97ad0ebcf92825a1	-1.2439190582889433e-194
4e13168fb49efd2e	1.2865374353183316e+68
0c5a1ed3bf8b7b73	3.648242767364402e-249
cc4b13216bc3e2f6	-3.3990165318331607e+59
e4380e385a10e427	-5.949668186337224e+174
9410cacd246ca149	-4.988046244523618e-212
b8fef40ba98b41b4	-3.725868314593815e-34
f6098c2a3619526c	-3.9280318367757484e+260
96cf5486f7aaff89	-8.186077017965318e-199
a32aff24650e2923	-2.8337522485086703e-139
a5693ff6d060691d	-1.8213391869837782e-128
7537503c79236b24	4.375647840394715e+256
9cbbc1e7746d2724	-2.8730411134064602e-170
c1b023607e54704e	-270753918.32983863
fbe4c4600e764f54	-6.324431875964664e+288
34093fda6dbcb243	5.0280821809280395e-58
856158996037dba0	-9.332020493316162e-283
f3315621e75641bb	-7.575943971692622e+246
c347f76b88fbbe7e	-13491931392212220
19b43d645d06bf68	7.442676792653368e-185
d794b9bd54c4046c	-7.974883407504063e+113
5d742748ea343b46	1.5359868926008946e+142
c6c570e873d0d404	-8.697521928263874e+32
435c752c72cbe9d0	32040532451501890
f1cc2b28e18b3efc	-1.4674107940950054e+240
4ccb4716a11b3542	8.766711257510338e+61
31d1c5fb24ba88cc	1.0300792003761627e-68
c1c571bd91ae2ec4	-719551267.3608022
daa61b1f217b085d	-4.7884750270030334e+128
4e6184c5a1da6c99	3.778412936234837e+69
656e6d1db17eb61b	3.945441658532631e+180
90015d65ce19b6d3	-1.398118543541888e-231
e0b6fcf2da3ccfa6	-7.890426107676133e+157
3acde60247b14584	1.9321434862413207e-25
8f3fb284548ec853	-3.1153446820098055e-235
3d193cb14b6d2f36	2.241503009997272e-14
3ff896138a66f14e	1.5366397291500848
ddac76493fca809b	-1.7353785066482999e+143
94e3399789e5af9f	-4.678198472444158e-208
bedc63146561b32b	-0.000006767995350026583
339baf898b3f3b3c	4.3072121857436225e-60
e7492f1097c286e5	-3.506463811333684e+189
24d6e82ac3a94ca3	3.227217731822404e-131
ad966e1d6aea38d7	-4.404465436662694e-89
93e90bcfe086e267	-9.299806026788934e-213
a5899c4256337f02	-7.389379924300934e-128
03b75e8be4af1db8	9.36721119046205e-291
e41bd8b47eaff172	-1.721821761720558e+174
90bfd7722065e91a	-5.250467512926561e-228
359a109986a860fd	1.741629788284735e-50
dc47316677166633	-3.371509708365941e+136
c1db20bb1c4e59fd	-1820519537.2242424
3943dae501f426aa	7.647889718211735e-33
2105a37a383f902f	1.3220899224631579e-149
8d78b372f9c161d9	-9.043938163081659e-244
6abf4fa4ea3a4e21	1.5707082236321888e+206
dc39c41e73f4be23	-1.8727791749601038e+136
62252b5b2e8b377c	6.095304067757808e+164
44f6fa8eef499cfd	1.7362247707739362e+24
461c005604c2c8fd	5.546231351256263e+29
e675847389822ece	-3.657184720026157e+185
472a9483a2e5359e	6.900597212310207e+34
8e8801155bf62e40	-1.1519702559753066e-238
59f24abf0411ff4d	1.934723310412151e+125
44f014918a20e3a0	1.214996573411725e+24
5cc1b9ca14e14af6	6.596482089767972e+138
8a4d110925e882df	-4.7261463606729075e-259
83dc78c694536a24	-4.564979263340885e-290
dbe5434f021fcba9	-4.829598996322508e+134
9638559c0df8e0f9	-1.2418346646960397e-201
2d1ec94a72c99971	2.3614497823002812e-91
7d14a9c2edbf2754	3.2992247219458706e+294
23e1dc3e14a411ad	7.678939666311398e-136
44aea6459caf80b6	7.2369085039688735e+22
fb97abaad2bf77bb	-2.2527069256298233e+287
b5493a7fd2d4fcfc	-5.267959301158567e-52
e420117927e70dbe	-1.9870839728704835e+174
0c457c56da325b91	1.500455486883094e-249
b94655110f6dd083	-8.602085811924738e-33
1ac0ad9de1124ea4	8.038620421269078e-180
b015c2270275e7ef	-4.697731918205772e-77
6f834dcbc17ff416	1.463361277830442e+229
c05856e89a2346ea	-97.35794690556546
ad318d350e7b0cbe	-5.38514999024405e-91
92739248e766a8f5	-8.662946258213764e-220
7d7a28e934858f9a	2.6731929677356652e+296
2ba729011e6aa602	2.1177428869346528e-98
1ff2a9b71249f675	8.699664868792768e-155
bc6f46f6c284396e	-1.3564324471015071e-17
f092acfa04ba71fc	-1.855638181039556e+234
1a3f437eb84fb096	2.9430819077196128e-182
85f7a0b84df39148	-6.508299837032966e-280
c48b5a0556be11e0	-1.6145560838489556e+22
04c92f81061afcbd	1.3232008721051073e-285
68237f1bffc3839b	4.4475859615324665e+193
79a42c2378267453	8.939720393030253e+277
6325afa50cfdfd6d	4.092128633802852e+169
d9509c659157786b	-1.715742341664308e+122
b51ecf86f12907d1	-8.0419556156354835e-53
ebbaa83869031ba6	-8.763751580936511e+210
448c0d3d60523aa8	1.655881147731928e+22
c7e20c4b4b0ec0be	-1.9191950891063334e+38
f0306f724614623d	-2.551615871162712e+232
802745947a2bca1e	-6.472683346628518e-308
6e697eea7737d830	7.372840622808763e+223
0a025b286d8808fb	1.8654079972812883e-260
fe7c88b0823d5fa5	-1.9108978658363708e+301
10f483619384868d	5.411988364692358e-227
69f1c3c760a86b63	2.1756872807772366e+202
d5438da13a08049a	-5.474283694986832e+102
69f06337d7408e7c	2.007019929002922e+202
1762ca5b8b1824af	5.027478571119134e-196
7e3dee49bd6159d3	1.2527782580551982e+300
5d352d3eeac0bf97	1.0087350679626985e+141
5b7600cef69e2259	3.9044793209329935e+132
68767d535c55991d	1.641716018282256e+195
01bf9a66ac9740ff	2.949405069800437e-300
d598d5db2b599b0a	-2.224996068621964e+104
1f2235d66a83fa5a	1.0362140231387752e-158
acdea77e7e1a37a6	-1.4695771050476865e-92
253391f1b6bed497	1.7645533609842823e-129
e9ac52a11cf028fd	-1.083983981437757e+201
241f054a5272c531	1.0669720901550838e-134
5048eb3be8da182c	5.770819024348889e+78
d02675a3ccd147aa	-1.300317988087594e+78
60aac2b827460606	4.592656460845329e+157
17500d65c968657b	2.147439977720254e-196
7d2b9498f8aafbc4	8.807390742786057e+294
5d972d8dbcfce25e	7.065987606757797e+142
365172a518be0a47	4.775316353888844e-47
e726513c8d39303c	-7.768363476422222e+188
cce251c35d94276e	-2.3550496309101584e+62
f648f192e722704f	-6.136294791727026e+261
8c535f9a13ade50a	-2.705891933803245e-249
4e92a30c4496e0d5	3.21567993781263e+70
890d9ef360af90da	-4.5931655148546663e-265
c427a98013e1906b	-218244448872130000000
1c70f33d40fd14f6	1.0965188789602806e-171
ae171d27fbc8a43e	-1.161914910567807e-86
06ad60b9fdf8a964	1.657272123677061e-276
f25ffcceb5017f8d	-8.531732228261582e+242
c4e2cc55306c7ec1	-7.10174968066193e+23
4934227b621fbc06	4.4901870685254194e+44
2679efe96b1c874b	2.4522465434788183e-123
8546cc91c64c9d9b	-3.0664209954829617e-283
ea053be4e24a3658	-5.201134917338483e+202
34ade718819ac4df	6.0976355412990405e-55
f92843bfdaa4b910	-4.20049056338659e+275
fd5565b36d868502	-5.4663081198941535e+295
19f5e9b13cb0e1d0	1.2892636288427458e-183
31d4c3359ff4ca6c	1.2033207803766108e-68
d1906f3052b6206b	-7.981615949030562e+84
41da6df680f1d344	1773656579.7785196
e9b8cf08fb6f53a4	-1.898985582953065e+201
3260be09919017f9	4.96806131318477e-66
fe80b78ee6517576	-2.239054418098431e+301
d705f029491c7189	-1.6487242373292956e+111
228b71ffda224305	2.8133269339938454e-142
da17eea4dfacd5e5	-1.0125136524952163e+126
e71abacdb82b1f6c	-4.652125394938215e+188
a318a36f59d60275	-1.2931081130463987e-139
aa853999bb75f702	-7.40353689172764e-104
b7230cc801f69535	-4.271141324031712e-43
b95bcf3dd73de303	-2.1423688300740126e-32
00eb630dfdd45c48	3.120022886405816e-304
bdf18ba61c24b164	-2.553206779187555e-10
cb06f8609554bec5	-2.750137926660189e+53
530fefe37088cbda	1.301138975187585e+92
57845b434166f395	3.916439168067081e+113
7d979fff436f21ab	9.656669159568202e+296
4c1852c68e568d26	3.817002342155427e+58
a1be393fb5a4a413	-3.781888465979088e-146
05fc448020ec44f6	7.786327605134553e-280
a628c92f5ea3a389	-7.323119722522071e-125
70804ae04252b7ce	8.094200586736574e+233
81c4cefb1b6ffc36	-3.883966764596675e-300
79c08602491ea2c2	2.9290536415165335e+278
3593204162fe390c	1.277982293898934e-50
1e229783d688ecaa	1.61426599005476e-163
a8a4eda4971e92ac	-6.798693071864059e-113
ec2d31290b0eb18d	-1.2284324663567085e+213
7ad09d524627d40f	3.860327645077535e+283
286b21dcc6407974	5.508810869190271e-114
e4bd25a34125d147	-1.8454898511599605e+177
9aa4d4e107266b5d	-2.510119351032399e-180
83f8611b74b39836	-1.5635287101023528e-289
f11e266c8fa42c25	-7.669115524956303e+236
4e31af9503a57cf4	4.768100452879184e+68
2b4ef7c943420f52	4.4244920153366444e-100
57a18ec6a956c2ba	1.3511901294469581e+114
5136fd7a5da6bcf6	1.7446189895595373e+83
cd3f04aa98e01d9f	-1.2760158927206574e+64
f125b6f6b891f46b	-1.104690150687283e+237
45863bc5dd258dfa	8.601164031325643e+26
ffc58d5783860660	-3.0268821922558125e+307
2a0edf65cda2f514	4.206543734284866e-106
f307ae14de6083b6	-1.293505505813687e+246
0cd2b31d0c96f6e5	6.686168558658395e-247
9b0dc7c05d4f117a	-2.2965787503467932e-178
5361d78a5b84cb02	4.6521221191374e+93
9e79a470f409d06b	-7.124594319104137e-162
0e9e3a49f338aae2	2.901271789903465e-238
2af7a3d00f345e56	1.0554726634340275e-101
1b255909b080006b	6.585151638435873e-178
a12a3d8d35e636c0	-6.413028958684514e-149
94f7a4bf6c6ee56f	-1.1506827697222542e-207
a8a8fcce511d8d96	-8.117360691406572e-113
f54885e15b6e347b	-9.205330471044101e+256
21c24beb7f5ce934	4.578904724275053e-146
ad3919294d93bac7	-7.700614635642053e-91
63a3b3e2ae20d8ad	9.517717118473826e+171
139164d7de78f112	2.0182759109915276e-214
cb00f6df6eb4fa72	-2.0310770185856255e+53
cea2936f05289c08	-6.410311909440707e+70
c39b7cdc2c15f15c	-495175004510246660
d5f930238c58127d	-1.4442185109032482e+106
4ce95bb6946aa759	3.259931536551807e+62
d0bd0439777998a4	-8.601296317811811e+80
c9ca68d21edd3dfa	-3.0154268324932975e+47
9526082bd04b057a	-8.57798544009406e-207
ac67bc082734ae9b	-8.889379573196424e-95
ee156ae82a4122cc	-1.935475700634486e+222
cd0c1dc0983369da	-1.445792755002342e+63
5402389e712fd3d6	4.8650222309980695e+96
e1ff99fc4ac2031c	-1.137379607321945e+164
5e914fcc9a767b78	3.4587407068810216e+147
f6336f74e069f1da	-2.390612721582899e+261
14090093b774295e	3.713404232300897e-212
79a1fe518b1451e4	7.974069492907882e+277
2432ff700044915e	2.6137576487481213e-134
df8c1549f98660bb	-1.8385430446266006e+152
87b254136b3a03eb	-1.355217431103004e-271
43a9bf48fc502868	927640910006858800
d2f7cc0645942e1d	-4.84752854435875e+91
caaa28f679214aac	-4.893811038293816e+51
5ee8b05654a8d0c7	1.5784402866461553e+149
98b2e47f4391aa41	-1.0600679614525735e-189
adef948db0bd7d72	-1.9843914324574152e-87
fd756d9b48029af8	-2.189678941948188e+296
70ef7d9674e3b538	1.0012608631731631e+236
4ad2375a8b175986	2.726199618352401e+52
64d29b35c1303d0f	4.712346545697836e+177
14a676a7942d885e	3.4164128030608357e-209
81ed036d1196c60d	-2.1661707847651782e-299
e3b756662609c9bb	-2.2547157404510968e+172
f8ea62a42369a79b	-2.854751989952761e+274
e4c346960e29d35e	-2.4409463489549607e+177
bc03269fc2c5f417	-1.2977137849048413e-19
f4a26cb49fa2b5ee	-6.754063868439931e+253
eafd3d41e7f2468b	-2.3468417776378625e+207
4b4d525ac1ca39f9	5.616921303365306e+54
585e0ae3b946ea22	4.734944961585596e+117
e4519c432ceb624f	-1.7422349224510207e+175
54f6e1de9161d2b8	2.001973297443884e+101
cde66343304e7304	-1.886163698060302e+67
3bff0e739c116e0b	1.0522335079509669e-19
8bda8a838bda7f06	-1.4480449944090176e-251
43617e7bf96b2dac	39393164277673310
07029ba3daace298	6.718200184984581e-275
9907fd07b242e4d4	-4.307189474042272e-188
35da64b850e65bde	2.8217379266201202e-49
e82714105e073902	-5.264685716297397e+193
9dc397b1098dc54b	-2.658050604341387e-165
95bb46f951e7112b	-5.4375517390137194e-204
cb87318a9b7a8d71	-7.108793572434968e+55
904dcb7b0d7542aa	-3.838260762431861e-230
012a577a33636198	4.801515251009193e-303
b55988300fa689ff	-1.0662653763930803e-51
0db9d0d3c3d6cb42	1.5123347634810692e-242
4d6e45bd3eed4d71	9.962680656124436e+64
7f27fcd0970a2d4e	3.289967959177744e+304
86d307ff23be09c9	-8.588770441600052e-276
b26c49ca51f79860	-8.394154116182264e-66
fd82eabdba764037	-3.8661351795106744e+296
3c63b8ef24b1d750	8.553227153346165e-18
d520d7dd34b91630	-1.1788909808373238e+102
d99cbcef8e2e060f	-4.7493616194307476e+123
9317ee78b5c3fb94	-1.0847098514917964e-216
9c92c74c4b1f8b51	-4.859186327941291e-171
f4cb3b0be6e8491e	-3.992862613979091e+254
16b4219bc26613d8	2.629991422651303e-199
03bf69163d261558	1.2590384285978172e-290
0e20395e287446bb	1.2165610280797872e-240
b4cdabaa36a585b6	-2.420118461206556e-54
4473d15ff55de013	5.849202951371777e+21
62ab333c9d5a9a1a	2.004928127126571e+167
0d2e1fd61443af3c	3.4467626358497043e-245
5527e22e852ca57f	1.6716560497008221e+102
21eafa7eaa05a0ac	2.7006594628264233e-145
dc15db24895c7b1c	-3.971451560116273e+135
c1c0f863075217a5	-569427470.6413466
f1743bb6b65ad657	-3.29383905823123e+238
7e9843ffaa14890c	6.500205139706223e+301
5d97865606ff0ff8	7.171714330929101e+142
070ff378d57176c8	1.1535575675291176e-274
8ea9689cd4ed9161	-4.8774734139366194e-238
bef1c22150018e1b	-0.000016935654457829208
599901ba4c61d0cd	4.132715161292256e+123
b97135d166a01cb4	-5.303310476349999e-32
c3e36bcf7dc14cc2	-11195521985996526000
df7dfb2e63196f62	-9.814010176871121e+151
90540b1837d773e3	-5.164084950444425e-230
ecc499f680b6a76b	-8.877363712536843e+215
df264586e54747ed	-2.2782378812263783e+150
bae6c730221e3030	-5.887995213367047e-25
671005bc93517b8f	2.7885928408953084e+188
3838767fe8062d84	7.188997013650912e-38
9b61d0bf8fba6084	-8.792830317001416e-177
b6faab71910baddb	-7.474442390022144e-44
72a74fe3f0372b8e	1.989698960767112e+244
bd9ac48d4469d708	-6.086288650980451e-12
af95e1cc66216b5a	-1.8454771225893593e-79
220bd11f5d2bbc6b	1.1138342974108325e-144
7e7fee38f4ad5364	2.1383666377196187e+301
86fe7c8464b5de53	-5.503386908857766e-275
3085ec6c2c0d77e8	6.058728389992625e-75
dcf6e4900cf870e2	-6.815494264009626e+139
5e620390dc119f98	4.498796572452617e+146
13bfe5490dc0ea82	1.4803843637381187e-213
0284fb8a234b5b70	1.6041799952027406e-296
4c8a9322c33556f5	5.337996935081996e+60
54938200bea19d49	2.6667813676385723e+99
2c17826d5713c440	2.7515945208064306e-96
dce1a22dfc2ab99f	-2.624864450233523e+139
c8388e73e726d388	-8.356128983955467e+39
97ae69430a42a400	-1.3018653688646781e-194
8693e741b50cf5fc	-5.613970142956472e-277
5ddf648598bc1862	1.5312500287871376e+144
6dbae2fa0d52fb08	3.7964106375219904e+220
14499031efbbc1d6	6.0747627172439085e-211
67a808d6b0ed8a6f	2.1417206506394306e+191
35ad3d5fd2d41fdc	3.9075477147606854e-50
74d95e2bbc9e2505	7.4394373964993e+254
7fe99a5ad8fd7d6b	1.4383201610786133e+308
9d54fea352936383	-2.2252134219918674e-167
e28082b2a801c0f9	-3.0424879008108284e+166
93cbb63644ad92b0	-2.572392764098456e-213
2986d06d82ea3ca8	1.2142727993568914e-108
6a949cf7d84a0e32	2.5851251171818165e+205
a80c5c7453db7b15	-8.997368648075918e-116
ab816c69478de28f	-3.982963919133008e-99
80539341b54281dc	-4.355631335648161e-307
4a571f609ed23c1d	1.3517468431730297e+50
f36fe615fa0579a3	-1.115168323237649e+248
f317545b2a1b2a35	-2.548720431874249e+246
a4e81efb41d28160	-6.796535480800287e-131
2e2fba7ff566ef2f	3.1899288702419853e-86
38e076aef0801b34	9.908672953892664e-35
8f3aba27d7b8f518	-2.6268567056917414e-235
ea69a3351fe2ea72	-4.0190484716649924e+204
173defa4f3ee62c0	1.0011939601562876e-196
c979de7ba46e2320	-9.230394091784064e+45
6148778598a4eb79	4.299781021156016e+160
bcb2fa1c9dd07764	-2.6335876746830715e-16
f4ab61ba8b11d374	-1.003754731454763e+254
9e9e72ab49ac630e	-3.3839197120354348e-161
7c75fce8befb3e9c	3.4284679591401693e+291
fc329308642b4001	-1.8101284203344297e+290
8947a494c77655be	-5.865897478887581e-264
b5f3f89e96ebe02e	-8.540518093756825e-49
b724fe7935928b8c	-4.707025890781938e-43
f884065d71bcd53a	-3.3852882536917707e+272
8867f657a3088d21	-3.6286235529541093e-268
e7327a97a4791a47	-1.286449831641276e+189
6106823f9966697f	2.472291848118532e+159
dd7dc83beb29dac6	-2.269834672441231e+142
de5f2d3e44e6e882	-3.893036642286438e+146
a72a6b59a266f159	-5.115565438949761e-120
f5f0009f4990d7ae	-1.230218409197557e+260
3fc2fd9c6e58f924	0.14836459529937784
5ef472dac5440b2d	2.614703947669269e+149
c010ae9d6dafebfc	-4.1705224169372705
8ad451141e2cfc8f	-1.6913642759384215e-256
b616d671f7c0c3bd	-3.906543093598684e-48
195598a6e260bd46	1.2408576925446141e-186
4cc8f3e20427cdb8	8.019478137161335e+61
4f86dd70113a7be4	1.292766166277112e+75
969c4c27fc0cd6cb	-9.242101375902738e-200
bc65318150f689cb	-9.191163220946847e-18
b83a8cacdc40771b	-7.802200531277786e-38
86ccb70a15921c9c	-6.4795190266385165e-276
9637441ca82b9386	-1.1873145773448762e-201
913cebcb84f430c9	-1.220836992979748e-225
5f4f265fcb17e83d	1.2745723430792743e+151
f41a3595e7b154e1	-1.876515394283647e+251
688f5c97e0a25e39	4.578747505473536e+195
c7c05aeb5f36c805	-4.347945711942617e+37
40f348de14fb196a	78989.88012227943
8d1a32a1a28097c6	-1.4987459363511993e-245
bf79f0baacb0f1ad	-0.006333092877920538
e224150f703d6ced	-5.782296782755431e+164
69b4e59d55e0dcde	1.599556740813163e+201
811c478334684dd5	-2.577352008492953e-303
878c94bcb678d811	-2.641626553930807e-272
022f7b2c441b3ca9	3.76066643803456e-298
524fa0ae6d1c43e3	3.145834198711506e+88
496a7b33c78f1e95	4.7244144479328446e+45
afe83bdbbaf2fdd2	-6.540230243562127e-78
4c5121b6649d6525	4.301494277136129e+59
cf0d8619861da63e	-6.5205108764692365e+72
69959533bd408dea	4.1301453228126687e+200
334ee91423efda62	1.5027834924071946e-61
ccdd3053303bc238	-1.8761817576293017e+62
47e026c624202c1a	1.717517919396415e+38
15cce5aba641e3f7	1.1520941267759711e-203
ddd693e8fad9139d	-1.1012833194468446e+144
cdf126c8cc2219dc	-2.890022273014054e+67
6c221450fba86384	7.607991544912226e+212
0ccb9568b2b3e13b	4.931340247439295e-247
1c08285139429ed0	1.2209118466132557e-173
398dd81cd34d323b	1.8392902041625676e-31
d4477f7e4ebcf7ea	-1.0038293666767876e+98
d87a268a09ce333f	-1.6486142219871369e+118
3a9f298b2a6aeddc	2.517268911340815e-26
8dfb90b402408702	-2.5837195421643037e-241
46b90412a15596ef	5.0738291851276794e+32
62879a4ba818e72c	4.3494026763709926e+166
2b5a97124ea5920e	7.598043857818702e-100
6061a3fcd7df3793	1.892171727474876e+156
1484afa5af79acbd	7.865242380239109e-210
c726788a0ed0aeb1	-5.833767905585152e+34
7bd6e57248662f0e	3.486427972219112e+288
3d72906d809ffd92	1.0552509408315153e-12
9a9dc2847b672fa2	-1.7929703794061087e-180
4cf73d8bc3870d28	5.9753448354746205e+62
66619b19f550a298	1.4961829942066167e+185
c17991399887da56	-26809241.533167206
1a685db02a14febf	1.8350010456558846e-181
0dabcf9eff5e83f2	8.146112866215571e-243
cb3a582287f55f9d	-2.523280430034295e+54
acdbda5e259e4356	-1.335282965972538e-92
536a402c76967efb	6.844617781278897e+93
906109bf9b809394	-8.77958461514266e-230
b7b8bacdbcc81d1d	-2.8388305437646014e-40
5217b7a838be5ef9	2.9488048508004425e+87
9f41ee69f31f7acf	-4.081353033774388e-158
9494096ca289f5b0	-1.5236727158622968e-209
1bc8ce4f4224c6af	7.835513478080809e-175
84d83137dd2c9948	-2.5420292096718046e-285
8eb2770aca39b343	-7.089130048827784e-238
7664000b3ac67c19	1.9680673528390677e+262
5de1f1db188ea6f6	1.7505936059196e+144
46501b1ee34cc967	5.104176146646604e+30
36629eb7d33dc1cd	1.0192252666025092e-46
0b8eddafd751e3f2	5.2625169276701804e-253
8ed51ac59c382c63	-3.2410079308336955e-237
af34179995230e3a	-2.6476976866634167e-81
6862bd48c6bff70d	6.839788957996881e+194
33972f62191b8fbf	3.60702932678291e-60
756722e9b67304f4	3.4739350448544057e+257
0b501fc21da32956	3.436354488821089e-254
69b37752ec7fab3e	1.4900343255058112e+201
3a1491f2ad7a3907	6.490781990971458e-29
a10f296ac06b241b	-1.903945412167373e-149
39eadb8f31fa5282	1.0593476519046631e-29
0eefc5b73d728dfb	9.758486113955506e-237
f576a83d2e5218a5	-6.803967470915097e+257
c5974ec6a5bc84c1	-1.8033473814203631e+27
91b3743319981e89	-2.1022773468007906e-223
536f460dce79c09a	8.1543099437932595e+93
3b358e4fd5794d11	1.783062725489582e-23
67b97cfc4cfdc50f	4.542520004543646e+191
7fd7bb019e4c341a	6.665647679889322e+307
012077ddf4a1d630	3.001796954843162e-303
029191632700ce9d	2.6862386933582553e-296
e4bd4f74e72ed27d	-1.855832946316446e+177
914cf56df3cb013d	-2.4448513182914504e-225
ee71f1abd8dbc8a9	-1.037807344806319e+224
9819b18e6b2cf5da	-1.407885687704727e-192
476e2d31dbc1c6f5	1.2534845150372139e+36
80fdf83ac0ae5f27	-6.8285109210641545e-304
621deac237fd6960	4.3070118769142906e+164
c0f5a508fec77b62	-88656.56220195958
24cd4557009b8fe4	2.061898906193849e-131
5d81ddb7a0d6db2c	2.723311489957839e+142
0ddfb855a079c2df	7.432885587947716e-242
9c6fb70e3b460b69	-1.0258362325742064e-171
bf4199fc03b5a7a3	-0.0005371552028183745
5f721c638330319c	5.928402848561983e+151
257d90bd7a251a08	4.265259760905313e-128
f5eaa1fa9b639310	-1.0237218316408613e+260
c93d15901a6b2ab7	-6.486000045391617e+44
98835009a2c32048	-1.3545484900965493e-190
1f82268d3126cfa4	6.610024365443746e-157
f295426d01c12f21	-9.072543459444556e+243
a086bb538a70f405	-5.425314825512589e-152
0af3d1dd69c17e99	6.599980125877903e-256
845dcf908855f9a7	-1.2235952215393733e-287
db4140f798a4f258	-3.82712219383591e+131
db11d4cfd080c56b	-4.944029401801239e+130
cd95eedd7980a9ba	-5.774553855480528e+65
fa4c23c1b8b3a7bb	-1.2769827907090495e+281
44d092b98674a6ba	3.13057827445917e+23
46de128b1569294c	2.439765757340898e+33
38569cec92a64829	2.658143590551235e-37
2fcbfaf8420e84f2	1.8878361262408864e-78
c0813afa1c1f2bb5	-551.3721239505018
d4571721e0d6a378	-1.9728284436673345e+98
a38e9da4777e9299	-2.0567308962249359e-137
0091e1efa92fe899	6.366403818540959e-306
d3a0b267786a22b1	-6.965692075486484e+94
bbbf894f185fcc84	-6.678084655553585e-21
d828b0030b3e55f7	-4.863694290300145e+116
f19a73d743f948c7	-1.7225163548020508e+239
36d22b5704a6a3eb	1.2730303670989508e-44
cbaedb4608047785	-3.7830004707904196e+56
58660b1fb9b1543d	6.948450123324483e+117
f5e109664d79c300	-6.548656208384493e+259
d626c80cebcebc7f	-1.0449843506660903e+107
b46909bf3e8ac110	-3.191036304586864e-56
b3b6bac4f92f1ed3	-1.414464493910541e-59
445b0689b5ccad4c	1.9941327900675209e+21
2cc292beac38d374	4.4520352749695876e-93
7c9703bf00f5142f	1.4354228975347762e+292
ec6407f7ffc0e6fa	-1.3486906252055096e+214
80e539d5dc2ecd7a	-2.4181370159771667e-304
b5b078faef43d00d	-4.402732772465872e-50
3d056f2c8cf44cdc	9.51872959931137e-15
a896030b761db970	-3.5753539699042406e-113
e748e4c981e69d01	-3.4660652741912067e+189
1a9410628b9b99ee	1.2088160262050295e-180
ec62921d7a0cccad	-1.2503645873433593e+214
90bab14114ccb308	-4.401400703485826e-228
d713b99ea425184e	-2.964811718458323e+111
e2b7a0d8c339da4e	-3.483294718691892e+167
f67ca8b60e217963	-5.640241402891724e+262
00ac3545469e1ea7	2.0084825571031001e-305
2c1d3c42f9320888	3.4217666635649087e-96
bc49c7b9136a1926	-2.7950913917551268e-18
5990d121352ecf9b	2.779230172205921e+123
7766e755da0e40f3	1.477035524424633e+267
5015169baa07f0f8	6.10464947864622e+77
d70384745627a1f2	-1.4667982517915734e+111
e12faf3e8dc4ce1a	-1.392051280989215e+160
94f70739f613bb11	-1.120736521152017e-207
af4aae89a9e58b44	-7.032117285659984e-81
092de7420d7a49a0	1.8547854815327918e-264
cd831b67731a2e10	-2.5152586682396162e+65
edde9afceea1b23c	-1.7286027753237592e+221
c42d97afadd1d4a3	-272942862037477850000
17b0d2edb043f77b	1.4404245129265026e-194
1b32f58df5ed9ecc	1.1696677487404778e-177
80b38716fa76d8fe	-2.7808359849268785e-305
0c48010a8141a0fe	1.6763257847089034e-249
1e997071227e4f7a	2.827263141826208e-161
99be2cf2d8281ea2	-1.1096302934909558e-184
a47a58dc035442ec	-5.799824638140419e-133
ea396a6829f53392	-4.9803325198236914e+203
7f61be715d58fee6	3.893813272530368e+305
1207eb2403008e35	8.271180070462083e-222
4a02cd9665b08d8e	3.4350908187717067e+48
f42f864e982ec39d	-4.51415521564837e+251
4bf535d344ab4df4	8.321183008681378e+57
8faeb4be7e125c62	-3.8629319961536775e-233
865ed30ddbd4ff52	-5.433992975336805e-278
c3ed34edcb646cf5	-16836547069662964000
99a71e8834b255d3	-4.250761261401049e-185
bf09503734f0acb0	-0.000048281368997338064
0db13c636d9466dd	1.0097114275143427e-242
c8b9793a14571455	-2.219058515527313e+42
2d64285ba58c91ec	4.947789006056844e-90
c1904cb4c8d3be57	-68365618.20678078
5c393abb16a2868c	1.8337717443404062e+136
8817931534d4cbcf	-1.1155965538238457e-269
1802de393b7e24bb	5.169399006571106e-193
02ce52afdbe10aa2	3.7092522553244504e-295
ac13c8f87498edbe	-2.3156789808069515e-96
4ccc3c09a2e24c4f	9.074225524783666e+61
8610e6bac23a90f9	-1.8621892467921115e-279
949ae58bcd57d25e	-2.0453208787371565e-209
d49d33d02e065ec3	-3.9920600207612457e+99
5e17c9ac43615d9d	1.8564870661409275e+145
728bf77480cb5986	5.967418734164089e+243
9486631b4440c249	-8.511998634449166e-210
dd3045ed643c6a4b	-7.751570667620283e+140
c7daa0d1ebd9ef11	-1.41579812389784e+38
114f258c4a253113	2.6295710172434274e-225
6ce3c5109c782930	3.4076018067173736e+216
b292d67fe3f50871	-4.471911268630399e-65
1d9a288c49fb1de9	4.436019261755097e-166
6283318a92fc09b3	3.5368958013597105e+166
6a866a965d4bd6fc	1.4056334924991058e+205
d51ce3f66522efa7	-1.011051518526431e+102
22146a4c44ea01a2	1.634919176426138e-144
9f163a6d532d7e40	-6.324223257337254e-159
60450672d1efe0d7	5.638034054202159e+155
9357d38d4deea4de	-1.727909864352414e-215
b7d024e4dad35502	-7.413014995184467e-40
be1aea5b896e8593	-1.5666859248521434e-9
6245e6dd0d5b1bd2	2.52247954769884e+165
aa0cf482a709774c	-3.9452714289978783e-106
b5f6c43cc35f2204	-9.735941954697878e-49
c4e980eb6a67c8b1	-9.634984703858725e+23
fd458029e55057a9	-2.7463579233816636e+295
1b050f1be6207f68	1.624017578292376e-178
d06c7a4ebb972e5c	-2.6379998199563726e+79
95ccaf3205770bc7	-1.1436103136692832e-203
65fca1c0c95ffd62	1.9009327807112366e+183
e887657b8128ea8f	-3.415832245105106e+195
1351d2d3087f6c96	1.2925784121839248e-215
58561260d951b2cd	3.478691272188473e+117
0e04cc6966bd520d	3.898927391722492e-241
536e1a1395aa72a5	7.848777535957644e+93
a429541a5be03aaf	-1.7423760153459139e-134
ca0b6a554f72a755	-5.008449964233598e+48
689959b9366555ae	7.402244507717613e+195
06cba30627c01033	6.2362273502981446e-276
9d0a38d0981aeed8	-8.68514638680517e-169
7df00b38ee719b13	4.197048321494423e+298
7f6126da2cf32be7	3.7638687816186204e+305
78720b201bd4e2cb	1.5251616878038708e+272
7635e0ad8e24921d	2.691019773675232e+261
9080b9ee701a7c30	-3.4475696445166116e-229
cc101c3e3d60c555	-2.528153678823899e+58
9c8481b09ae27ac9	-2.65317659701633e-171
62dd32945575cab3	1.7217274112828378e+168
685848e249c33040	4.431900592795573e+194
d6afd305b523c922	-3.737036871707214e+109
4cfa0b01bedf944c	6.695916811485943e+62
c6907e87e15fbec7	-8.363583876800084e+31
c66de50423665422	-1.8947950264291916e+31
d5ae7ab345faee2f	-5.461267794255896e+104
1fdf44301c7ecc1c	3.6436743709917273e-155
7a58f2a2e59c9424	2.2642698741751396e+281
941ddaa8c6516c8c	-8.868038997710445e-212
93d3b4ec4c868f2b	-3.6586229892970624e-213
311792daaadadcfc	3.335553140067636e-72
d9e1af9e6e512b77	-9.353154621727937e+124
2cc233e83d5fd057	4.363235458016727e-93
2dff2c5dc6e9e487	3.9176364134675106e-87
b5564edbed2f033d	-9.316273580571786e-52
a45c16b9f7ef9a7c	-1.5458050989967388e-133
90a31dac91ca60c7	-1.5760441452682356e-228
678f2beedca7f877	6.944269312573954e+190
56883dc3773ede3b	7.11645504311847e+108
33c4e0a755dabeaf	2.598426667373607e-59
43e4aaa80089fff0	11913498776544707000
d18be92b397530fc	-6.777684202063634e+84
72351669cff39cb5	1.4061210154175174e+242
30c93267c63efd85	1.1141357602633158e-73
284479024be93cb0	1.0391699950600278e-114
e39e5b6f36864dd6	-7.332275377417167e+171
18a2bb48b6b8090d	5.255174192895169e-190
44a7aae18e81919c	5.588331433455004e+22
2afbb765def014ae	1.2374802205752571e-101
50d2e91cb3dc9364	2.242249946182362e+81
17b0743c3fc8ec47	1.408755007413179e-194
6a43b1879218a87e	7.718082839177989e+203
65f25555c444bdd9	1.21719167254074e+183
2c0930e648ab486c	1.4742021738229936e-96
157dcf5f3e595b94	3.714031880765514e-205
b051f12140c7557b	-6.197975619690347e-76
e76469af20662c67	-1.1368691128972267e+190
58bd6cd251cd9e61	2.968082818117344e+119
a23823416c5a5d49	-7.732114435413772e-144
d99eb8b0df9f4174	-5.077149287306427e+123
c18a8f2c9d87a47b	-55698835.69123169
4816ef1f2b5df945	1.9510148510112082e+39
1ad77c9f5dd8219d	2.2640528853201647e-179
649e006836f91601	4.7489954218876187e+176
931ebfbdd9ce84e9	-1.3937150665355568e-216
2327a84013d7a9b7	2.4832238287618802e-139
3ac6622726ddd5a6	1.446493962490848e-25
114229d2db703e2e	1.5334505447436415e-225
4a079ef482f10118	4.3152513736045063e+48
f8985e519912f8f8	-8.239174187167052e+272
07bee43ebc107de2	2.284147120016245e-271
c620e2b494b7fe6f	-6.689062606998558e+29
043f51922fa1b414	3.213712440218409e-288
3d442825b05a54a5	1.4322285641302226e-13
a31fb182f0d4b9b5	-1.6633778371865397e-139
9ba762c48804fe5b	-1.846736692374308e-175
ee3d223c052a6721	-1.0531079102455028e+223
70021b065f3a9457	3.513652344181756e+231
bbbe236f85ac6c46	-6.3820587733874464e-21
0cb1a2d4258cea81	1.5764670012604528e-247
a34e4b0f2fdc5d18	-1.271912298481103e-138
2b9eebc72a286634	1.4136928799002795e-98
fb305d23e21ce849	-2.433329009072663e+285
9dab0fa377bd200c	-9.178202862136636e-166
a425f39250a06999	-1.5100634160760501e-134
efff8d50d4e5cd3a	-3.061567098844156e+231
c515c8fbfd58493e	-6.584140974166316e+24
7b81932175576db3	8.362854274378768e+286
84c979a3d454c7fd	-1.3384155607582612e-285
d9c374a85d93cf63	-2.5722605362983866e+124
ab8816dc832b8cd5	-5.506753747751488e-99
a49be42ddbdb2c62	-2.4559021476560147e-132
74b15a69a076e777	1.272258277534709e+254
ef9f1e5b86db7651	-4.717984844070694e+229
ea356979a4573474	-4.195797999712443e+203
19eb36189a29380c	8.005015077196836e-184
183435984e6821bb	4.42950537948642e-192
01b3f61491587c2c	1.8629109654540347e-300
456bdb02ff7b04e7	2.6940200553715904e+26
6312c9947e2ac404	1.7725756238732194e+169
f3e0bd716d930596	-1.498173737369022e+250
a919a3c6314483b6	-1.066142536040118e-110
877076cfbc93917b	-7.608553963137376e-273
192e5285bcadfc7a	2.177788056412546e-187
6775008b2be46419	2.3393784598035807e+190
4b85e2ea0cc3f9c6	6.708157121207437e+55
0c9b075be27a7d03	6.0401743588321495e-248
1693362e7a8f0ea5	6.274620721853864e-200
f02782080cb6c55b	-1.824824745477291e+232
57a425f5b0476378	1.550552069775716e+114
d921e0ec42be5c32	-2.30835128585226e+121
ae334d6e34433a81	-3.8812710564736885e-86
31755208fdb7edd2	1.9307115023709113e-70
01b817546900495d	2.2483376787889634e-300
6550f04810607164	1.098234106130391e+180
d7d336029376ffeb	-1.182735979991893e+115
ddfc8c6ec25c2096	-5.570090097704489e+144
8f96b5917db39963	-1.4284537681219809e-233
dd603bac98af0266	-6.185994112166362e+141
649c3cf7835703b6	4.469858181778737e+176
071fb6e6c9a2cee7	2.290030523698704e-274
9fb2bdd8c932e25c	-5.460201470952584e-156
3a5c34e024cd3a80	1.4240666079929524e-27
f032128efe12fc5f	-2.805787451665627e+232
92b0def3a4b1b2c4	-1.19481740876343e-218
cfc60db0c0715b88	-1.9950143152557435e+76
8b05ef08ea7a7b3a	-1.4607845907292452e-255
06b05f34a78dea7f	1.8471535460584387e-276
4282e4dedd3c5192	2596775110538.1963
b6c978b5a22d1f1a	-8.923300993041454e-45
3805a05d0dc68d1a	7.944292002315498e-39
50d1c6286a8ab662	2.1074891471475157e+81
b49be061da63216a	-2.8422282047556464e-55
7789f7ed67fa19b7	6.698729842762796e+267
bd5191f162913e86	-2.4968598912148193e-13
ed7a58e66abfb175	-2.3251577072125742e+219
0ebab89d6c8fbd69	1.0258848427255705e-237
ff78cff836702bdb	-1.0889904125220983e+306
5261199e5b0ec7d7	6.803410745146342e+88
fd78a38dc8279629	-2.5177740398372984e+296
66b7c058492d6fc6	6.45900433615914e+186
7e6e682cde1d82b9	1.0181653803036627e+301
a718261cd8a509d1	-2.337968709385127e-120
4a7db6de6867192d	6.948406986092877e+50
e31d6d0c99258012	-2.776312956032972e+169
0ddd44a10c6ff6a5	6.858320302134039e-242
a5ded0f887fc0c18	-2.8452616774683006e-126
c99eebc788263734	-4.4131944980117375e+46
96d29ad474877a10	-9.722276692594851e-199
e363c9b2d0ed5798	-5.974298686333375e+170
39d3387785631439	3.7905898011100856e-30
1b6cbeab1b8a8617	1.4187040905072957e-176
224035d3bbb2b26e	1.0385373312995403e-143
521f96b1b9f53c75	3.927442337065191e+87
d109fa4826512068	-2.4641600884907337e+82
49d8098655f553b2	5.489127500118816e+47
0feee213a6319365	6.216335029375497e-232
1ff2502beb1440d0	8.536616423162383e-155
02c05bb73f6152ec	2.001020319181501e-295
b2a7d6324457f242	-1.1317152126964126e-64
f9e206ed9ec0b432	-1.2782358136402365e+279
8090b2314c0df21a	-5.943996341562148e-306
bb97ac9d8e81587f	-1.2533059012751504e-21
1453bdb81f75050a	9.38240527985516e-211
455746e01ce91485	1.1255997463531488e+26
f14cdc993126f736	-5.873117543655565e+237
17c85a168dd81e33	4.169901301337485e-194
4dd91ebcafdb9edb	1.0581807136496171e+67
5c128bbba1d84c29	3.369957179858951e+135
a3fa38e77833f814	-2.2548229294558524e-135
e11e0a0c2bacde43	-6.598827546089166e+159
bcf8285187b8c1a8	-5.364041222657007e-15
6e3c43ae2f77e1ca	1.0216831241849568e+223
ba97c5cd07e6df9a	-1.9203401633626672e-26
5eabc390fde3cf7c	1.1094017512236068e+148
058da23a889de13f	6.377053115414381e-282
a3f977222eb3442c	-2.189736567511885e-135
80ea01d7dac0b65f	-2.9628385635071088e-304
4d6d3b1aabcfcdbd	9.619907842117265e+64
1d70d4a1fb7a1d33	7.135459131671736e-167
a3580afde2f8843e	-2.0189683585438902e-138
bd989d2169a1addf	-5.59652814585448e-12
df56199290eea3a0	-1.808539527687394e+151
d7cabc4d8828d1ec	-8.229957997299993e+114
d0b60426166b4bdf	-6.52621442440928e+80
9d021eb70446aa7d	-6.001642992685286e-169
f0253dd9a458f4d6	-1.6488985864883736e+232
e28f5f5725d2c745	-5.7811693133132694e+166
da7162d83369206d	-4.707611753064108e+127
fbf5f03ffbb46a06	-1.336233378364581e+289
a866befc88992520	-4.618250297887358e-114
2b9314fe6892ff78	8.724197344784787e-99
d8c17c061f793366	-3.527286442845221e+119
1ba8126c25564d5e	1.9009208661356416e-175
73429f2034776113	1.627507898448483e+247
d2f8ca19bcca7744	-5.049701212204688e+91
b67344f5035cfbe3	-2.109541377070211e-46
183a6b93fc4c07d7	5.790810016905896e-192
ea6de80cbae434fa	-4.6882617789842996e+204
b3163227df0ff94e	-1.3488823710377444e-62
24e302fdd32c94c3	5.356887398346505e-131
772e573904ec127d	1.2229029211664445e+266
52ddd4ace14c3188	1.5191584327828044e+91
88dd44f628310e37	-5.6733213078454665e-266
370ab34c4d037c5d	1.496608228258739e-43
73916e39949a4352	4.874924883032748e+248
42fdc86a85ee47d2	523945885230205.1
ef900a5835b4db95	-2.4319359731151455e+229
7603b23608eb3094	3.028358759148215e+260
b1c97ae84c1281e2	-7.383669521605438e-69
99f73155846879db	-1.3645648266594686e-183
e138d23294a31e2d	-2.1810140341392186e+160
1bbe765e7bce4064	4.811121805609387e-175
cb91a925281bb99f	-1.0825991830694356e+56
ba26b76bf5b7c0ce	-1.433612137745913e-28
b86ec53979f37efd	-7.234088218736564e-37
d3b6688bca47fcd8	-1.8696881111326016e+95
8e4020f6c18a1ef9	-4.837651555891654e-240
c8fa85b391d99b35	-3.6966650850145934e+43
f552272a8750c1d1	-1.3628389807258086e+257
723f62e452161775	2.0928427736737867e+242
8fe71e29e8630f38	-4.65329258406468e-232
b90d34baecd51597	-7.0310832678670635e-34
829d8624797afe08	-4.5143932152208324e-296
f1c647f51e279649	-1.1607077294009387e+240
7136c7fe90e3305a	2.3178948652974636e+237
2be96eeec0a11374	3.7209569489537486e-97
bb33a07328895a4d	-1.6234873024024213e-23
7bdf8e0dc9d30b42	4.804881071468778e+288
bfd8fcffa8aed75c	-0.3904418132109322
3ae8a1bef531acf1	6.367176245168043e-25
d5527866d1805c69	-1.034219990155186e+103
9baf3c8ffbe2b090	-2.4666975577583032e-175
13ec2b6846ad6528	1.0459553263272206e-212
ab0a15acde43cf13	-2.3292537331173358e-101
539e64a37e432fe6	6.3397763357843955e+94
6c43a51904f1a449	3.306717191356025e+213
3f6b12d5fb0215ed	0.0033048800760890813
8e42cf7222307024	-5.641959980480996e-240
aaa821fe7c616015	-3.3671232905491153e-103
5c1eeca4b0cfa041	5.619260677281459e+135
dc33e662bf0135bd	-1.4464050089386833e+136
af6df5a62afe940a	-3.1583968320019862e-80
f78aae95e953a899	-6.8827839135391985e+267
14581199db0c6f2c	1.143922626312467e-210
8bd14f58e579d6e5	-9.444075536716015e-252
2b063fd773699c89	1.986778301096767e-101
5feb0255cb960d25	1.1316659849842453e+154
4c67afbc8b9e1df4	1.1894590919046868e+60
4c3785642ff03e09	1.4764408645788893e+59
2e104831c5d90cfa	8.184822405874382e-87
6c81e5f957e35126	4.8203611846462825e+214
853677653084a388	-1.5108360672642815e-283
3a4bcfb2340863ec	7.020562394297859e-28
36ca0516bb773a62	9.115403811883577e-45
db51db9fe46b3a4e	-7.922253077183538e+131
e775c03fb133ff46	-2.4227909549185595e+190
15b05d4bdd3f7aa7	3.2621510449847506e-204
7f1bf1d225179902	1.9163451613904987e+304
10c1f139f23e0f0a	5.917130853875132e-228
48358a45d6d7899b	7.329725794753562e+39
db7bb7491fcaf180	-4.9182208672384794e+132
7ea0fedd4e16a260	9.105446740800193e+301
d10706ed0a8d7e00	-2.184274530415583e+82
0ce8b866676ac714	1.7677771561466123e-246
ce8342d07dfb263c	-1.6616811731414823e+70
3ea9fee22fc27558	7.747304091758221e-7
4c41f86c1ac4788a	2.256040523350553e+59
2f7b3e605e545d5b	5.7441606995531655e-80
6a15a3241058cf9c	1.0599845619197454e+203
3cc222696968fbee	5.033312920838745e-16
b4b51c64f00b68f8	-8.609696824447829e-55
3f90e83270419659	0.01651076135785554
13d8749cb434bd19	4.540251506866787e-213
51661692e537f648	1.340938066366244e+84
64218d57e4e3b5d2	2.1705867408791616e+174
d96e233ebc345afa	-6.225840816786951e+122
da0b28af5ccc7320	-5.745142406012815e+125
87ab54f44b81efae	-1.0104690007441388e-271
b8f686146eb273ce	-2.7111976991475826e-34
39bfd6cbafbc3878	1.5697861413411008e-30
3ed6a801910940aa	0.000005401676631836138
9a97d8a451ee64c5	-1.436689230890058e-180
33a7c5bea91c66f6	7.396813021090046e-60
9d9436f77211b112	-3.4280724089026715e-166
c249b26b7491a549	-220735138083.2913
472c0ff51c8b5f1c	7.285398395845802e+34
9a7471a89c6e0a88	-3.079271952222907e-181
fadba6f74ea53f55	-6.424891480498328e+283
c0b295b2d2970ab0	-4757.698525848493
4be37950bde40db4	3.819986808242608e+57
b600e03deae5b2fe	-1.4433737496456673e-48
cbf1c8c3afd3e757	-6.977091144169977e+57
b414b7ab7ed91dbb	-8.251204710795557e-58
f0a4328ca844b736	-4.013685778364448e+234
eaef6487c98f70b8	-1.2598407918969192e+207
d4940df4f07e4b41	-2.741516289080719e+99
1bd88e8a4b30ba4e	1.5513659529623347e-174
d353da32aaac0938	-2.588154998817109e+93
5ae8835d1ae3c59c	8.495854847246122e+129
285ee234771b1f38	3.135232546521942e-114
8b7ebd86c5042fc1	-2.6205490520971363e-253
5f79d85fea3346a6	8.46014792752647e+151
de1f3d750f81b40d	-2.4380908820473297e+145
1901192d7eb023df	3.0700604917110826e-188
23b429fa77ec6d5f	1.0836728534375411e-136
b2b9fffc258112bf	-2.4688420305291432e-64
fd08dbd42837354d	-1.9845602999308828e+294
1d40b2426a160f06	8.848167535264173e-168
d525c55ddc4420da	-1.5237937784663043e+102
53b6d255b67ae3cb	1.904167392851246e+95
aa7d2f8afe0161cc	-5.090164763878544e-104
952992d0490bec49	-9.95687371906136e-207
a4d817086111c694	-3.393893321871996e-131
61ae24d503ae1faf	3.390367414863253e+162
cb286fc21cd9d9ea	-1.1702785189264284e+54
db75c9182889fe53	-3.8658601342510594e+132
ff312bb292a7d4b1	-4.710027759719789e+304
6e09d589c3a32575	1.1672952517419078e+222
46b7089353025361	4.671748408323721e+32
34a18516846ba5f7	3.572578673364616e-55
ea728e3dcd1b0f07	-5.817719592380708e+204
338c963a883b557f	2.2237035469368678e-60
b00c4295338129fa	-3.0507361638023258e-77
c172360571e86e5c	-19095639.119245872
f859d9edafe713bf	-5.462836586985993e+271
ff8a7b97afe0be8b	-2.3246053588355565e+306
be01d0f307e1ad7c	-5.185199073608784e-10
7b88bf3be192c88c	1.177574993051519e+287
a8e18d6db0c058ab	-9.123248102372589e-112
c179cd61e267b06b	-27055646.15031473
9931919ecb4287ff	-2.523629106616199e-187
ec186e01dadfe34d	-5.1401450067632724e+212
f07c52d63ef35765	-7.035659667839332e+233
d7e4702a65c2879a	-2.5165749754877417e+115
930a7d4248e83173	-6.003209460121206e-217
9608b41091d47ef5	-1.5758296499832393e-202
df50eff0977f5a47	-1.3860570953043807e+151
fac70fdc7cacca02	-2.6791813796339423e+283
5873e674b313f16a	1.2545736329058973e+118
6ae42955161128f2	8.091124799419206e+206
52e15fd55a63a858	1.7696087253696202e+91
c27f426c6c6839d5	-2148134209155.6145
010723fc4a62f940	1.0545044237269592e-303
bc148f45927b0edb	-2.786352872791914e-19
87a2f66bf490a15c	-7.010539801476933e-272
f7d17121e75286bb	-1.4397613810476355e+269
47321259aa5f2c45	9.383353086046508e+34
b522de6e33024a39	-9.850009219083618e-53
32efb47b48767f2b	2.4084562702300298e-63
75f8c0a2d07a7cd4	1.902896054407159e+260
63f6d7a499436f85	3.531005570952333e+173
62c50e5ca2d314bb	6.20819797179075e+167
c8c687b91e04df81	-3.925308946160031e+42
3b63121b7d2b8feb	1.2619951787683447e-22
960bd9804a4e4cbd	-1.7765281926207343e-202
f8ec077178417570	-3.032597938242942e+274
8b049ee703d623eb	-1.373337747964056e-255
32cf27fe10211026	5.916920038517502e-64
769cefb486295a21	2.2779277821003166e+263
00c8be77f7cceb74	7.047330272382911e-305
3ee99a85ba9eb779	0.000012208749314481425
e24589613e599a75	-2.4804220696073844e+165
aff0a33ec970e055	-8.980361326561336e-78
7a3f77e80c858ca9	7.1402007883666054e+280
1f0eb601f010ae26	4.3688365283246534e-159
5f57854c503404d3	1.924810609762392e+151
c56f9c04eb0fe913	-3.0570784243496364e+26
d39dc2a512e3bf61	-6.207781435280504e+94
c4fa11265d0cdb69	-1.9695662013399458e+24
0a5293795f8e7387	6.040843635230664e-259
ae25b4780dfdbd8d	-2.1821780383032296e-86
f3c455cb56dc27d5	-4.549812091335493e+249
96fb3606f74a4d7b	-5.687849062005901e-198
624b332981ec36fe	3.1326666199498122e+165
e14d598705ce0b99	-5.15788455367532e+160
531471277b2f085f	1.665644284803254e+92
deb00ced3a95ac1b	-1.2827035891600775e+148
6dc7f990cc43adaa	6.770535536877663e+220
87209b711d90db96	-2.398337165710965e-274
daa10407be12bbf7	-3.685862135105558e+128
c4e9c7617cb6b503	-9.738967106625334e+23
e8c681082414321b	-5.256873097221266e+196
e8b76530863d8038	-2.7325321662000582e+196
f169ff851dbe21e9	-2.1161605510179917e+238
e9eec8282d91dbfd	-1.8849594406681512e+202
cb2061ca24310a86	-7.845414897360758e+53
a958cef6a04c8015	-1.650521669443397e-109
39893e72d6a95b71	1.5557779062055884e-31
4527b7d2c86869bc	1.4336687587332778e+25
6eaee973c39ac6d3	1.4302527669813e+225
f35d85133c07596c	-5.1600062534287086e+247
327cedd95734dd7a	1.71686378833311e-65
5fe49dd7479d64f8	8.638217475763377e+153
8b403e591de05b9c	-1.730910252580529e-254
c4e9ca7549458066	-9.743508458977917e+23
d06ea4829b22395d	-2.8385381960791406e+79
5d371c7969b40785	1.1008825881905327e+141
c1deb7c7f3edd6d4	-2061443023.716237
6fd93baf5d3300d9	6.121080235401875e+230
982ff7edbc9ef404	-3.503439716257742e-192
21d6e46b5624a206	1.1458053103084438e-145
8ee465b4480e773d	-6.264778550864454e-237
5bdb1d6936b20b12	3.0793983821968593e+134
8dde6fba4508fa6e	-7.1320978273286245e-242
12e7fecc4aff0233	1.359500632160467e-217
fd9fda8fdf0904e8	-1.3020162832166115e+297
0d1b1f62b01a6b39	1.5516539084064332e-245
52db85676c99ffdc	1.4015372478125024e+91
3f289bcda6749145	0.00018774876955619295
bfd9460b7415dd67	-0.39490019165483264
38920ddb5c0378af	3.3956041526531356e-36
51c6a5a42b3e84bd	8.799138572164141e+85
8e827449c16dbdcc	-8.856249778873471e-239
ac54d266f519242a	-3.8992527867097e-95
e21d9064523635ec	-4.2561928286218625e+164
05f40a89100873bb	5.520351917070147e-280
d19c8c044399ad4a	-1.386431310785894e+85
b02a1c1286ac9d06	-1.127437023435314e-76
b486a7806ea460db	-1.1548924035216489e-55
b55141043340783c	-7.205594224021749e-52
b4bb25ffd091125d	-1.1071987629330563e-54
a983ad30589da762	-1.0472728437049832e-108
6243ba1ab51ee3da	2.271998401694252e+165
45d77a68f9dfcb85	2.9064559645454173e+28
15421192b97f3f6a	2.8139641892363717e-206
8cd854434c5e9a0b	-8.69902409922723e-247
7ce90504d57ccf20	4.993513620760474e+293
df85c4ec84169b60	-1.4251841188834154e+152
b82cab7d8520a65c	-4.212660840036069e-38
ac86bb8905036832	-3.405647561806235e-94
68a69a30c7f83fc0	1.3199575396266902e+196
c00ba7c02a8c4a99	-3.456909496694902
d83855b6835162d1	-9.588405777850938e+116
4e69bfd44bf360bd	5.553605185416476e+69
db7ebaaf8940cbfa	-5.4529302501188386e+132
97c7bf4565cac512	-4.066346190828231e-194
907bef665f7c6c0d	-2.8789519144601746e-229
8d490b13294c9dc6	-1.1461578040817134e-244
e474173cb4e72ad5	-7.950493159750852e+175
6609e36b16f16579	3.437571936934907e+183
71955296a33811d5	1.3884714668739007e+239
815ecbd45ca89f06	-4.4907783710316773e-302
a6476ce230ba28ef	-2.768454882303194e-124
c159b5bc0a27872b	-6739696.158662598
a291d30a86eb3132	-3.654234996548966e-142
f96d2bd4dee73e3f	-8.079799408132319e+276
1d38974ff5ff6447	6.515980046648121e-168
3786977c4845dcc8	3.241755727392692e-41
884801e686e43e5c	-9.088651271873116e-269
24d867ab2d8f641d	3.438269566606823e-131
e09837fb2a83bdc8	-2.0782038998082306e+157
fa68f9f54f93409e	-4.5337314715941946e+281
d792f89e98aee71e	-7.299825756555427e+113
cdeda2384cf9434d	-2.4966318917294288e+67
f68af1a5bf7ebaba	-1.0605405047665441e+263
6d101b6ea1c06650	2.2210369043910546e+217
0c4c2a75a95b1074	1.9669647939660172e-249
a1eb4e1ecd35ab4a	-2.7333597116145813e-145
73c63be423e6d699	4.9746558963840275e+249
df84ca639fd9a9e7	-1.3611139594487446e+152
f6468e35d7878355	-5.5487975872267426e+261
da4b24c364b06eea	-9.187042851048114e+126
44ce51dc50474266	2.8636211204619363e+23
b9701203dd35dcfb	-4.952065538431316e-32
b3fb7a6e4a6c5295	-2.7359606552032306e-58
c7ecc3caad202c00	-3.058799402604856e+38
bcaf72500e4e3f62	-2.182041634588604e-16
fde16dd3db37da3e	-2.2797043983188674e+298
2e714ac6e218a312	5.563254141577064e-85
39299dcf589f6867	2.4667739345019076e-33
07e9876ed78fc16c	1.5101090372345714e-270
dbe8811db2a3dbf8	-5.565849164972253e+134
f24b5dd6a7cbf4ee	-3.649611892050998e+242
f39d50e569ba5885	-8.199005111744908e+248
77f7d3d03c3f37d6	7.867426929594047e+269
8276cc3425fc584c	-8.714746540307096e-297
704469f652203e2b	6.338594414571851e+232
e94beff9022431c3	-1.6706790754342777e+199
079e6a6d90a64f84	5.6224064051150576e-272
738a86cf493d9ba6	3.70943731023713e+248
b36df6c2bb03b318	-5.827058205327655e-61
617a60a88081b5ff	3.7084505828438865e+161
71ffd2e0ffd17111	1.32625747342029e+241
ef9404e88e2f5eec	-3.035168854816089e+229
dbaf6eb5f94364a9	-4.462174253748267e+133
2f17c6022d2a50c9	7.832019813081645e-82
815b29506a5a3668	-3.960739196070561e-302
be732443859e0efe	-7.130822279708765e-8
cc7c771e116d5c71	-2.8588736008009822e+60
e6870100d2474833	-7.819683359760884e+185
536787f3d0af71df	6.135503882354896e+93
ec055c35b7f82174	-2.24715053813735e+212
c909eb7f78a858cc	-7.225417417491182e+43
058dc394021cb00b	6.4050870183341105e-282
17aedaa553b987d8	1.3208256323400523e-194
0b14795903dc7386	2.7271353470449763e-255
38325f5008d4b13c	5.399138117477621e-38
409cb6e51e4fc565	1837.7237484420996
3a81d4940279c73d	7.20163452287928e-27
69513432b53d28f9	2.0576145611835434e+199
14621de8ac39f6e7	1.722087783817946e-210
ce4ead3566e818e1	-1.6540787895462845e+69
db75497b39181a96	-3.7774029399805225e+132
731231d3902123a7	1.9877410419847844e+246
3ee6a82d978cc65c	0.00001080367359093946
e7af7e1f05ffdf09	-2.8063163116441783e+191
3dce80c65710f38d	5.54846818518586e-11
654f909d7cd31d53	1.0232738806190403e+180
f0572f0fa36e7f54	-1.4397327683254403e+233
fc1debd66d8667c5	-7.289797145830058e+289
8eac783a34cc250f	-5.4650656814620065e-238
bdde3a192939cdb7	-1.0996499050443323e-10
016b9bf030a1fdba	8.052062523386644e-302
edc1fc119a351330	-5.07888845430567e+220
3232ec39990a8783	7.01883950534487e-67
f6aaecbecc925d20	-4.23914712302463e+263
61f5c9dbc116723c	7.841970052314425e+163
e56f4714bc35fb92	-4.055848053931037e+180
6bb0fc11f26e2708	5.583847574240134e+210
e768b5afca788561	-1.3761792115127839e+190
804dc96b15760ebb	-3.313890412325126e-307
4081998b05a8ca33	563.1928818880755
813a2cc450fb1c35	-9.54220875112269e-303
5cc914ebb4dd33e1	9.333947662236648e+138
46824c91ed1d0839	4.639373439946973e+31
cf5bc8b47fef61d2	-1.9636034512764683e+74
e9786f38777cb397	-1.1689604061382475e+200
c0ca411095e8a9e4	-13442.129574854807
9a59584e9b48dc26	-9.543640177882884e-182
9947d4401a335147	-6.845739959063552e-187
736aa00aca15845f	9.308050924550453e+247
29557b1040d0396b	1.4291254573794459e-109
b852283557ca257f	-2.1343526098969366e-37
7fdc556d5b407575	7.958640279711746e+307
e8310fc2f0ec4fe6	-7.784239228166628e+193
5b06deae9ab88627	3.170527243003668e+130
c5f84039721fde06	-1.2008452429251593e+29
b23407c96b6aeb4f	-7.429694656480417e-67
f661198e7f46d7e6	-1.6826664993629967e+262
12f2e25b998d05e7	2.1398432702691586e-217
1f0ed69f7e77da51	4.38696059984341e-159
228aa12fa3403578	2.7297146034029986e-142
1803966f33062208	5.366544988880105e-193
1fac6ccbd49dfff1	4.1406879873879275e-156
071ea240b98fb68b	2.211998547723286e-274
a480d5a478b55d7e	-7.411620905038893e-133
b0446a939fd49718	-3.5263747641317586e-76
abc5a1e3e0c00dff	-7.912173267075228e-98
ce8c35404ca63b12	-2.4335568300233832e+70
f343e0f064e94c9e	-1.7373756910248777e+247
e22fee43e317b7b0	-9.193828599035361e+164
a9d6154004ba3f1f	-3.76114246448119e-107
286628d342fbf3cd	4.499156410789803e-114
accbfc0cba08a089	-6.707952429645969e-93
6d2327253137fb06	5.282039916495279e+217
04bcd98d6e2bff2b	7.578567969897779e-286
281c6e4c1f622866	1.8038960311346074e-115
17b66f71915c69fd	1.9208577623299513e-194
901b3e4c0d8a7105	-4.3869614322320177e-231
36f4ead0de795fe7	5.862261945285266e-44
453d6185c8bb1563	3.551938619880255e+25
e8f32d6826931327	-3.5838203470179683e+197
da0dfadccf9f4697	-6.341892117170554e+125
cefb13113fb5cefd	-2.9897793098853008e+72
4b2f94c88f6fca73	1.512438301834509e+54
b213bd0373c4449a	-1.8303387401215372e-67
91b85f11d11c75bc	-2.6336805164391885e-223
aad09749bf0481f5	-1.8518816803880617e-102
c87cfb68b52bcce0	-1.5779337878700694e+41
5a42fddbbaca7bc7	6.427920922313766e+126
43eec2deed1caf84	17732632612716683000
656e6db2b3d7421e	3.945736494502719e+180
2901555476d144a1	3.603739294608e-111
96ec3be3239a364b	-2.9508305479640096e-198
cf3ff8a2355fb657	-5.648826523441925e+73
b133c43dff341c07	-1.1187482715109378e-71
ea2c89fd19719af4	-2.796186403189198e+203
6fcef3838667a0dc	3.754088892182838e+230
3dff25a2f02a29e7	4.532487581128934e-10
17c4feec8b3e66e0	3.595217490457958e-194
bbaae7310eda2677	-2.848475696826152e-21
08888cdd3b772ad4	1.4870644636219827e-267
1b957d8230899590	8.485244640130189e-176
4549052dd87e6cbb	6.049520605257821e+25
a8c9cfafb6b08111	-3.3539847430279936e-112
74ccb9589f1eddcb	4.211835493413233e+254
d0546c98e52f0d1b	-9.459846859662296e+78
950184fd1650b072	-1.705274808748805e-207
0b80fbfd8b1561c2	2.8957580133645854e-253
c28b78d41fa46d9c	-3775721108621.701
d0e33677739c2141	-4.556156194904671e+81
013b29fbe48b04d9	9.902801864360496e-303
061cbcf1a1d85230	3.166368891754915e-279
d85ef81fecfe6d91	-4.881000296074796e+117
08c7fbd700116129	2.3244003043481058e-266
aabeb153ee090c39	-8.564783728340278e-103
3e47343ec0d3939e	1.0805242945568261e-8
e6a1530e54de58ae	-2.3556267325703495e+186
66b13e2b6ffbacb1	4.689066444895072e+186
57ddb167dfd5127f	1.8280678517073562e+115
cec35af216344fbc	-2.671701409959688e+71
67b38bfdcf4833fb	3.4836446861115414e+191
efd1db60430b96fe	-4.331752918983906e+230
0b5d8c94e3256f93	6.2975063555242575e-254
943237f88b668d5e	-2.164705981413853e-211
03616738df486f9b	2.1799353720521006e-292
85d7be0630ffa6ad	-1.6349576526017494e-280
4166f3b87d263a30	12033475.910916418
f66c8700b71a3c86	-2.8071637184603516e+262
e1da1ca3eb8b9d04	-2.3495016027505487e+163
9d417331d7c65ee2	-9.247563874552676e-168
9f580d0f41cdec13	-1.0948526473769204e-157
75b1b4b427c5b1c7	8.50733738676176e+258
ae5e3e195a387037	-2.432428017287795e-85
d3e9ff286d9dacee	-1.7352699029166479e+96
d8001d2eaf13af7c	-7.936545940871853e+115
85740242a2b45b5c	-2.1529094028667803e-282
122639d3769a58fd	3.0743422816053717e-221
8d3921df89503e9e	-5.751168204863313e-245
5ef4823f18d3a9a6	2.6223918903310327e+149
d10cb5f5b1f4f3ac	-2.72341502360149e+82
dfade9ec309b4c24	-7.833553740446959e+152
7ae3f5cb8f086b26	9.275331773412304e+283
cff1a810a4897849	-1.2778021754637385e+77
fb83aca94ccfbfe2	-9.362000696824337e+286
dd47ed1b3c773049	-2.2794058320315524e+141
95b1d3b6572fcef5	-3.553703896446766e-204
70d6082d8bade844	3.50259130123469e+235
e20b11d68603a80e	-1.9485464808093313e+164
9340206f7efcf2e9	-5.847613491716324e-216
f495f5990ef8e1ca	-4.024910042211054e+253
4af4bdea747bfa8e	1.241672111058664e+53
6e6ddc7b69b807ca	8.635249642543055e+223
416f1e2af7ebe09f	16314711.747543631
f4f0e903d3cf408b	-1.9836518917593425e+255
401991e436803636	6.392472125602174
389b2cb5fcb9e453	5.110983967883056e-36
c64f6d0a5629275d	-4.9796388003071754e+30
2a9579bc31f5d6cd	1.498184667249221e-103
eeaa583b1000374d	-1.2189313071352422e+225
cbda1b199f9697e5	-2.5604552722975847e+57
e0283b500f0b56d1	-1.6244692501421405e+155
dff9c31914c88a54	-2.1588331764213427e+154
b5c31a35063fff97	-1.0211228932081386e-49
c0610d51d8a0eb34	-136.41624099187322
7d073337f7524e67	1.8521456131404248e+294
6d40d4288f78168a	1.856429987873467e+218
388b1b9e24e63a22	2.5492129570702113e-36
97e37593d37c4e5b	-1.3328452170940313e-193
0c576300e6d5707b	3.266428432503905e-249
539cb6d66d849ad5	5.989568265973976e+94
2516f2fa9270249e	5.173068391069891e-130
4a96520f9a29bee4	2.0877773571304157e+51
13586bdeda573d2f	1.7710593815834096e-215
83aab916458a7912	-5.3557383244855704e-291
5fafb4868edb2339	8.302674601390591e+152
bd32ba87a627d976	-6.653746830015679e-14
fc2fc9b2a628ecfe	-1.5489144698762383e+290
cd5955851ad94851	-4.1687314919520124e+64
49bd46b8cc2cf7ad	1.6713788265577482e+47
09f6a6e17877e6f4	1.1509805264163154e-260
118db0a054a58eec	4.0105381631056034e-224
4a77f65023082dce	5.6033178399299945e+50
f08e2c56959a2c54	-1.4990218547483051e+234
d2084fdca587e685	-1.511362863024252e+87
73ba2feefeb96d6d	2.9295854112210027e+249
b18038076690eba7	-2.937456353434592e-70
0762fcf5477261eb	4.387487131070558e-273
62af8dccf1decca7	2.3258450172392206e+167
210d28c206b073c8	1.7815906560891955e-149
11e7822cd5ec2d5d	2.0323479790851882e-222
58b30abe057e1fcc	1.9207462518004315e+119
16786d6f61659025	1.99453460977463e-200
bf4a6b35b7baf643	-0.0008062374394836664
c72ebdba03a74b36	-7.980850937003173e+34
b2fe3496f9f51aa0	-4.589083114749387e-63
0e87c9f0008ff7ac	1.1416324848053271e-238
313b1ab11fcf6367	1.5340470458372179e-71
87dcac76581ecebf	-8.480615185863915e-271
b8e4a53ba439b05a	-1.2425523008914317e-34
d4659123ae798263	-3.685338169179687e+98
5880025941aac9bc	2.01853949034241e+118
0b35fbb23c3fd3f3	1.1712628240138322e-254
0e7bcab3929fb585	6.668684440912936e-239
e1cbd5d2f54ad52a	-1.2522839117251355e+163
5217997d863555c1	2.9341538312595647e+87
bd21136776fa24e1	-3.0332709671765775e-14
7ea5a79280a7d599	1.1601533999795553e+302
388ddaf3f9ac985a	2.8075775339292407e-36
3e5a4c298c35af06	2.44914637575867e-8
037b0e6c346159d7	6.778182212792883e-292
f42d793a3a48835f	-4.220450078829162e+251
6e4dbf8eee3e7950	2.1506443006987599e+223
0399529a108ac99f	2.5375440328096478e-291
7e98a5232da2f79d	6.601850629111652e+301
197ca89501a79ae2	6.586527392236103e-186
ad8fd07fa7836c5f	-3.1236019609269763e-89
8b15c23b5905c9d2	-2.8982576490847596e-255
e7c0c06d066eeeeb	-5.970974248628112e+191
adcf8572f15c9382	-4.951709916475423e-88
06b0a09446e71165	1.875965049974931e-276
3db78300772b588b	2.1383790092881987e-11
9b7ce456f932d20d	-2.851933770943657e-176
cd175534d1891b6c	-2.3996431213616326e+63
ae78a1def224a31f	-7.924764042588843e-85
aea977bc8b8845f3	-6.554827953707391e-84
e5fae968a2211563	-1.7867317975118746e+183
912b918580734108	-5.818693871326204e-226
e214910176a5aa7b	-2.96085085587969e+164
bebfda4efb312e15	-0.0000018985729013540343
008fccecdb543cc5	5.660674967142857e-306
c55ae6c3a9db8a42	-1.3008729982265271e+26
cae7676be74899ae	-7.00517786324675e+52
7bd951906c8455c5	3.85527819724526e+288
21ac5dbbe9767e76	1.774730828296198e-146
f1ad086a44ac677a	-3.7810860616398975e+239
c02b283b00af4f0d	-13.578575154685973
c09deeead552990a	-1915.7293293863208
4800dc5322d82756	7.171724621467924e+38
e06c7daf94ece223	-3.0560105998420655e+156
1db8489781fefa82	1.6472320409034432e-165
8b7c2f75dcc38fbc	-2.402745329905829e-253
0bbf7de6647a3307	4.2953749712452493e-252
6142834a1450a03f	3.253426259489261e+160
0abf4294bf5bcfa2	6.505996531433572e-257
13527255fe0767f9	1.3377655993128278e-215
4df19e25b89526df	2.9685872059699347e+67
9597d7f88274e9cc	-1.18827082709896e-204
f6e1ab2ab315d7e8	-4.45091031730004e+264
34f2b09c3ec13c6c	1.219571842996219e-53
30daa98ad890b49f	2.357861374462151e-73
0e65405e6bb4be49	2.549657438191614e-239
73c1ee978c761a5e	4.012131434484423e+249
a88245c0e77c8e7d	-1.4839832992540833e-113
a0d1b1a44a4a2016	-1.3513444650271024e-150
c7540172a8363b2f	-4.1550121459947984e+35
852e7c461e75bbb5	-1.0250537420584109e-283
896aa9b457d4b4da	-2.6460699327446465e-263
e8bd1bdd331559fe	-3.399868726763207e+196
9d70688b9c4957db	-6.956457299802274e-167
60fffcc273999d51	1.7566930493612102e+159
4640344859eb91ac	2.5676625760681004e+30
501e8c23b2cf312e	8.842873874162871e+77
c9b1b03b096353e0	-1.0098291707838701e+47
00f32f8fc55d5cce	4.371434932956972e-304
b651de2c3f170426	-4.890275095360631e-47
2de6d60f13cefe1c	1.434942476206119e-87
4dae1b5a56669b38	1.585310536294633e+66
253aeeb865578b0e	2.4283906964059938e-129
12f623b5069df655	2.508710657546902e-217
b2b645be3a36af7e	-2.1148940486282816e-64
14fa0ad2e1ac6042	1.2674242416511527e-207
d926c490372c4d0a	-2.939610738081212e+121
6f271bcc07856183	2.7371590903350787e+227
dd1fdf79f8ed6c21	-3.7955990125874014e+140
f845b43596a559d4	-2.293214845971742e+271
8e67247b37e650ef	-2.7765393006733216e-239
42820c526201f716	2480516382782.8857
c08035870026657f	-518.690918254826
5db5845b4aecca44	2.623856242092709e+143
a72051560c523db3	-3.1595933799312486e-120
376b70617588e692	9.843253887306009e-42
4208d5df4ed02946	13333424602.020153
34e15bfaec5c9295	5.663735088490762e-54
bfcfbfd24e8ea2c8	-0.2480414279537142
c02a1bc3e915772a	-13.054229053373621
b9f28e92ec37eac2	-1.4638836095354253e-29
3c9becd5612ce6f5	9.688476033309169e-17
43b5398c741db20e	1529407978811297300
89de7720a070c31d	-3.8699898357207973e-261
ba74dd94190fe397	-4.213762456669907e-27
4ad354092a1ee020	2.892624968700471e+52
3549fe8d599323e1	5.4278723580269895e-52
800cbfd6e938f18d	-1.7730185403662175e-308
162c6b29f269d72d	7.251297644581283e-202
d90e7e0bcf2db8ec	-9.842364095531472e+120
7e309a74c2bbb5ab	6.949463335804624e+299
35df7a2c89c87b41	3.365250474154367e-49
52a31a310d417aa3	1.2160029587058556e+90
60b47e8903c00e5b	7.034453643993711e+157
4366849eed54a1e4	50706140872642340
546bb75072b56410	4.7360935170171675e+98
18d66a6b66f77466	5.031008638430562e-189
8705fb3b3432664a	-7.936129868476383e-275
67985cd7ec53d016	1.0854807999118436e+191
5c7a3cfe675bd08c	3.051356986864784e+137
b4019b096b7fef99	-3.505919855364074e-58
471c1f3f5b883502	3.6504521609681725e+34
f82329563c3d5d92	-5.061450458525209e+270
66659cf56a919708	1.8367278472550426e+185
5667dd3015f0f1d0	1.751426730490997e+108
7294729564133236	8.726069679170129e+243
48eb909c65f9b1e0	1.9209922160383037e+43
2b769842f7aa2bdd	2.5825539324358918e-99
e8eb841595446c01	-2.5710573091860014e+197
004c4c03b0417445	3.1481381035803587e-307
47faff011b40b28c	5.741437764948332e+38
af37b4846d4412b7	-3.123804224461915e-81
0d4222fe6aa50870	8.300641812020836e-245
bec6d905d92f3536	-0.0000027236635075980024
ceb4b4b25c79ccc3	-1.4290650096614503e+71
d9d25853c9d656df	-4.850836237646749e+124
62bb5c792fbb6483	4.0336028074763694e+167
264f87d60010bd0c	3.7263544313211816e-124
e197ec549fb1291a	-1.3453532835159347e+162
e8d4be339d4ed6fa	-9.690991821859849e+196
b5a71372aee66a56	-3.08383173652841e-50
163feb8082bc5ac7	1.6289390685229171e-201
35737895165f4105	3.25259176271701e-51
318c597aeecbc14b	5.134485286610566e-70
4abfad7a5d06ecb2	1.1852015348562853e+52
928d73baa3bf9527	-2.6072876299097e-219
7270e8ea82de74dc	1.8040796726761274e+243
c4ff8d3e9e52a5d2	-2.3839818242896139e+24
97f894662bf6cd5c	-3.3671238265010824e-193
b9fbba32190e30ec	-2.1873004223625426e-29
3d6833c5590147ed	6.878687496668176e-13
4e673d7390e83b77	5.01240291399275e+69
6754863405ddc25d	5.71536783197638e+189
0f51ae5669f5107b	6.951049224980069e-235
b4b8a546a2169c8e	-1.0051256418553041e-54
416bededa61c2346	14643053.190934788
6ceabdfc51f12a96	4.6093842904725597e+216
e0d9c827e275dde9	-3.5397448505679266e+158
60d2f0ade62eb60e	2.600406427275376e+158
2d02a1595c1e046d	7.14513559364035e-92
0eeeaea4bc722419	9.423667065535525e-237
e6de7441229e4d2a	-3.3127095454566606e+187
8c546e57324f5d98	-2.853603346206189e-249
e67a1da61c1f6761	-4.4387526496164116e+185
ee94dc18d7eb34f3	-4.8257627503915866e+224
9fd48569e04df875	-2.391464140203717e-155
b72d8d54d666ccf7	-6.625804542522089e-43
f0fd4a6b6fb0d0d3	-1.8626291529630032e+236
c0fbcac68dc994f7	-113836.4096160716
55b240dca8900f08	6.541261235535865e+104
875a2db09f65d406	-3.0244632436069727e-273
9945d8746b226371	-6.275888448668151e-187
cec64a37f7959717	-3.076786994181838e+71
eb9de02ca49137e0	-2.4554709881354974e+210
cfc3ac16f26717f6	-1.779600038361538e+76
03a228fa91143f24	3.639584441279618e-291
c8e63fdcecaab212	-1.550561390894395e+43
e7fd43a6bebd2822	-8.344778906964418e+192
6c95da3e2d9c4b37	1.1770591133310605e+215
3ba5d00ab53ecbd8	2.3095055699380304e-21
e4fa42ba3907c96c	-2.660375799884289e+178
c56f06599122a5eb	-3.0005349460221597e+26
766b43a4dde659cb	2.6828694973985555e+262
cd396624de4f4d9a	-1.0448542590454321e+64
c87edae477683dd5	-1.679908636201379e+41
6a86123cb0f90ddc	1.3839926054946774e+205
b91a6add7c77af5d	-1.2719535704031196e-33
ba1539f3b841bba6	-6.697862996153628e-29
6992bbbce241bd0e	3.5848632820069476e+200
69e2e83ea8437bcc	1.1578024536016033e+202
2069927156d0d722	1.5258000145231753e-152
caa2963894de9b4a	-3.4770739069028306e+51
b148eab12fcd0b7e	-2.8204779747531133e-71
5af309cf4294716a	1.319674238248917e+130
5b93b1f698018320	1.39796987213496e+133
a4df35520cdfd968	-4.3967500585170525e-131
09a6f0b121a7d649	3.6425962694357207e-262
b6bde43e4d7e0543	-5.235877384245175e-45
371256a8c52a612b	2.055818377960873e-43
a8e7f02c8aa930fd	-1.2442359326075628e-111
3a6e1266fc776097	3.0364842995555146e-27
1cd49c0565db0e4f	8.532749801917375e-170
864f6486312dacc9	-2.7670837908753105e-278
122d1cf387d7a16a	4.026998921163343e-221
0ca1ca7788092080	7.951538460505177e-248
2f37a70ca11f1607	3.1168715151353457e-81
38252ae83274eed4	3.1103000925461425e-38
5a69196351edfde1	3.3980328549061035e+127
2464f3e9f9285245	2.3061830030150805e-133
9f71f5559abbb2b8	-3.270004878327653e-157
71745d0ea069ece4	3.3150425164292863e+238
235161dee23e6b0b	1.4596523267700283e-138
c4bc8824e2bc7df8	-1.3473767660835388e+23
cd6a2459b5c95589	-8.603354009301341e+64
707f7c95625fff03	7.8213761052802265e+233
2a45ea5c76ca1abb	4.777738524934171e-105
86316ed5d698ff20	-7.683072275496671e-279
e6efe85e6760902c	-6.9416495846111095e+187
d9c0795e0b91974b	-2.178059272320035e+124
166595173c23c9f4	8.811145078637891e-201
e6b0043a20d1d301	-4.355572744975285e+186
4c8e3579ce0b5d49	6.0679767957805415e+60
11e7dc98a4e19de2	2.0628833473395654e-222
7cef5fcc75c41ca7	6.261792010773504e+293
3c40766f633c6a09	1.7848826952583714e-18
21da9bd726a81267	1.331823298749901e-145
b878e2b521ec04e2	-1.1701141772536454e-36
8f729f1a4ea79b12	-2.9283159345961775e-234
05753bf0e3663455	2.2847508234630607e-282
987c52c356a341f1	-9.932681387582155e-191
ed32a95fbb3bbf33	-1.029309900112856e+218
576a92fda3933c87	1.2781690824393628e+113
44746e46fe259998	6.030099192066832e+21
efc15d734984b7c4	-2.1062140143224e+230
30f7573a981f3c72	8.256493407181221e-73
8db934facfe20c49	-1.4766713177531403e-242
430604fcf0a16330	774741737876582
4426a73388d16533	208938246741341860000
2a9db60817c3fce6	2.072715337499375e-103
63be11e991ef4428	2.905163208314553e+172
54256b3dd114441c	2.287525917586665e+97
6b6af23790ad1c81	2.768368466826967e+209
549986ffec8ccf5c	3.489668661454706e+99
d989c80ff183512b	-2.1303762518965537e+123
ef69e3f8b1c7c413	-4.9066761069842186e+228
61f59691b7dc3f42	7.769862019742962e+163
36b88c58c14067e1	4.299924501119334e-45
7a3806df2698ae6e	5.451709147709041e+280
59fb8f442a7072ed	2.9149536755549986e+125
a195df9b56b0e7a8	-6.842576963522439e-147
02fd93caa015fa88	2.8944291998556483e-294
f7da506a073e9ea1	-2.1721257123314826e+269
49b04e544f272349	9.309065482501518e+46
c2848b2e2fcd391e	-2823500986791.1396
95391049513d11f1	-1.951671672654169e-206
936a4670af215fe2	-3.810995424600082e-215
1f76ec0c9c16a397	4.173842504891156e-157
44e89305878b1061	9.283909232616104e+23
556f16e241d2aa5b	3.4816148793860067e+103
87a1c2f74010dc08	-6.566525702313427e-272
29afc9c0c26390eb	6.767622132369133e-108
bfabb254f5cb8224	-0.0540949392359418
34675c83211d3c78	2.977345515167241e-56
54dd99111806972e	6.473806558849091e+100
968579bf0fe229a6	-3.5070150095176e-200
100f556daef38fbc	2.5228131834111595e-231
3f8867fe5d8076e5	0.011917102077912254
38c3162b1acd3e28	2.871831662583443e-35
1c04752cc69633fc	1.0339263972182432e-173
1ddfc2885458b9af	8.617502372097613e-165
2ec27b395508168b	1.9026756070696447e-83
acf2f187aa8f7426	-3.6326287489503006e-92
c57952430919febb	-4.8978585807438846e+26
ef1e3e5c3260ecf6	-1.791142553125031e+227
d0395a2994fcf577	-2.935583856313271e+78
40101b9e2f1cbfcf	4.026970611695972
a445741d521cfebe	-5.903255201490727e-134
74a0533ba6268758	5.984432622731611e+253
af7a3bfee8b4707c	-5.531355973358508e-80
b1c3a701615f5790	-5.694896284264883e-69
fe0f5a86bead9509	-1.6404136784811466e+299
8d9ad2ef2f2c788c	-3.92849712802206e-243
a788bad2aa86f5db	-3.0645867041480283e-118
f3885765d5f5f137	-3.403862052122861e+248
11b7bf1e2cd58ab4	2.5661605543272532e-223
2debcad5c299512d	1.7463695004042522e-87
ff2c2b133380b0b4	-3.863364467257387e+304
97526d9f86ddfd0f	-2.465279228426289e-196
16fc379191c5ad56	5.898134878895585e-198
a9809341c6f53815	-8.822078930822739e-109
5f02b52e3d494e5d	4.784197653112417e+149
84de679c4d95b2ca	-3.19481159857723e-285
825d6aacce175828	-2.8112420074635473e-297
875b1e8175e2d444	-3.1331430632907126e-273
c2223dd13693bcbd	-39173266249.86863
6183bbdfc9f244c3	5.548815042757572e+161
ac26eab65f7253ce	-5.364462635605175e-96
b478b02bedcda3b5	-6.292883905432216e-56
6edec26864e0bd01	1.1385568006897402e+226
1b54308135cf9a43	4.982272886117835e-177
1674b900abcbccea	1.6920318509946002e-200
988a5de1b5f49b3a	-1.8493067220972203e-190
f4eac6132936f0e7	-1.5703455280916584e+255
12670532aae6b612	5.09476597684947e-220
f8bdc8007600f31e	-4.027718456622124e+273
6403e2cf131bd2a2	6.148006862452973e+173
40bb66a5a195c2d2	7014.646996841491
203e4895ccbf1c63	2.2586492826903115e-153
c95e14ba72e37a9e	-2.6833121876317243e+45
aba63c86eaef993d	-2.0332770659580538e-98
20ce8ef9d32b1851	1.1669283926648024e-150
b40d68613929d8c1	-5.85615279738959e-58
440ec2f9166436f1	70931450917939980000
87f18b2c641e5ca6	-2.0755048876972034e-270
5ed3a7036c49915a	6.28222347912099e+148
923d330bbfd56d85	-8.077874275821123e-221
5edd5257666ecb9c	9.373164161879989e+148
5cbf965260c5ac68	5.877451813452116e+138
7c501f4c888db290	6.284660057950336e+290
e52a121f4a5d94cb	-2.112913062720129e+179
e0559d892f761b1b	-1.1592591602899407e+156
6eb4af31910ca198	1.9140736890377943e+225
a2cbc3e78c5e993c	-4.553796932106848e-141
b05fe680dd77d827	-1.1019890576514245e-75
e81648de00be9358	-2.541808381466379e+193
886abc722376e380	-4.0486683151267865e-268
1fd51c63377d6baf	2.4601906681308084e-155
db1013cbf44af09f	-4.457712799673259e+130
e171f3d33e747696	-2.5239527908245806e+161
a47b3665944910fe	-5.990321993934369e-133
7c87f175d78b1401	7.46668944257052e+291
1466be04b76da537	2.1617558836874e-210
7aa3de922f425b6a	5.770734507113412e+282
e1ca06dd832f3cf5	-1.170924083309496e+163
f2847b0dc1595a1f	-4.37009474426923e+243
a9432d5251c86fe6	-6.379301161470712e-110
daa4be7ce00801e9	-4.493477955897928e+128
e69f6f9366cc4e85	-2.137186625360072e+186
0c8fb86b8bd610ea	3.5443134126209207e-248
70a5f5ef0d162e83	4.3640769640133755e+234
d00376e0653a186f	-2.817273855033718e+77
e0ca85f4beffe40e	-1.8207685285865332e+158
0dbea311e241101f	1.7947733883857495e-242
c81097fe87086ba9	-1.4116382200732616e+39
c5dcdc779410789e	-3.572843459291735e+28
fb7d56ff65f15bee	-6.980612815004406e+286
9f1b29a8bfe4c35f	-7.728153389489549e-159
d6692398b1510835	-1.8450039455088433e+108
9aabe3de3cda4676	-3.360646485752661e-180
f68333fc8f638bc2	-7.558523259177287e+262
3d6d2d2f81d8a82b	8.292461800615877e-13
0f6dcae570170e5d	2.3425089522591783e-234
aa4030d3271ad93e	-3.5296995216051616e-105
fb99c320bc49f91e	-2.4517666652038866e+287
ee256dcb3019aca5	-3.872989497756154e+222
b42cc203a1fa3295	-2.2906963391120763e-57
12b4c961f88d390d	1.4721351573545598e-218
aa3a6dbb1622b1dd	-2.8808210062431196e-105
433f0bf1ea6e20f1	8738857926140145
e072eee9085d97fe	-4.061652633761277e+156
eee35f4f2455448a	-1.434128205815957e+226
144c1fe8619bd230	6.683439395243141e-211
6066241e38537bec	2.374907440562229e+156
b2f4df1b0be2d990	-3.1709888545904547e-63
4acecef8f1216970	2.3053646238185683e+52
5defe997bb7666d9	3.1132097388929574e+144
8202dcefea755420	-5.633339222515136e-299
5edfff5887a15782	1.0228528774930923e+149
0779646a55720390	1.1734513260017131e-272
b5012b109c0f0701	-2.2405575395995013e-53
e10c37b698a24d2b	-3.099333120586957e+159
f1eff0a8f0a41df5	-6.655528121572615e+240
104a0b7875815eaa	3.3551695065860193e-230
94d2018048af15d1	-2.190770920819675e-208
e8b97bbb3e0173dc	-2.976413718571328e+196
1f2587c15463f5cf	1.225130208236412e-158
719a14e253cfe141	1.6983627123993575e+239
531540f29a64d397	1.7317822102826825e+92
02d0401c50ab6bd5	3.975659394514024e-295
87eb729ddeac6e61	-1.623604340512085e-270
3f6c9df1368f9898	0.003493281478301812
7603b096023f635e	3.027382720823513e+260
24ce5af41d850abc	2.1382882655201888e-131
26884e75c799c316	4.596147267213755e-123
0094e18b081c34f9	7.433892621655625e-306
5ee924b835bd2967	1.607505598912733e+149
82a1a4cf713be5b3	-5.395679673337435e-296
bc3dedd5316eefd6	-1.6224562014270317e-18
7e1f6a1cf8c8d5f2	3.2871984416403702e+299
acaa7de981f2a022	-1.5875358850601453e-93
6b27d1f9b20f97d5	1.5295114129809353e+208
5e57e24fe1d43b40	2.9823976165448164e+146
b13d0bde189ebc5d	-1.6439655841002397e-71
2dba0137de0628d9	2.042556657353305e-88
78bdafb7642e0b52	4.0148885977070207e+273
0dc727f0ce133eec	2.71304739302234e-242
9013ab6b4aa98354	-3.167371444524106e-231
22a4f8950b76cf8e	8.598678144072382e-142
826bbf6d454ad06e	-5.303495868106178e-297
f7a4e66d064708f9	-2.1565252152139756e+268
0c5331f527d93ca3	2.68098906063204e-249
09e6cc25dc228694	5.791887147688777e-261
12f85d6c33efe906	2.7608851968773456e-217
172682412ab6ff36	3.7639628087428214e-197
5f58f65e73f1c477	2.0427904027107996e+151
249f38c8b34d786b	2.7491600676913556e-132
9442df2b3b5cc7f8	-4.484616407593892e-211
d7d153094bb1b7f1	-1.066585255231854e+115
d4ba83961dc83fb2	-1.4498196538378397e+100
5df0270d7b24db25	3.15151236516178e+144
e8416ba563808edf	-1.5895992403598987e+194
3931a9b28cfa1991	3.401747087765404e-33
36c390d5dffb4599	6.854368576807644e-45
5e4ff99d8efd2d43	1.9963619691672565e+146
41fe45c9a1a30c2a	8126241306.19047
c4e3ab19819aa8f9	-7.430495546504085e+23
4439b5db22df7fda	474272707726821400000
69af7048736040fb	1.2032348425163355e+201
149cb5c4c6aaee16	2.1832161260869764e-209
f66417e2e795d86e	-1.9772320414537465e+262
cf9ef2622b85ebeb	-3.4994099979244097e+75
49e0d277266d6fa0	7.68299106104753e+47
f8bc67ecfc7a644c	-3.841718592668257e+273
ae843a95130741be	-1.3016138052848942e-84
9d2f78e63443be1f	-4.169657656062473e-168
338f843fa208b2db	2.4516032271970696e-60
3e2296b2f268f9c8	2.1640057690929065e-9
476063602a849a26	6.807386187967735e+35
81c0de06da0a33c6	-3.148326002385565e-300
1225021ffeb1deac	2.905923123000652e-221
69e3bfdedd166a92	1.209380855091127e+202
18c074b0dc998cfb	1.846683044953889e-189
4dd5d578182f7665	9.197496908386338e+66
2a960f9487fbbee6	1.5390188598129354e-103
f4c7d855f66289d3	-3.49642972396825e+254
4c4ff59fed75d0c1	4.012257086720671e+59
bad6b597e0e81705	-2.9351145305209877e-25
a3100621d95a8eab	-8.409917007343096e-140
997af76c35758047	-6.197652026849523e-186
2ad97dd9a929b268	2.84536916306512e-102
73fb469a7e296ace	4.882180429235828e+250
3d60edb63a11867d	4.811386648600322e-13
511a41523f31b48a	4.980965331660825e+82
3dbefb1ab96484f4	2.817694305920567e-11
16b81129873a5787	3.1441666543988645e-199
7490fd220da59fb8	3.1138600677382784e+253
740ad2b1e5c0567f	9.60227616316348e+250
0ef7fef8d4384bec	1.4740152829730994e-236
75f10c8ed87c317e	1.3106797026492825e+260
942814b7416942e8	-1.4306261347092737e-211
4fbab8320f2279ec	1.2085579418431462e+76
43e4e58335c9af09	12046031339723966000
05396cbd3d75c5aa	1.7097830178988153e-283
3dd82e0a3b3732c6	8.796575863895316e-11
709c1251a81f2c7a	2.789222555107253e+234
ff991cf25ce16cd1	-4.4087499238807974e+306
5e15f9ecc4292678	1.7151096485755132e+145
fc2c976bb6f9c16b	-1.39316511122919e+290
544826214109e287	1.0316366654623297e+98
d67eb94b2bace5e0	-4.5097600166621906e+108
55077368d62ff57d	4.1034255687307614e+101
3888669dbf204ab0	2.294644391261829e-36
78b420eb698ee95f	2.7222592332005973e+273
200f32ad0d04c180	2.908562049207498e-154
33a5e85a5b730ead	6.816575418105017e-60
6e70cc3e8911cf65	9.715159895836322e+223
af5bd47b6f4f0cb1	-1.4669472900293863e-80
55f4107d2880ab80	1.1504424005396627e+106
83e61a78558e7fac	-7.087829157045368e-290
d50de0b14a6573bc	-5.228002595288518e+101
6642b71524a1e7e5	3.9761343599798126e+184
13f432ab2182171b	1.4999258788329932e-212
0f4993cb9b2d4733	5.0276903957920455e-235
4aace41613e7af21	5.404696075696503e+51
267c7820867dbf1c	2.691644849456694e-123
025addb3647eb9e5	2.567483156385613e-297
db0a48c4d042b86d	-3.643877605133387e+130
6ea4228ab457e9f0	9.316158742010112e+224
645065c475f2e7b0	1.622242972587136e+175
099a95723dabe5e8	2.1105732663591792e-262
63ce6903732590f4	5.876069666841866e+172
e6557d4976734f57	-9.131070361835879e+184
ecadb3fb008d2cd2	-3.1998376562085536e+215
07f0f57932a4e316	2.006324074759415e-270
7608fad5431fa1fc	3.840745342509607e+260
532f37ec0f8f4da5	5.0874477697092264e+92
214849b82794ed67	2.3743421190596005e-148
fd325f1b6cfdea13	-1.1733313492217384e+295
e643bb4cb46408f9	-4.192089289515803e+184
9a1d7ac49df9eca6	-6.937830431418943e-183
adc2ee90f2024598	-2.9740308032528266e-88
ec9200c03dc08625	-9.697062517073755e+214
8d822447e85eb882	-1.3284708505099914e-243
d69203854abff674	-1.0576516278479827e+109
3a54a5cc734325fa	1.0424399737615857e-27
e871ae8469894ad4	-1.2907478806847277e+195
5aaebd1d2ca628fb	6.658463685156056e+128
de9eb8c7394ddc84	-6.137965000260299e+147
d97ea0aaa01725ff	-1.2654100079621806e+123
d1b412cb2e463c9d	-3.899599459249779e+85
d368e69738f6480a	-6.4926353083146045e+93
cf196ed1baa4c9b0	-1.123400575058401e+73
51c9d7590f7a9bc8	1.0040180126479672e+86
dc750ce9c0ea51bd	-2.4480442017963255e+137
d16b2eb3231f894d	-1.6502013603234724e+84
94fe4a96e8382c40	-1.4742184662195866e-207
5bbb09986b8a8f5c	7.676519110180519e+133
76435fecaa64f753	4.7662997076165546e+261
a55f2f94551c7782	-1.1247591875054818e-128
a66714f4dbcf6788	-1.0911453764875154e-123
d0f1fef70ac24560	-8.535201652959332e+81
0fa2eeb71cf0d62d	2.3817759854756696e-233
c09bd3d7e6ccba47	-1780.9608413685507
41083225aeda81e3	198212.71037770723
22354c90ff462123	6.822806878209889e-144
5729ced2b0848ccb	7.758202583158725e+111
02a274e5cbe0adba	5.644256090361043e-296
14a7d0b138817ac9	3.6219907043330576e-209
ecd27585ee321234	-1.5908412197223217e+216
22ec45cee0efcc64	1.8548087401925353e-140
350b5a7596ff7fb7	3.569779624030728e-53
583dc553f26d7618	1.1730297259605603e+117
c96551af094080e7	-3.803450448334402e+45
32d1e569c1e488b7	6.797362281729147e-64
4eba590eb6e8e3a3	1.818463898867103e+71
f9060b4d3599583a	-9.540241191541718e+274
cd5cf9d51ea86c26	-4.7679988994672377e+64
76b813b0ed0b1337	7.581534582928177e+263
62db24a1cfaff746	1.60057839087653e+168
19a2d3453a8006a0	3.461258271287978e-185
70d76aca2c42e5ad	3.7228078110352664e+235
6e18c716a9bdb10b	2.2391213178875174e+222
ec07066595bfa000	-2.422291274299277e+212
564d8b3f02690dea	5.420717041487883e+107
595fdc00f92e208f	3.290756222480624e+122
9ac41c10318406d3	-9.692515551840883e-180
9a99f1fc3062564f	-1.5631495965057495e-180
2fdae85a28e3b772	3.630918612598607e-78
9fb6d6f4e866fc40	-6.654143538544568e-156
ca3211578b0e1e3b	-2.640603459330441e+49
51e211bf696af2f5	2.808217551418131e+86
d1bd648fd8bbf939	-5.7100516923488734e+85
540dd4173f672950	7.964155750900174e+96
93e5cab67cd0e20f	-8.0914641836435e-213
72b77aa721995e96	4.0079119997716246e+244
4338edd38ed6f0d2	7016892331389138
495f8e34abb31d78	2.814843874671381e+45
cb9357b68ddd2784	-1.1856997263631851e+56
0c9bd152a084eb4a	6.216476355118884e-248
805b023ce382b472	-6.00964448587023e-307
14997074686a4adf	1.934495740741158e-209
0706f2a7f31dbfce	8.285075052932879e-275
d86fea3c80276da8	-1.0060115703730865e+118
dfd93741df1c10f9	-5.282644663044614e+153
fd60d1780ebbf93f	-8.593028531411147e+295
42181fd17da1fb20	25903259496.49524
1a7e9202cfe875bd	4.6045066740928246e-181
eaa91752c0255d13	-6.293422208203955e+205
1b6612d0feb3b78e	1.0894411730992986e-176
8004464f1179e709	-5.94462411729258e-309
9e82e965b66b3ef2	-1.050904125105103e-161
e717d328b3296fb1	-4.1465536774683994e+188
453f1b1e6dcd8e30	3.7604765617549653e+25
5d77e6959507dea7	1.8215829548826014e+142
b4b2300ea4c2a3b7	-7.417527065547877e-55
e633464d51ae8730	-2.0474963085147826e+184
a850351470aeafcd	-1.6453317692901593e-114
0fbcf1a6a0875522	7.282510939600907e-233
0e453653b96f4094	6.362378259908188e-240
7ec0ed6a0ede075c	3.6275708668359206e+302
0889e88686bf7b0a	1.5693247569999088e-267
521ff3452297aabe	3.9724033762263187e+87
2fc02a9e78ec0537	1.0907535263382162e-78
f119bb520800950b	-6.54523785888413e+236
4e9ef33b8fc2b3a7	5.340248250217614e+70
ef71d0fc78a9732b	-6.752980822862915e+228
8f4b31edc7aa4f96	-5.345680630666388e-235
4541dffaa96ab405	4.3218901105829455e+25
02a715f0e335da7c	7.059882101709909e-296
5734be61dfe73dbd	1.2471659015771373e+112
3240b335a0e625e6	1.238877603307514e-66
ef002eabb07243e1	-4.791893923143224e+226
f9cde326f0893fb2	-5.2980112627238134e+278
389d95adcf266799	5.5642605071188636e-36
797d8813c78e09ac	1.6359208850980005e+277
d1cad4d1e1469e59	-1.0424877059869539e+86
633944ff3f76a4ac	9.536621812008672e+169
97897afda2065456	-2.7269653543717673e-195
7918a210c608031d	2.13213435398828e+275
0b13c52805696293	2.6333796346974386e-255
0e59d7cea0a1be5e	1.5502663885979357e-239
7a2c888b8c8e3fb5	3.237122920886439e+280
246ffb29ba5c632c	3.5200221891666103e-133
f106fe30f6ddc350	-2.9242938997036665e+236
984b656b68299c18	-1.2009436371920963e-191
2efc886d41df8535	2.349997346313545e-82
9e56cca9bfba2648	-1.5836784585949573e-162
951825d1a5ebed00	-4.7008815389676815e-207
d13ba58514e1bf40	-2.0979732736930268e+83
423c7644526697fe	122243273318.59372
93bbe1f21f3f1030	-1.2941254177737017e-213
5a14bb2c635aef14	8.77084661887977e+125
e9b67948f5722ae7	-1.7202558498828704e+201
b5fcccf0a03982e1	-1.2316333558863697e-48
9cd8b0b3d31c2f54	-1.0222281454100618e-169
882601cf4be77dc0	-2.082840919843931e-269
2fbad20fca9a16b2	9.047922671989069e-79
81ce401470507ab2	-5.6463031033741194e-300
9fc6a3113f307ea3	-1.3190181582346617e-155
2c64dcf148ae468c	7.813926339222476e-95
8f8f50d3d7354139	-9.849086495249137e-234
9d5988b025b40c77	-2.706326658286761e-167
236d732a2c06c06e	4.946013148388033e-138
7564370b8320f7e9	3.03529196868879e+257
266eb9e7db16088e	1.4525147803034418e-123
5aff742d3b2b4c10	2.1802760023152601e+130
0785cdc4799f499a	2.0152350527478703e-272
8524784c4f92561a	-6.882878834162599e-284
af7382f23a9801e4	-4.113883720738323e-80
6e370a766048348a	8.328670085644127e+222
bdf1bb26d832f3ec	-2.58020903426965e-10
4fa929ab3913e045	5.690721840836514e+75
e6773bc820c952af	-3.9488660756955834e+185
590a4bc11e3e1cf8	8.487828073899126e+120
698f37286224633d	2.98673624589583e+200
2635379c9818081f	1.2537488661786e-124
ba6f36d2ca1e4988	-3.151824089043926e-27
66c64bff58867843	1.2126937222781575e+187
66442304a6be90d6	4.278165630289546e+184
e0293a042a52efb0	-1.6911687845214557e+155
833e58224f7dbbdf	-4.751174447660308e-293
f8c2dc5cca68b2f8	-5.1015949676324015e+273
5acc40838955744d	2.4479213702652618e+129
dc4433c31db3a57d	-2.9367476714293797e+136
4a9a0f9366652ec7	2.4376297319420083e+51
b4084c390c696d3e	-4.838567725014355e-58
181906f9200169da	1.3713734020716817e-192
aa7fc7a703ead2a2	-5.542604993034604e-104
6e6971dd4a0ccf74	7.358097608903869e+223
afa6f6255d2fbc14	-3.8730361360899685e-79
ff004102132f28d2	-5.573194999154415e+303
30976ac8640e81cf	1.2942988627783698e-74
32d0415465a15909	6.174091851339079e-64
9e8b976960beea1a	-1.5332285163373382e-161
0243686486b427a3	9.27364026213951e-298
4a4896e34a0f8f89	7.1874913264659e+49
c420bcb6a574b8cd	-154373071612489920000
7fcd3e9bdbd86014	4.10724648592688e+307
2c8bf4d9100f47f1	4.1882556992064323e-94
e6d26aa9db64f22a	-2.0033095282320283e+187
e11387faac7d6e8c	-4.290480684377902e+159
3431251a02dfc733	2.731344635243698e-57
bd029fcf319a1ef2	-8.270830809497019e-15
3ac89dd00723a449	1.5908011517498845e-25
06fd0e1c40e56de3	5.245013671245592e-275
467612af0055a77e	2.7980829905425192e+31
23fd99438a639409	2.5451559823482234e-135
e4bbc77816c5a312	-1.7588825069416828e+177
f651fa61eaaa630f	-8.84543077720754e+261
7fb1dd2ac6835b20	1.254448102583777e+307
1106b7b339e63d2b	1.1987132658492124e-226
3627634a938783cd	8.001310466041613e-48
1c3c547240f9ba4b	1.1454260457291713e-172
81acd3f361857d5a	-1.3452030275414235e-300
0be513ed9a840301	2.2999575543355297e-251
4661e01336141962	1.1329813039292814e+31
12387c3eaa49eec1	6.773750156952333e-221
65a1242965a0b3db	3.5563955706687725e+181
08a6acf67a384f2a	5.49405914722393e-267
087bee44c3d9c73d	8.459140914815146e-268
9cfd4ee291039a32	-4.853675880070904e-169
aaf0c910c9808fd9	-7.494341692156644e-102
d703bf64bd028d73	-1.4841008660891922e+111
793fff855f2c80a2	1.107849148738432e+276
282c40fea649cc07	3.5853359221288213e-115
66e51f8367b6bc29	4.595417217569483e+187
b64b42301fa88bf6	-3.730210916307053e-47
d41fdf3dd0f570e1	-1.7019564455316004e+97
a3c49d353c268584	-2.21572682473396e-136
7e580a2f9ca76181	4.0248188795079656e+300
6278408a274f827e	2.2345347784666917e+166
3705163e2d91073f	1.1819608533915338e-43
a3aad104c8cf95e1	-7.205991410892783e-137
7406b3d8edc1be26	8.12719426972529e+250
9aa777a4fe2a7c2d	-2.827723013846449e-180
845f1bba82256dee	-1.2768522227480356e-287
dc8ffe624b3657a3	-7.44136028635668e+137
b98c9f0267f58cb4	-1.7639133504923294e-31
1a0f9725f5832950	3.717304093534525e-183
858541849b0f3c9e	-4.5741897418897e-282
ef0498d0ffca7d3f	-6.09915171796932e+226
bdd564293b59dca1	-7.782092924734822e-11
19726427eb23755c	4.226818124858662e-186
349e44987daa695e	3.0860562701349255e-55
20b792de8f6b4ea8	4.501011207376897e-151
31798317227710da	2.3102913446221572e-70
cdea2d6c80bac0af	-2.2054446936074517e+67
cd46d3f8f002d4e4	-1.8781803197779494e+64
f95e34cbc72e2e28	-4.183238493608899e+276
5f8ec4fd6535c9d5	2.0144112901243748e+152
5deffd92e9e07b3c	3.120824022372203e+144
3676879f36278f7d	2.4664794126641537e-46
3ec1dfb9a3e95962	0.0000021307380671339624
906efd00b6158607	-1.5968015964121613e-229
dc79c8cd496355dd	-2.9985740206851563e+137
58c4621144432212	4.112046518267091e+119
202f305202877b40	1.1630816735450571e-153
500ebb576be70445	4.448124550267811e+77
e693dfb231dff100	-1.351134340277867e+186
300d491fbcf25488	3.161446598754153e-77
3a06d899c3a48a73	3.604478434645824e-29
0fb2a3c622838a43	4.689896545091404e-233
2ab3b766d7b47069	5.501858267653416e-103
6e96ea15c9566c1f	5.301089988807083e+224
9e6440d5d9a396aa	-2.813632359289168e-162
c5a6e131299973d1	-3.540455344407231e+27
fb895420f0aaa866	-1.2052511215535e+287
11616c15a0999ee4	5.883508259292671e-225
fbefbf868ff048a9	-9.66861443327211e+288
5a4050bb5ab40a90	5.52210704262298e+126
a72a8b033f1894e6	-5.1395139007321565e-120
9d0c06a4a6c98148	-9.282667236683961e-169
4af98d381088a277	1.5296003651166528e+53
9c0e4294dfc1fffa	-1.529335049267929e-173
e7e73345307de3c2	-3.30780858450281e+192
0cb95dc0c7288640	2.2674586490460432e-247
2bfd5bb091e86555	8.590338594037825e-97
3513f5743c1745ea	5.209491138865312e-53
41e7985fef680409	3166895995.2504926
12c32c5d9e5e48d9	2.7157519455944083e-218
bfed2c1b57a664ac	-0.9116341316140697
fd468f95ba33002f	-2.8817862748810123e+295
9ce72bb44ba378fc	-1.918633291766338e-169
b321bee21b4a2f1c	-2.1568627730590795e-62
8b998948ecaa5610	-8.707652623760914e-253
6b68a1a494dfdf4a	2.53055866874571e+209
89e3b2f1080048cf	-5.004696380871534e-261
222ca023733bfdd7	4.5848569262924223e-144
9ca26977e010d791	-9.528687607041247e-171
a6b3d6e05198a237	-3.0011619694729657e-122
fe127bd89c4d4eec	-1.9341330953640363e+299
878a50a47e487b0b	-2.432189849390281e-272
540d507f3e5b20be	7.826908398296252e+96
13d57e983cc233fb	3.990530522682446e-213
2d10ba057050e28d	1.2830104072490212e-91
ec2fe52d01c3e068	-1.3421854503463318e+213
c4150f6fdae36ff3	-97123493462813750000
54b7dbdd5649ab5b	1.304631959826805e+100
077da38ad29bfb8c	1.3696988643529955e-272
10af8259fc7e974b	2.597828504869969e-228
fc6be0008d1fa695	-2.1732056803335508e+291
406a7413d3ea7f87	211.62742038536473
1f40e0ca686d8da6	3.841630094077112e-158
e2fd080a3c715774	-6.847714756431254e+168
c5645b5b8fec97dc	-1.9687952613420353e+26
bff433b709db21b6	-1.2626257309913007
d0573f40c05bb77f	-1.0767312670956569e+79
60358885f58d42f7	2.887142707880569e+155
e7a20fde6d6a02b2	-1.6095067660413404e+191
8ab6d1ac40ec444d	-4.749205686067055e-257
c4d58f9fd1ecf48c	-4.07276387156241e+23
a0d7357289539f8e	-1.7725335681964452e-150
aee6793f59f4923f	-9.254741456108797e-83
bdd1eb26961804fc	-6.518733254878884e-11
467e385fafc68445	3.8308667424110555e+31
968d67a2755e695e	-4.801881703217442e-200
b6cb59e4630154ff	-9.581778024534902e-45
7a4c9630f9d6acd5	1.297268178554456e+281
a5cf4493e6fd459d	-1.4434784208772905e-126
879695faf01612ae	-4.175039274080606e-272
7a3aba6f839ed654	6.0646637889868145e+280
73db253ef8e13e80	1.2147142826738167e+250
391b7218bc536f34	1.3214619023045168e-33
e7057a2e40535fce	-1.868987292603905e+188
5efbc97bdd43e8b1	3.553041260927038e+149
aae68bfb08a310d7	-5.033341254534053e-102
3d8174eb709fb1c5	1.984599012795531e-12
524d0056bab097d5	2.8846064010437998e+88
a1061df035bdb92c	-1.3513172860729552e-149
d1977460dc76164d	-1.139113189925965e+85
c9489b529e747e23	-1.0974968057222669e+45
27b2c99baeb34dbb	1.862564957512897e-117
278d89194372ab8e	3.660131204568723e-118
d66f716f3013248e	-2.3076708111493812e+108
c4db172f61ea2230	-5.117263376744033e+23
902a2c26607e58d1	-8.4290356148643e-231
c7e181030ff2c683	-1.8613395467104936e+38
b3732f5205b987de	-7.46172409246895e-61
9d09f29fc8122572	-8.5943325779939e-169
1b3846ac6e54241a	1.4976865263715384e-177
b0353f51ec3d837e	-1.834956423438047e-76
d61fc7b7f3cf28a3	-7.288773151008039e+106
cdb33a0ef4a74197	-2.0248173906302974e+66
8e20547d1159736a	-1.2245049517451238e-240
d9b1b2f0121765e7	-1.1700013519831804e+124
2bd4acf2771cc937	1.512442958081763e-97
29719b6a59861ae4	4.685643036351257e-109
c18026a96ff9e463	-33871149.997017644
3dc016f9dcfa07b6	2.926708495526889e-11
1d9dbfb0e716ba25	5.044890600954405e-166
3a12438c3e1cad1d	5.763057637284337e-29
dc544082dcc17ea0	-5.887974207609686e+136
91b5e26a92ee2656	-2.3649318919444634e-223
92bd65c4febaa206	-2.0819682611722736e-218
f5bcd81bb94e67c4	-1.3859079325045847e+259
c36d7efffae7bc66	-66419297726882610
a00420b3a65805fa	-1.876494403790464e-154
7a05c7a99ce05cf1	6.177354222392804e+279
78b8de8e0e4cc87a	3.3634161388560803e+273
7f3bb8bb0db7490d	7.604208004401534e+304
7645f386ce9fa41c	5.400152377188756e+261
799b1b5244db936a	6.006383453738982e+277
e06fce112c11ba27	-3.41147723574466e+156
71ffa62d2272d2b0	1.3189801892602165e+241
7cb93ae2274fb510	6.294384701631207e+292
ec5661262e2492ff	-7.534025771243141e+213
331eb482545e4ee5	1.8659999168469283e-62
2dd6a4a4d10958a5	7.11406656778183e-88
b9ad30cbe93fbd31	-7.196041300646745e-31
cdabdddd7414fc75	-1.4673509319046012e+66
98df1eb81a0c44bc	-6.9846118033306355e-189
c1ea33d1759a5339	-3516828588.822659
c050f427045b12ed	-67.81488140958727
a6d6bc2e5b3bd467	-1.375682750969216e-121
1753b33c47b47766	2.635433828947868e-196
e242aa8a55659163	-2.1498241168358837e+165
0e79da2792993799	6.203265836558165e-239
3923f82c82ed3cdf	1.9229860825208872e-33
8baf02e4158554bd	-2.1149179241055922e-252
5d47cdb43ad2e64c	2.2677197096997467e+141
a571fd61c16f91ef	-2.5952998181295164e-128
591f608614f0ba21	2.02558432542051e+121
7527e49bbf2cc861	2.2422138863262493e+256
e23f955102221e7b	-1.8187570829884869e+165
7c468f2d19cc467c	4.396945726211908e+290
b172515d906812d1	-1.658804254411755e-70
d47d02c8f0a3239a	-9.914697694755406e+98
0ed517b2284335c3	3.239162711005418e-237
9195257e92650383	-5.71295710101566e-224
70ba2ba98c2d388e	1.0401346925565393e+235
4ca14f10cd2ccb91	1.3907124880107914e+61
df86f67e286fed9a	-1.5033283699148934e+152
6e4429f484215569	1.4577433372824763e+223
7f0867cf0dc678d7	8.368226136850319e+303
9943ce99f28344f1	-5.690261226860755e-187
d9b8161fb408efe2	-1.5922472536341705e+124
976b98186975afac	-7.382941365506186e-196
4c887c6c23be602e	4.918440656657542e+60
18c129938399ba2a	1.9259762899024954e-189
2f48a8c47056886c	6.499066685429401e-81
8a3040e1c7a81f17	-1.32138440127435e-259
4d193b72249e8769	2.594982328842035e+63
7a087750e8abe901	6.939215116139599e+279
24fbfb4429f9872d	1.576859575813149e-130
3a995fc33d47d913	2.0497012828768744e-26
0ade9e01fac4834e	2.5488802093184223e-256
3f03b5187db2a8c8	0.00003758889189360706
3ddc2f3dbf41b720	1.025347444225936e-10
bd1b8db25918d764	-2.4472426418720465e-14
3d7aa55e53fb6776	1.514648066739254e-12
dda2a77ca0e1189a	-1.1373801489298352e+143
fdb13503b93629eb	-2.8133457896662794e+297
fd658a2ec82debfe	-1.1005428190614246e+296
df103bb7d4b04704	-8.302788428949142e+149
56458cac1ddf97c4	3.953900111135637e+107
0bcb6ab7b52a86d9	7.479136197147187e-252
5bcb500108a67464	1.5509214158402677e+134
037879518619b078	6.131227054589153e-292
b2cbe6130f35c3f7	-5.298285296342053e-64
5e247212dcad1e01	3.1913011566432556e+145
92cd3757b0de65c4	-4.1382489228503913e-218
f0bda517c7f38418	-1.1782204023271416e+235
596b2ba0bff9804f	5.612865428891621e+122
71f4d1579016d3b8	8.675812904374523e+240
065f2788b7648d3f	5.4921681246196875e-278
feacb59e6bf773b1	-1.5381210627297283e+302
35a33f511b6ff8d5	2.57217939942707e-50
6ad0770fe20507f7	3.303855534970539e+206
1d8317ca90376697	1.6189188950718337e-166
e052a4452f919b28	-9.997762968260276e+155
82663f12f50fe7d0	-4.252004333819673e-297
3749866af71c70a8	2.2891674187005578e-42
5820c9ac63b84de6	3.307362378967382e+116
2a93a4649dfe660b	1.370284518795789e-103
76dafc1402557fb8	3.398861654950258e+264
19e70449d4a5473e	6.771060404014579e-184
f4159affae01721a	-1.546892009198861e+251
880c355bda4d1308	-6.674409621211523e-270
7da9ccdec277f627	2.1091625750884992e+297
aad207beae93e72c	-2.012534395776145e-102
9cb7ccf7c00ad203	-2.4634932615613013e-170
d3151be67d559992	-1.7199905352150415e+92
02906a81f7c9e141	2.51011041980639e-296
b7d5329121645012	-9.73342705359765e-40
c7aef1812a45748e	-2.056540159818572e+37
1e4a2a643bd67b07	9.087468505055668e-163
626acadc5d1bbfc4	1.2342969379488935e+166
76867c1599949277	8.850206783709675e+262
709484dae1f92f7d	2.0387881100395296e+234
46cb43b6f90f09e8	1.1059799471047712e+33
1e72bbd1681f55f5	5.205051957712383e-162
d69720056064b08e	-1.3577559974937777e+109
38d47d345926772d	6.165708241407204e-35
6fb0054c8c2feac0	9.715791200720855e+229
5f8d9d1b69ffea8c	1.9387441197926187e+152
016a3bbb85b26e15	7.650816433186414e-302
c665ef8d091a3aa7	-1.3903430653380466e+31
87914d806a024890	-3.198444563166983e-272
411b7a18e555cbb4	450182.2239600972
d84fd1056f836672	-2.5072670084754023e+117
6ae9dd54792dcb55	1.0379879329342273e+207
c8a665b68604507e	-9.755407124541295e+41
8d79591b6d172cf6	-9.280865948578342e-244
99bcbef2c23dc1a3	-1.0570571206526376e-184
3b3a08473c687e9e	2.1533444444862655e-23
44cf4f2308444f76	2.9570635618696254e+23
b4f33bc3a2ed72c6	-1.255041428325307e-53
9a03271c22fbd5ec	-2.253742593769563e-183
5089402f691f1149	9.356268865840716e+79
edf8ee92f5700667	-5.6326494472176145e+221
422f0b99c8d33cd7	66669306985.61883
4678e513018fa7be	3.1557935112869485e+31
5a7bbd4297ae9ecb	7.51092862860136e+127
ca8c42f0189e10b9	-1.3217341939030082e+51
8ba2e25d2acc1c89	-1.2878729530746398e-252
82f06cc76271a513	-1.6073388526454805e-294
8cae213a59a1eabe	-1.3466346254277254e-247
fa3500651d082259	-4.7652663191255536e+280
3122d1f808a16ab6	5.325925293502429e-72
9b00b1ed2a97b913	-1.2874775260558578e-178
6b034ee959139f46	3.0994875813251595e+207
75920d5bb3179fa7	2.1684327793472275e+258
5c88a5164d626163	5.732111040660313e+137
288e39441b7f1c77	2.4545914001175048e-113
e6c181ef097d58b1	-9.52210115932549e+186
ef0e1904a9ff6d73	-8.912518759401154e+226
ce74c43b88826702	-8.957834129030296e+69
482ae3539c51a713	4.5747552130759603e+39
bec1fa0ab19fa38a	-0.0000021429926961757613
f836eedd9846d94b	-1.2115414812707023e+271
2e9c877c701850e5	3.6713979715477047e-84
3a9d71070306b079	2.3782664997967444e-26
7436a55db337f773	6.485555012103634e+251
f6ef827fd2ac44cf	-7.937638964537868e+264
1c84b375d7a09600	2.6783304285975514e-171
697e62b0002e34a4	1.4536622003959943e+200
11e028d98b9b5624	1.397021208068581e-222
caab77eb2e9efdc0	-5.1385803322945445e+51
d5f62f331218a05b	-1.2719957208427475e+106
c46ba912987f8776	-4.0819604608451955e+21
7abf14fe9c33852e	1.8054482219934976e+283
7e505fc5c0b06731	2.741406422440924e+300
4692025addf167f6	9.131748778856418e+31
d0f431518d197dfe	-9.577059134556787e+81
f67b790db20821a0	-5.4067985912433304e+262
71b32d7e97800970	4.995205715769674e+239
436606c7f46a4418	49599242851983550
21ca57ec0dcbac97	6.592720899716744e-146
737767db6e054bbd	1.6365072359219495e+248
292388845e57b73d	1.6244507476919745e-110
beb82fc5d35a9ec5	-0.0000014416344361975502
90cdae0484aaacc2	-9.787992406675929e-228
f7620f3b6623bb59	-1.164640520182279e+267
385aec5ddffea815	3.164819577591082e-37
557da00bceeaa615	6.635284154393378e+103
df212b21b2ebb663	-1.7562234642262147e+150
40d13a70947e3e5f	17641.759063301954
250b0725f81f3f92	3.046243117658965e-130
e2437ce43628fb6b	-2.244459257026007e+165
01f476e96a0b3edd	3.0558035997192497e-299
b7c39e95463acf3d	-4.5044083129576216e-40
e4717ab3afc89b20	-6.917061360284939e+175
29346bb62c1dcb77	3.396512770591093e-110
3b1f580ed3c0f021	6.4817823674533565e-24
75526ea328444ee0	1.3837987963993262e+257
929bdbacd42bc43b	-4.932359810437464e-219
3932bfcdb7ae3da8	3.610970878746542e-33
737bb105ae3966a8	1.9361670052220752e+248
df68dc1e5984b30b	-4.0687980274167437e+151
33532bd9932c396d	1.8641128491911038e-61
9433fecd96af4c38	-2.3758089272208e-211
9a26062c0696c0fd	-1.0366472356198332e-182
0fa8f89907c1c844	3.1414545662285214e-233
e7e3b320a1788783	-2.808712107044844e+192
809f57a7271bd0d2	-1.1158262754776616e-305
fd367412453194c8	-1.434029067369864e+295
82bd4c9c4ef5f86b	-1.79201202450716e-295
cee4f27745ed7e62	-1.1565743596684923e+72
ae082532ff683cc5	-6.068816929612514e-87
e6ecf71d79e2085a	-6.301518996024188e+187
25c3d1eea039fc31	9.14990368871061e-127
684dee2e6480d9aa	2.731113033011056e+194
8901687025e87497	-2.6993657913365524e-265
442aa46a045a6b19	245731316236295100000
6e149f2543f87a7d	1.8635475969015447e+222
da4878e67fce9bcc	-8.28289959030579e+126
3a5eff7753bdd84f	1.5649947469981914e-27
fe3dceb5ba82e540	-1.2476152515177708e+300
23785cf5343bf846	8.183419917678883e-138
2d50a63f0b7c0474	2.043336455720899e-90
f5aaf02dde4fbaba	-6.47164764989425e+258
0a0528f64c6c501b	2.1503521691050467e-260
0b8536ac074ce084	3.6168230523023603e-253
f0d9886afb41b880	-4.059162817183084e+235
466a0ba8e4fe0cc7	1.6508325931220437e+31
89b930f45b5b03c7	-8.000057892838444e-262
5f5c3496e01d9651	2.308184510296777e+151
0824787a6244060f	1.9374246961589295e-269
b2377eede0b4f318	-8.715082977225374e-67
a42e4213e1ee9085	-2.0814876032441795e-134
4c3b063ab37658c4	1.6963448886851413e+59
75b27a9366e0fb83	8.878719335630968e+258
4b844e2b8a68ae6b	6.223572241671e+55
6b15b6996519f73a	6.97111778465223e+207
242dc2651044a6f5	2.0471772906840036e-134
17d2d3b8f91b582a	6.447700773350949e-194
d1d47585b3fbbcd7	-1.589808062654685e+86
4846e20714cf4884	1.5573308734913822e+40
46297b0b404dda4f	1.0093921604581173e+30
9b8cbe6d846211ed	-5.674630826934775e-176
0da58a8222470bf8	6.309578385162778e-243
a43526e41ddd7490	-2.9101253932915113e-134
daaa8bd7f1d5e9df	-5.750314151716257e+128
d12bdaa8e5af7d77	-1.0568627080189343e+83
4a32969704ef2607	2.7166745929931983e+49
e5d97410a039261d	-4.2247676463030476e+182
1ba24860076247d7	1.44375410689989e-175
bc88837b30111408	-4.252431470503841e-17
4093b540f14e65fd	1261.313420510268
83cabba543704eba	-2.1430965467242035e-290
1e4256c9c7f0cc04	6.369251443063067e-163
107444bc8492916d	2.0888389415670985e-229
01541c72d999beff	2.932653686977948e-302
2683125cdddeb738	3.6063000777334137e-123
6c0fe62489aee661	3.3558609788721842e+212
f93f76d0eb4ad962	-1.0893607141879776e+276
bcbeeb715bcf88b9	-4.290970143859128e-16
f1c747753c1497c1	-1.2126999392528187e+240
7370f657dafe31ca	1.1859888960394235e+248
84288a893a45e695	-1.259125996285903e-288
5477be1ed531d744	8.114241539920094e+98
14fd35a8fb45fd0c	1.4215716521557111e-207
d86fb0bee17497c2	-9.989326671609432e+117
02112e84dff611e4	1.0262444493859875e-298
a4997f21e4de497f	-2.2450414996906008e-132
93c64f671f7acc32	-2.0709800225439497e-213
996946cc87a35c94	-2.9046287610858255e-186
6a04fb0c59c5367e	5.139089571703631e+202
1e5bb69b7994b93f	1.9250000614528912e-162
38d6e2a674c84c07	6.886810236416824e-35
d45ac6c31cdef0c2	-2.2877629853988534e+98
9a1ce581d3341c37	-6.8006131676949e-183
46e859aef66a5740	3.951066281928404e+33
2cc3292175029792	4.592846875185289e-93
d9e8492ac96148cc	-1.284342326177089e+125
ef6fa6f06d84ce28	-5.9985922164830405e+228
7c773508c0197403	3.618577728018736e+291
3db50aaf00f43f3f	1.913734453860719e-11
65600a76e1f1f441	2.0800583373085476e+180
304ec45df06717df	5.314190045132299e-76
41032cb1b636c19b	157078.2139716268
aeb745b986089199	-1.1979582422988574e-83
13448b04c6ad08d6	7.448998104753727e-216
91489aadc1b20fc3	-2.0772212119392608e-225
890fd3261e0e78f3	-4.934913184045282e-265
f31e7f1ba35d2dc5	-3.3317061482395672e+246
da5458577a8c8ff8	-1.3772021509363622e+127
850cb2617b53e3e1	-2.4122792240824842e-284
e2d7ceb67b2165f6	-1.4038828832322112e+168
a46e4919c4e6a85f	-3.333399660046062e-133
2c4555895872e893	1.9975895562368448e-95
a971ce43878525ff	-4.738501988184403e-109
44605822a3e3cd90	2.4119897904216025e+21
9065b7b8f4c63ad1	-1.1190937388531646e-229
401c60ff4c7f393e	7.094723887696373
c04d3ed2957eee39	-58.49080151269704
5f84a6c5a0d00e0b	1.3520054501542938e+152
8336eee383be9356	-3.590774363957594e-293
6b5b0c3c514da312	1.3894050732552305e+209
40dda1256bd61079	30340.584706798636
92f5f635aa5b45ac	-2.4885719904763414e-217
9f3a3fbbc16b487d	-2.98726925074285e-158
a4f335af8a90250c	-1.0825368640770552e-130
480da0947ff48dfb	1.2602045219011872e+39
2738c11edc78ccf3	9.586360082688584e-120
793f0e0087170d9f	1.0751853085459601e+276
b23f076d08834e84	-1.1509298534045137e-66
4b2c3b8d47e249c3	1.3520740996805769e+54
d59ffb6e74b7ecf7	-2.865274466167883e+104
ac004403348ebe23	-9.518827616637903e-97
8a1f5f465f02581d	-6.376293222678778e-260
943fb1bd230c3799	-3.7658594810271896e-211
1a17e9a603481cd7	5.627701682046163e-183
1a8d6b7e4bbce16f	8.862448936322806e-181
25bc3e47ece560dd	6.519241161169833e-127
5f22f4e23668339d	1.9391337569799272e+150
336af990e741383c	5.245781603842504e-61
c89ddbff0fa243ce	-6.502792911728083e+41
bcafa4434cdbea50	-2.1955806561740348e-16
03afa19804079096	6.339430198900316e-291
34b0581cc9cb3f65	6.665675705944817e-55
6adec6b6f303a9f2	6.17550458988506e+206
4188f76cb3ce431e	52358550.47571395
0e1a67c81e8b9199	9.900022560780314e-241
fba87f657cd00da7	-4.6628362698569275e+287
d1feb1b5feca5871	-9.540581604079735e+86
0d4070f3689c3adc	7.524669321850614e-245
173e6adf96d91a4d	1.0172928516757939e-196
078cf025a88b80c1	2.6746290971980002e-272
caea5d88aa38b985	-7.891563815327357e+52
1c00a7211474e933	8.41629678871245e-174
a30b7eda56db4ef2	-7.215292608614658e-140
dfa73f70316d49d4	-6.087931901485918e+152
92a73a1fc978fd4d	-8.224834533675353e-219
0cf7f285a6425116	3.425003742105909e-246
607c03e6e016cf26	6.009967661797018e+156
07b0683f5c4621e4	1.213162106780672e-271
972756f9c2f148a5	-3.902914359499599e-197
975637b765bf1387	-2.972218983618669e-196
7e39bc607f068ffa	1.0771946100967818e+300
71ca884638895cc7	1.3821711140648393e+240
71271cafc4e40b36	1.1757776627160627e+237
f5dfd717e89b21a9	-6.119447082137372e+259
1966b83e0242fece	2.610809667235984e-186
eef910635257d539	-3.710969693484885e+226
b6e48961dedfea25	-2.8777975598570933e-44
50f026e8d18c933e	7.660636859666994e+81
3e852babe5f0cc33	1.5773319980843673e-7
72ac9308f9718eae	2.4388379665905258e+244
dc21757ca35f0b5b	-6.344914322817171e+135
04bd02613adf7339	7.620462302077801e-286
43bf15c581fb4d86	2239913551744304600
e134cdc3691ea125	-1.8280143798206697e+160
1a71a8b8c3b15e6b	2.6598088662781363e-181
e7f500f5ba9be300	-5.989272497509237e+192
198b8fdd66736745	1.2669018547461943e-185
59e3830819d06ee9	1.0318735882787013e+125
95a5d90ffe01e7ed	-2.1776228128176095e-204
9d78f4f3ff3c7500	-1.0580645078969692e-166
4215f40e6e1d02c4	23572224903.2527
06f95926966c76c8	4.5758509402185864e-275
0e1a28d22b09e712	9.807813545669867e-241
ea9e3007bf460f48	-3.7858718476503804e+205
ab4933ff2be439e4	-3.6008549556900074e-100
37c51e88169ec4c2	4.848745229834684e-40
0eda9be1e9743372	4.0863033738407665e-237
8c52db1f311b4067	-2.633612620526243e-249
7be6116c80b27ca9	6.720631017119212e+288
2bc05c7a29ae87fd	5.984220783217399e-98
d37a31f53ddfb1b7	-1.366027765161453e+94
b6cfbc2368346c46	-1.1117522007878946e-44
52270d98c11ede12	5.73242415865427e+87
414efcfc44f74114	4061688.5387955997
366778bef76a54c6	1.2847971328936387e-46
03ab8ddf301ace37	5.522322942490044e-291
525f41f9f667a5e9	6.218076263944801e+88
598a14047a59a9a1	2.1548931693259552e+123
a2d86cf7479db1d4	-8.012132733612275e-141
c54e69e70623361e	-7.353576941855581e+25
7cf80baecc335868	9.59824989972061e+293
40ff751765e58519	128849.46237709037
7d9f38faca8682fa	1.2762168787467932e+297
41e03d568f111013	2179642488.533212
0f77f5dac8556abc	3.7678785452182655e-234
c559df9d2bea19c8	-1.2511653007694107e+26
72b69981915bc102	3.857783833796961e+244
c605425fa79c3a78	-2.105416328647164e+29
3ab6683101b64ec9	7.240091465383192e-26
c58e553eea1bc7ea	-1.1734507618211841e+27
ce3f1db99c8d44dd	-8.388887592949289e+68
b6c92416db3e0b53	-8.80750198080786e-45
50d8a959fb86dfa0	2.924144638432709e+81
2e2b3cb97e3b3487	2.7383805346170825e-86
0dd0c292a5d38233	3.927342786953682e-242
672497d94e266bf6	7.168202792820561e+188
e845a11ad0bf2a09	-1.9736493441435447e+194
8a3c0e3674a3b2ab	-2.280877938612511e-259
5c2ca9d0ebcf663b	1.0416814242021532e+136
e608b25ff82665be	-3.2793491247210197e+183
a6a64136be9678b6	-1.6832721157675258e-122
41908eb6588ab435	69447062.13545306
cf8e755325a6ade1	-1.7220850530119054e+75
f344486c33775c48	-1.772705241117561e+247
c73836d7fdb472e6	-1.2572748729623034e+35
0ef9e95249a5a7db	1.5916753637620617e-236
568997f4ea939c2f	7.513451816732403e+108
bbd0242455cb8a4e	-1.3672110784915564e-20
b4c959ef616a34b5	-2.0678126160028252e-54
d86c6e2be08dbb1f	-8.961704825336698e+117
aa206de8543afae6	-8.954292687949104e-106
67a1d5f5fef4343a	1.589349789955228e+191
761a4863ddd0cae8	8.082160309111014e+260
5538bd6e103ed8a4	3.463199804134166e+102
ae6d9b11bcf90756	-4.7624140189860925e-85
1e62a2bf0c999305	2.5889204220704125e-162
e1dca359c34089c2	-2.576805820855999e+163
9d6cbf3e5be4351b	-6.093763961825898e-167
75a04cb8fad926c3	3.915848121696171e+258
1e2411a31e17cacb	1.742512205341754e-163
0e95f4ecb10db1e8	2.1074206696768954e-238
e126fc70ebb487a4	-1.0098874367737568e+160
13477a847ee7156f	8.51343888417671e-216
151dd20a44c47124	5.8052037093257255e-207
96f21ed470367c40	-3.787663059571433e-198
487a507f4cc399e5	1.4326945213229563e+41
c01be55a2aaf9b42	-6.973976771324319
e1314381e161e301	-1.5169511841514078e+160
7d341da12e881ec1	1.284729795915108e+295
875525495c7e8257	-2.4430086166936425e-273
0ab0adedfead4f0b	3.471398471209531e-257
becc910db149c81b	-0.000003405405900652238
81176bfee17b248a	-2.1346453004378047e-303
38aee99f56321171	1.1628023045385733e-35
979b549f5c11897b	-5.849938432282456e-195
cae52364bfbb1020	-6.327008427529932e+52
6a50a11fb01cbae6	1.3034470401368153e+204
cf4d418688cbf538	-1.0338161086068601e+74
3bfd4fced29c1f4c	9.931207065847349e-20
7fc34936ca55cac4	2.708616869472928e+307
12a31b0249af1f83	6.76537153811754e-219
e1ba7f2c65aaa863	-5.9603344723444345e+162
247cd63069eba4cd	6.347856881329256e-133
b33344f4ae188d62	-4.684121581000166e-62
4926c5b8a3a02370	2.5392017207369675e+44
5e0062771b9bc150	6.393586845913182e+144
158fe188de6c3fb7	7.944102235929779e-205
6ac49c3ad137b3fb	2.0678107111606358e+206
ce50cbbf33cf45ac	-1.8112647919225924e+69
b42faa316c5cfa25	-2.522248162803037e-57
901c56894362060f	-4.5632369939793995e-231
77df1c1e1fce5030	2.567993049238002e+269
6ccf60549871a6f6	1.3520367929275094e+216
39492481a6f847cd	9.684578528918004e-33
6e37a96df852d8e0	8.553132830305242e+222
ca9fa1a7ebc080b2	-2.9586843540928805e+51
81011679da02945e	-7.786825723231893e-304
99ab135a83c5f9fa	-4.978181918892442e-185
a3ae57674112fb06	-8.153195827104907e-137
d034b3df8fa16ff8	-2.397200782840245e+78
e999e43776f2b9b8	-4.954660029448585e+200
1970821a2f4b16e3	3.7940471792603576e-186
ff7d5528eed78744	-1.287380713540568e+306
d9de033b2e949307	-7.93600911064131e+124
227182dd576f52c8	8.97506746448691e-143
1bf786338d03e6cb	5.944534103797687e-174
ca853ae6d6e04d4a	-9.928897196290426e+50
36653f2ea1964a2e	1.1630123288504367e-46
72a476a7726dfb7f	1.746571053985046e+244
6d4dc23e74477fdb	3.2827800428641945e+218
ec3612a5e2361714	-1.8576985201363532e+213
3a4468be5d2d91f7	5.151994966458924e-28
0d73c9befcc2401c	7.245143129950252e-244
2cf2d5fcbfe0b59a	3.6119974301199676e-92
832787530a760815	-1.8420038057260318e-293
a5ed784f56773a9d	-5.441910321384086e-126
95bc83efbded40ef	-5.684366417533382e-204
abe5e8f7c99b72ca	-3.205489805351699e-97
5f8e444b77ea96c8	1.9814996422432573e+152
83430e71b326b9d7	-5.967543573743692e-293
e79110f9744415fe	-7.603907164871291e+190
298e7ee32c1fd48a	1.623115868688795e-108
0751066dd40a01c3	1.9669528871426245e-273
1277509af4e9f9a8	1.031991377894535e-219
b04f1486092040c9	-5.368271775110092e-76
26156af5e23a6550	3.164003556481661e-125
7c967118e4102002	1.399694413300839e+292
e212114aa75b2bb7	-2.601098531961389e+164
8798fe81915ac605	-4.620218907726127e-272
fada5bc885c36039	-6.124308989597417e+283
d142afbb120431c1	-2.8360610670436554e+83
13b7203f01a7c707	1.073353764270769e-213
d1ac2f24dd582500	-2.737624180953376e+85
e6f1767ccfecde03	-7.598226505571868e+187
d1be16b57e7f5f21	-5.8452394864359475e+85
26fd886c69f83114	7.148055392535467e-121
948a59d92993d621	-1.0019121322580727e-209
39ac2eca32d32ef0	6.94758989575843e-31
b6adabb678b6213b	-2.59859879229499e-45
2eb2f1136285823b	9.7503502090007e-84
8a93e01a248bb112	-1.0341405653842171e-257
0792d086edc5f6a7	3.477907028032245e-272
3136dacfa786b0f8	1.2935319366500203e-71
42a88eb43cbac66b	13500594150755.209
ea851e5060a86417	-1.324245065185815e+205
e97cf24291a5b2d8	-1.3848113713305178e+200
d82a85c79ad6104e	-5.2252137121534536e+116
43207801c82fbc31	2317774338121240.5
ca99ff455b559a5d	-2.4316723384063076e+51
ebd7841271ecfeb8	-3.092421594207505e+211
294abd05a3ae6c70	8.894601105568026e-110
aa2b3760542d7163	-1.4833404204700032e-105
ba2ce003e3bef1b5	-1.8222724366402227e-28
8c81a151add07d84	-1.9699248403916547e-248
ee753a346f404b0d	-1.2277016218706095e+224
a21adbbdd4cde66b	-2.150907168879655e-144
6816ff0b490f5af0	2.6229774457570487e+193
e87070d82b0b7e4d	-1.200162667180973e+195
dc9d79ac06b0cf78	-1.3711216484455661e+138
f4a7da37f3c68527	-8.743770337219077e+253
4f2ce656af2fbb05	2.5530728239128108e+73
51a9d36213717680	2.5085406837481303e+85
898c6250bd0a76d3	-1.1267513124193851e-262
89dd885b22087230	-3.751509514723748e-261
a582e6f7d2d33179	-5.453868241753131e-128
2b752be74f381083	2.419875555669806e-99
e82294f7ed391c89	-4.238942604406536e+193
1ba3207d8a3b4acb	1.510419131052038e-175
8f29343a9c6a3d4d	-1.2385775612986345e-235
a3bde52cfc153ea0	-1.6066589476984546e-136
23e37b40dde0fda5	8.375937590381164e-136
88d3ad6f52b849d0	-3.8141109241666845e-266
2bcee631161f0b15	1.1301561782226665e-97
18c7c5cbefa46b74	2.667781187943438e-189
3b9198311a60333a	9.314450348467815e-22
9ce8da1972dc804c	-2.0578463047007767e-169
b87b55e68a386c25	-1.2853113375181569e-36
702d709b19f18f04	2.2852962811247413e+232
2a327a8cc91acf9d	2.014249168106405e-105
8dcddac9e408d1e3	-3.49788383983045e-242
38ad11d9c859eed2	1.0934816841533957e-35
45f9567389d73ce8	1.2546621569407167e+29
a70b726de1906f0e	-1.3286373534953916e-120
624afff68b3004ac	3.109632596400761e+165
ff1deebe1b8bf4bb	-2.052673664735518e+304
c688609599ce1ed8	-6.180375416181246e+31
18b3499241a71b12	1.0822214968038048e-189
fa6444702fa5dda5	-3.678939519984739e+281
1637c20d20b4b3f6	1.2124198162668491e-201
6f8f3af392f2cdfb	2.367459638648415e+229
a2f4c3fd6be4a9b8	-2.7246217134466925e-140
24a90cf1a3d2e32a	4.4115315348789294e-132
094c42d1a3d2691a	7.011670690392743e-264
30da922231428ecd	2.3497748797698358e-73
73f8ce802f378914	4.440219237496085e+250
1cb9a5de284c4a3f	2.6546950004093188e-170
8074adfaacb704ff	-1.8405460501209214e-306
c9309f8b82f3cf8b	-3.707102499542189e+44
9b58934aaf036d92	-6.064603569798385e-177
9498d58a4b13815e	-1.8884790737418208e-209
5c33c482b0d14cb3	1.4367871108407798e+136
b1ab621060c89064	-1.9837778029977852e-69
2a4109c66440433a	3.714452528305976e-105
e8c1900982db7049	-4.102580505011708e+196
7696e220f0845e69	1.8014207826051917e+263
12613a6d90bc9f9b	3.81288712336842e-220
6ab039bcdd76609f	8.13947062445358e+205
3dd48d8d20ca0c5f	7.477114083903684e-11
497a431f222dd1f3	9.370663880068195e+45
9a6c42ba555a7f47	-2.128309863307433e-181
4ce0d1de8dbc6cd3	2.1622703976492774e+62
04e794c03982101f	4.95561322739654e-285
0bb8763faa8d0480	3.336521962693478e-252
49bd304e19247514	1.6663797143724278e+47
6751643731239a5c	4.842989268883717e+189
0f6f566851e6b399	2.4639854524603798e-234
752fda3343565de7	2.9891501745149258e+256
95b5cbd2b53c2b15	-4.344936282057264e-204
3b8cf47a057f399b	7.6643212161065765e-22
abc93f1d0971f808	-9.23407144203449e-98
f86c8530719c9bf5	-1.2053682321517972e+272
beab1a0460956ad1	-8.076914933917243e-7
742aaaf60ffb33cc	3.8186852603120014e+251
59d266adb5fe49ee	4.865659653096605e+124
e4b5466fc3688a33	-1.3470693448025945e+177
97fee7a42a420601	-4.233596020790551e-193
3ac07b4080a45314	1.0650889353037477e-25
521c1897f0dc9210	3.4932069209495326e+87
314ac8bf63fe8eb1	3.031860642924301e-71
f7360305dd81ad6e	-1.7744015376545294e+266
edaf367867664ac8	-2.2036327873258287e+220
69dca7375a7d0cea	8.773039146054583e+201
87e6125af003610c	-1.305598652603761e-270
18774cbdcdf21ded	8.170985010597369e-191
47b0a38a2bf8872a	2.211679477675181e+37
58a68e24a52b1835	1.137564119943756e+119
0396bf435ba81afc	2.2794530647928315e-291
46016667337bd321	1.723213745285681e+29
6ae5226e1bb8227a	8.4816210469194e+206
e11adda1ef7abe36	-5.90169448849828e+159
af386f68f872fe42	-3.2200083431958134e-81
50e75e7fde349e8b	5.5418089132208725e+81
f15ed7595d09b2e3	-1.2551856420205986e+238
01e90e6924a3f11b	1.870730048363205e-299
0a97373b62740163	1.2079429865204468e-257
a95a19afa79e1f98	-1.7364716367290394e-109
e9c8986ea261848c	-3.7653181702834935e+201
ccf9f374a0764ddf	-6.672263441458532e+62
507ebe1970066527	5.6955953003118865e+79
28f9b5b6d7a028b1	2.6726412639519385e-111
847a5caa320010fd	-4.32814736494693e-287
33eab6b2c2a441ac	1.3299163716453886e-58
18ad78644395d534	8.267934082396349e-190
df561c0d8621fea6	-1.8093323991426316e+151
875929dcee3de54d	-2.9072037190627664e-273
0019ece78d275685	3.6053717526813947e-308
990f6abeff4a82d2	-5.6410131380070327e-188
4d023e1a52ee143a	9.380707380965241e+62
9d4a9dce10946c57	-1.4105294410840493e-167
3ec699d852400be6	0.0000026942440332091277
34a0ad7800f8021f	3.4008280770037884e-55
17c7aa02b274f361	4.0521252832573184e-194
af0068cde12aa1e1	-2.70298520364794e-82
17cdb62a801c736e	5.0876665609355934e-194
c0473e96d52846dc	-46.48897804705277
6386ac8574dca64e	2.738255666837704e+171
e2b7dec434851c13	-3.518951855477995e+167
77e1c590a52fa519	2.933972557858192e+269
6019163f19043d50	8.409008517762209e+154
4b6032e7eaa27b59	1.2412333665834032e+55
1ce83e1d7e59e288	2.007392596219871e-169
0310b20cbf762c24	6.535274788812749e-294
24a0bafd4c1f6342	2.946313466539327e-132
ae991c592f5d20d0	-3.23147397323051e-84
e3abcb13c3f52897	-1.3426017017907588e+172
ba188764f47e11de	-7.739951118194959e-29
fefc957ce63749f5	-4.900469534235707e+303
ee3420512df89c8e	-7.275107715937617e+222
f34134fa6e1ddcb5	-1.5038698751568312e+247
64e9d870a31907e3	1.3091574069772676e+178
ff41e431bb331f92	-9.81543515011658e+304
c0e74db203723a5a	-47725.56292067906
c3125086a95854e7	-1288772219442489.8
db5845a5ae7d0633	-1.076774454001105e+132
d9d74cae3810056f	-6.16091824194103e+124
2f02df11e8f86941	3.108526355436033e-82
5fd74e8976c084ca	4.882701518393585e+153
ad670b26cc7e49c7	-5.6561496803313855e-90
ad93c7e4788a8733	-3.884237719612892e-89
25f293a5874704a6	6.860747395195954e-126
9dad1eaff164d3f3	-9.876472574419557e-166
084a49be6ec88900	9.952047758894099e-269
82fe6874b1e93e0c	-2.975723284498184e-294
53365618a75646a2	7.279979928806249e+92
9fc41d0390ea1511	-1.171969614239432e-155
9b43da95e230593d	-2.4497247441289915e-177
cbe63b769d975b72	-4.3610710964244024e+57
a9dd21ceb17800bc	-4.961725685059003e-107
9c94d96bf08eec57	-5.395031916404613e-171
8d874075d4b38491	-1.7026683258013399e-243
201f26a15da7fc44	5.808350609986055e-154
e7ca873352bb2805	-9.455703405000325e+191
c0c9e8d847805011	-13265.68968204412
fdc88cd0660da5d9	-8.027830549318453e+297
846b7cc2959a6e5b	-2.2564563103844152e-287
d27d2c1388118a6c	-2.321279920487527e+89
92d68e8223db0f21	-6.389960845678656e-218
05dec9fe40cd964e	2.1202161539333188e-280
b281c6ccc1587fe0	-2.1099818377822476e-65
1a270ef284df52ce	1.0853294416239163e-182
be52142d662e8286	-1.6837211079905275e-8
79bd2e9951a2756e	2.5864939399933752e+278
fef8e7c9a2376fe9	-4.2698195779503573e+303
b687698c2d6e4eb7	-5.126189577151436e-46
73a3418b69d7a402	1.0770931525924724e+249
37a2ff89622e9fa0	1.0904426311975354e-40
8a822eed24a2c102	-4.730494832531897e-258
ecd557238013935b	-1.839158519629088e+216
bd69c6873295ef3b	-7.325837842604705e-13
612bd8c25c412ebb	1.2234372403605186e+160
4b583c70d615597b	9.28542754732701e+54
da7afb2626d14c89	-7.305619349566608e+127
e74d0e09970da4af	-4.045439270508553e+189
5092f903f9e1459a	1.4060099396596976e+80
fb1fcb534cc0e749	-1.1819643045319808e+285
551404fd64f20938	7.006023563564098e+101
9f7661923bc50e30	-4.075345462427636e-157
da6b251167e214d5	-3.6749782985852193e+127
8a6c6b49e7ac51ab	-1.8483490953265147e-258
deb9eb879ae63603	-2.0714455244421017e+148
d8e97a1002cb3965	-2.0558587897440524e+120
d912d956c533510a	-1.2168194244561832e+121
4d5a96e3ef59dd20	4.375300440076323e+64
4b4b5c9e3bc912b2	5.241477540693674e+54
2a7491ddb1a2d2ba	3.587495346525067e-104
95490f40208bf710	-3.902713156736761e-206
9352dca4d0012027	-1.3678810004477376e-215
74b2fe85472b2db4	1.3925726075752747e+254
712a23ba9ef25b94	1.3297958812653939e+237
65969bd46b6454e2	2.345379854920331e+181
def4e7de03efddf9	-2.6731494114554237e+149
f240bbf142e3c4ae	-2.2316710884559684e+242
74b52b35ebaf985c	1.5520025247585923e+254
0c2695ce0d786aa1	3.943093532443854e-250
05a51c5763da4740	1.817175492951452e-281
4d7809f9c4a6f49a	1.5822492170487763e+65
5c828980bbe36479	4.311519062441312e+137
3ae9d62f05aaf119	6.678618784366778e-25
2ab6677d2d6f3e71	6.2518993193835335e-103
9e8e1f01f0ac2776	-1.6737997619848237e-161
fc1977b78f1026c0	-6.2047548526223634e+289
f2c407a43427693c	-6.838237400113546e+244
f910323c15ae7f77	-1.4018771967345698e+275
925eb8b7ec473873	-3.399588857703652e-220
6262e737ee0716d5	8.708490702169806e+165
976ba7db91867473	-7.399415146365963e-196
be0f4517831c4661	-9.100735774537365e-10
71dc12a982a026cd	2.9248514976004827e+240
49417bd1a156714c	7.797976260277127e+44
80871893113c6279	-4.111223411192381e-306
331294c050de24a5	1.1292013397910177e-62
1d131e80a6a71dc1	1.2665170188588255e-168
e6fcf68e7d8c5998	-1.2602088677943893e+188
215b7a278de81828	5.3722235990605764e-148
5346b49e3f73f8f4	1.480064037486116e+93
4dc640823f1e0f49	4.6868155755312446e+66
201d5672d0b9307b	5.4702621032703374e-154
20734f207b7a168b	2.304220286202124e-152
0cc6219ed6453964	3.9565902893036696e-247
5c59bbd00f524661	7.481683442692543e+136
b456f06e213bad23	-1.4617689127660145e-56
c7630aec61e5e793	-7.910015404202812e+35
7feaca18f392f0cc	1.5049749431155655e+308
1cefe729e15c52ac	2.6417014799108026e-169
0a350228e47ab510	1.7079591451522372e-259
e9c563fcf2e2e501	-3.274685866712497e+201
6610d620e649e10a	4.471236343102441e+183
97714bfe7fd44bd9	-9.255713414255869e-196
234d014eeff49f7c	1.2178296276514572e-138
ff7f0f51cc31237b	-1.3631851690049667e+306
e398ddd4fc661965	-6.006102670321319e+171
d61e7ec021083643	-6.994051357957607e+106
dfc8f1c3ffeed65b	-2.612888152219055e+153
81913de963a5911f	-4.022796077330804e-301
e145225ce4de9bbb	-3.714104635170908e+160
c295ed8f9ba271bd	-6027515193500.435
6722d5978f9540bf	6.555982631595285e+188
d7d4dcbec424697f	-1.2843998699414575e+115
687e12baef09f26e	2.195312463372572e+195
f9cf034c2d777c7f	-5.497536494486848e+278
9de75d63bf2bce86	-1.2679277560263757e-164
1996d29bbb7fbc59	2.0981159624304552e-185
d263fe4318d2da56	-7.954470847301688e+88
309f48dae908e718	1.7291455683803935e-74
4898204ddea566a5	5.25421851176006e+41
3c4e0c3d44f389f9	3.2577900767622585e-18
8c5ad0ff1eee207d	-3.7454496039555847e-249
86dc4cade6748a29	-1.2771537424984883e-275
9103a7915bcf5849	-1.037090457287157e-226
a802256a794d749d	-5.756736034387871e-116
2c095132c3cd5685	1.48158558750642e-96
4aa5836ba3db5fef	4.0245520164627315e+51
ccfda47c763110e5	-7.621391961564735e+62
d19ec4932898a2b5	-1.4942946206501744e+85
a50d8692ae2643dd	-3.3277579599013158e-130
ade7ce93d28515a9	-1.4959425120205683e-87
7631bb916934dd30	2.181176527513199e+261
a0c62b59d00a086f	-8.465740052856549e-151
b1f3bd6c0d959623	-4.576216862698669e-68
556498eb094ae137	2.3066387918010153e+103
f8e95ba1a03f5f8f	-2.7435946728889554e+274
321dd76896e2f110	2.7672012880832683e-67
d0d23b706032656e	-2.1618100378989443e+81
bf69d70134bf0d65	-0.0031542800479386506
776b3a6c14f0fd9f	1.755922281781252e+267
63201ffe7b221db1	3.042752831317578e+169
2a101e9b11ae253a	4.392730377551223e-106
7428f87e0fc6b04d	3.5756636025684204e+251
e020e9ea5ea73be4	-1.1338803802338915e+155
82a706292e20f418	-7.041031542213396e-296
24de6569e6151b50	4.2823330166238216e-131
ea98040fa92bb163	-3.0118634283547067e+205
3ff062e046231df6	1.024139665578216
9624283877471489	-5.143292441217884e-202
2f19b22232e22f0c	8.465330370046287e-82
9771052d4d4b2627	-9.107686231279198e-196
18758ee09c929cb4	7.560204410926294e-191
2f8b1df6ca8a866c	1.1434931077859467e-79
d2ae22afc982f392	-1.9183464709508102e+90
69eff52a7e152f6f	1.9569617925950346e+202
a4ecf0f364a33cca	-8.154712187674118e-131
6475d7b70ee84636	8.643757084296725e+175
c3fe2101fc1e5f2e	-34736298843555684000
c88b1eb3c0f848bd	-2.953098906166497e+41
f41e050aa354b5f5	-2.1493277997602604e+251
88abef005c392105	-6.768006278468724e-267
7b2e1c29adc76ffc	2.238704771222391e+285
472133e04afd6a8e	4.4660609900766825e+34
1237f25863ec08a6	6.624729678712989e-221
bdef829afa206cc4	-2.2926671417536506e-10
00aa74188b03328c	1.8835516862784628e-305
470a4085ec460608	1.7038550375658654e+34
bc65192bf74ea7eb	-9.149940839114243e-18
55c910728f2a19b1	1.7964005681127493e+105
4f97a85fe91eb731	2.675171943775786e+75
c0e9916daa4d49ef	-52363.4270388073
6d65a2b7ff56ebee	9.546764547667797e+218
674c659b94117ce4	3.9538328138389996e+189
ca398562a822bd28	-3.729903682550667e+49
0f7f9f8b6d5eb84c	4.972897279903421e-234
f0bbc987b8e6c502	-1.1043884281478949e+235
689011013cb08f79	4.691335076841801e+195
86a883164f8b0613	-1.3827822306473984e-276
c6674757ff3bb231	-1.4754620443010823e+31
a6c7076f83724b3a	-6.967351146544922e-122
88b8a8302a623b0f	-1.1948236778364806e-266
cd7e5c4ed8047995	-1.9983387825039096e+65
b1e8b3ce55b520c6	-2.863317882506752e-68
c41e9a10fccea67e	-141125993314310390000
282f3dbe3c8bd432	3.9644153996929943e-115
87bb51b45c394932	-2.0199993740847216e-271
d6f9441d3129ff20	-9.494150770662086e+110
d772f086a52cf2d7	-1.821915148122227e+113
55b7e2ec94acf539	8.559918249666457e+104
4b71d7bc414b809f	2.7343883157834856e+55
1a577e534631f73d	8.84646117625997e-182
621b01964711d0c2	3.887954002845284e+164
dc3c66864d7d50f0	-2.0642573592520094e+136
0b074b61af0850d4	1.551409062175679e-255
0742c9fd91d59ea3	1.0853709762887388e-273
623c1bc3c9c56741	1.6186562754954226e+165
c083cf3795cb0325	-633.9021411762557
4054e7b248fbf583	83.62025665860533
ff3a5a663aaecbfd	-7.228824952748546e+304
99f258b58e76a927	-1.0794346631919523e-183
311ef54e195f1035	4.380433310406486e-72
90607eb969553d22	-8.499748498191688e-230
10d2511a04d6b022	1.2081280494149171e-227
8881b02b6e156249	-1.0714122003963522e-267
89d84f8785351df3	-3.0881653863098504e-261
f7e6b8763de56842	-3.750982669431713e+269
8d4166b49361799f	-7.964023895275032e-245
360a317674bde5e4	2.240265514968746e-48
c8213d641e349ee2	-2.933201493863006e+39
30fb9ad6378e1bc6	9.764862980537779e-73
6a22961d24c467cd	1.82105035094682e+203
af8fe9b3058dbd0f	-1.3457279249076173e-79
